<?xml version="1.0" encoding="UTF-8"?>
<kml xmlns="http://www.opengis.net/kml/2.2" 
     xmlns:gx="http://www.google.com/kml/ext/2.2">
<Document>
 <name>NOAA HYSPLIT RESULTS</name>
 <open>1</open>
 <LookAt>
  <gx:TimeStamp>
   <when>2026-01-25T00:00:00Z</when>
  </gx:TimeStamp>
  <longitude> -96.3364</longitude>
  <latitude>  30.6190</latitude>
  <altitude>0</altitude>
  <tilt>0</tilt>
  <range>13700</range>
  <gx:altitudeMode>relativeToSeaFloor</gx:altitudeMode>
 </LookAt>
 <Style id="conc1">
  <LineStyle>
   <color>C8000000</color>
  </LineStyle>
  <PolyStyle>
   <color>C8FFFFFF</color>
   <fill>1</fill>
   <outline>1</outline>
  </PolyStyle>
 </Style>
 <Style id="conc2">
  <LineStyle>
   <color>C8000000</color>
  </LineStyle>
  <PolyStyle>
   <color>C8D3AEBE</color>
   <fill>1</fill>
   <outline>1</outline>
  </PolyStyle>
 </Style>
 <Style id="conc3">
  <LineStyle>
   <color>C8000000</color>
  </LineStyle>
  <PolyStyle>
   <color>C800FF00</color>
   <fill>1</fill>
   <outline>1</outline>
  </PolyStyle>
 </Style>
 <Style id="conc4">
  <LineStyle>
   <color>C8000000</color>
  </LineStyle>
  <PolyStyle>
   <color>C8FF0000</color>
   <fill>1</fill>
   <outline>1</outline>
  </PolyStyle>
 </Style>
 <Style id="conc5">
  <LineStyle>
   <color>C8000000</color>
  </LineStyle>
  <PolyStyle>
   <color>C800FFFF</color>
   <fill>1</fill>
   <outline>1</outline>
  </PolyStyle>
 </Style>
 <Style id="conc6">
  <LineStyle>
   <color>C8000000</color>
  </LineStyle>
  <PolyStyle>
   <color>C80099FF</color>
   <fill>1</fill>
   <outline>1</outline>
  </PolyStyle>
 </Style>
 <Style id="conc7">
  <LineStyle>
   <color>C8000000</color>
  </LineStyle>
  <PolyStyle>
   <color>C80000FF</color>
   <fill>1</fill>
   <outline>1</outline>
  </PolyStyle>
 </Style>
 <Style id="maxv">
  <LineStyle>
   <color>FFFFFFFF</color>
   <width>3</width>
  </LineStyle>
  <PolyStyle>
   <fill>0</fill>
  </PolyStyle>
 </Style>
 <Style id="sorc">
  <IconStyle>
   <color>ff0000ff</color>
   <scale>0.8</scale>
   <Icon>
    <href>icon63.png</href>
   </Icon>
   <hotSpot x="0.5" y="0.5" xunits="fraction" yunits="fraction"></hotSpot>
  </IconStyle>
  <LabelStyle>
   <color>ff0000ff</color>
  </LabelStyle>
  <LineStyle>
   <color>c8ffffff</color>
   <width>2</width>
  </LineStyle>
 </Style>
 <Folder>
  <name>Soure Locations</name>
  <visibility>0</visibility>
  <Placemark>
   <description><![CDATA[<pre>
LAT:   30.619040 LON:  -96.336357
Released between    0. and   50.m AGL</pre>]]>
   </description>
   <styleUrl>#sorc</styleUrl>
   <Point>
    <extrude>1</extrude>
    <altitudeMode>clampToGround</altitudeMode>
    <coordinates>-96.336357,30.619040,50.0</coordinates>
   </Point>
  </Placemark>
  <Placemark>
   <description><![CDATA[<pre>
LAT:   30.619040 LON:  -96.336357
Released between    0. and   50.m AGL</pre>]]>
   </description>
   <styleUrl>#sorc</styleUrl>
   <Point>
    <extrude>1</extrude>
    <altitudeMode>clampToGround</altitudeMode>
    <coordinates>-96.336357,30.619040,50.0</coordinates>
   </Point>
  </Placemark>
 </Folder>
 <ScreenOverlay>
  <name>HYSPLIT Information</name>
  <description>NOAA ARL HYSPLIT Model  http://www.arl.noaa.gov/HYSPLIT_info.php</description>
  <Icon>
   <href>logocon.gif</href>
  </Icon>
  <overlayXY x="1" y="1" xunits="fraction" yunits="fraction"/>
  <screenXY x="1" y="1" xunits="fraction" yunits="fraction"/>
  <rotationXY x="0" y="0" xunits="fraction" yunits="fraction"/>
  <size x="0" y="0" xunits="pixels" yunits="pixels"/>
 </ScreenOverlay>
 <ScreenOverlay>
  <name>NOAA</name>
  <Snippet maxLines="0"></Snippet>
  <description>National Oceanic and Atmospheric Administration  http://www.noaa.gov</description>
  <Icon>
   <href>noaa_google.gif</href>
  </Icon>
  <overlayXY x="0" y="1" xunits="fraction" yunits="fraction"/>
  <screenXY x="0.3" y="1" xunits="fraction" yunits="fraction"/>
  <rotationXY x="0" y="0" xunits="fraction" yunits="fraction"/>
  <size x="0" y="0" xunits="pixels" yunits="pixels"/>
 </ScreenOverlay>
 <Folder>
  <name>NOAA NWS kml Weather Data</name>
  <visibility>0</visibility>
  <description>http://weather.gov/gis/  Click on the link 
to access weather related Google Earth overlays from the National Weather Service.
  </description>
 </Folder>
 <Folder>
  <name>NOAA NESDIS kml Smoke/Fire Data</name>
  <visibility>0</visibility>
  <description>http://www.ospo.noaa.gov/Products/land/hms.html Click on the link 
to access wildfire smoke Google Earth overlays from NOAA NESDIS.
  </description>
 </Folder>
 <Folder>
  <name>EPA AIRNow Air Quality Index (AQI)</name>
  <visibility>0</visibility>
  <description>http://www.epa.gov/airnow/today/airnow.kml  Click on the link 
to access AQI data from EPA. The results will appear in the list below.
  </description>
 </Folder>
 <Folder>
  <name><![CDATA[<pre>Concentration 
(Valid:20260125 0100UTC)</pre>]]>
  </name>
  <visibility>1</visibility>
  <open>1</open>
  <description><![CDATA[<pre>
Averaged from 00000 to 00100m
Valid:20260125 0100 UTC
   </pre>]]>
  </description>
  <ScreenOverlay>
   <name>Legend</name>
   <Snippet maxLines="0"></Snippet>
   <TimeSpan>
    <begin>2026-01-25T00:00:00Z</begin>
    <end>2026-01-25T01:00:00Z</end>
   </TimeSpan>
   <Icon>
    <href>GELABEL_01_22130.gif</href>
   </Icon>
   <overlayXY x="0" y="1" xunits="fraction" yunits="fraction"/>
   <screenXY x="0" y="1" xunits="fraction" yunits="fraction"/>
   <rotationXY x="0" y="0" xunits="fraction" yunits="fraction"/>
   <size x="0" y="0" xunits="pixels" yunits="pixels"/>
  </ScreenOverlay>
  <Placemark>
   <name>Contour Level: 3.2E-15 mass/m3</name>
   <Snippet maxLines="0"></Snippet>
   <TimeSpan>
    <begin>2026-01-25T00:00:00Z</begin>
    <end>2026-01-25T01:00:00Z</end>
   </TimeSpan>
   <styleUrl>#conc2</styleUrl>
   <MultiGeometry>
    <Polygon>
     <extrude>1</extrude>
     <altitudeMode>clampToGround</altitudeMode>
     <outerBoundaryIs>
      <LinearRing>
       <coordinates>
-96.47707,30.28172,00100
-96.46651,30.27282,00100
-96.44048,30.26681,00100
-96.41445,30.26855,00100
-96.39688,30.28179,00100
-96.38843,30.28766,00100
-96.36628,30.30429,00100
-96.36240,30.30547,00100
-96.34168,30.32677,00100
-96.33827,30.34925,00100
-96.33715,30.37173,00100
-96.33636,30.38315,00100
-96.31137,30.39421,00100
-96.31030,30.39566,00100
-96.30235,30.41669,00100
-96.28768,30.43917,00100
-96.28631,30.46165,00100
-96.28478,30.48413,00100
-96.28452,30.50661,00100
-96.28432,30.52910,00100
-96.28425,30.55158,00100
-96.28422,30.57406,00100
-96.28422,30.59654,00100
-96.28422,30.61903,00100
-96.28430,30.64151,00100
-96.28465,30.66399,00100
-96.31021,30.68600,00100
-96.33636,30.68267,00100
-96.36250,30.68600,00100
-96.38807,30.66399,00100
-96.38841,30.64151,00100
-96.38850,30.61903,00100
-96.38857,30.59654,00100
-96.38860,30.59367,00100
-96.41037,30.57405,00100
-96.41470,30.57359,00100
-96.43889,30.55155,00100
-96.43970,30.52907,00100
-96.44020,30.50658,00100
-96.44070,30.48410,00100
-96.44071,30.48306,00100
-96.46677,30.46311,00100
-96.46798,30.46159,00100
-96.47999,30.43910,00100
-96.48424,30.41661,00100
-96.48837,30.39412,00100
-96.49096,30.37164,00100
-96.49263,30.34916,00100
-96.49267,30.34901,00100
-96.50967,30.32665,00100
-96.50537,30.30418,00100
-96.49258,30.29507,00100
-96.47707,30.28172,00100
       </coordinates>
      </LinearRing>
     </outerBoundaryIs>
    </Polygon>
   </MultiGeometry>
  </Placemark>
  <Placemark>
   <name>Contour Level: 1.0E-14 mass/m3</name>
   <Snippet maxLines="0"></Snippet>
   <TimeSpan>
    <begin>2026-01-25T00:00:00Z</begin>
    <end>2026-01-25T01:00:00Z</end>
   </TimeSpan>
   <styleUrl>#conc3</styleUrl>
   <MultiGeometry>
    <Polygon>
     <extrude>1</extrude>
     <altitudeMode>clampToGround</altitudeMode>
     <outerBoundaryIs>
      <LinearRing>
       <coordinates>
-96.46699,30.30422,00300
-96.46656,30.30385,00300
-96.44050,30.28882,00300
-96.41447,30.29381,00300
-96.40044,30.30427,00300
-96.38844,30.32021,00300
-96.36240,30.31741,00300
-96.35329,30.32677,00300
-96.34322,30.34925,00300
-96.33954,30.37173,00300
-96.33759,30.39421,00300
-96.33636,30.41033,00300
-96.32981,30.41669,00300
-96.31029,30.42308,00300
-96.29519,30.43917,00300
-96.29089,30.46165,00300
-96.28609,30.48413,00300
-96.28526,30.50661,00300
-96.28468,30.52910,00300
-96.28448,30.55158,00300
-96.28441,30.57406,00300
-96.28442,30.59654,00300
-96.28445,30.61903,00300
-96.28475,30.64151,00300
-96.28587,30.66400,00300
-96.31021,30.68495,00300
-96.33636,30.67442,00300
-96.36250,30.68495,00300
-96.38685,30.66400,00300
-96.38796,30.64151,00300
-96.38826,30.61903,00300
-96.38837,30.59654,00300
-96.38851,30.57406,00300
-96.38858,30.57285,00300
-96.41469,30.56987,00300
-96.43480,30.55155,00300
-96.43742,30.52907,00300
-96.43887,30.50658,00300
-96.43962,30.48410,00300
-96.43988,30.46162,00300
-96.44067,30.45069,00300
-96.45644,30.43912,00300
-96.46597,30.41663,00300
-96.46671,30.41430,00300
-96.47452,30.39414,00300
-96.47504,30.37166,00300
-96.47902,30.34917,00300
-96.48063,30.32669,00300
-96.46699,30.30422,00300
       </coordinates>
      </LinearRing>
     </outerBoundaryIs>
    </Polygon>
   </MultiGeometry>
  </Placemark>
  <Placemark>
   <name>Contour Level: 3.2E-14 mass/m3</name>
   <Snippet maxLines="0"></Snippet>
   <TimeSpan>
    <begin>2026-01-25T00:00:00Z</begin>
    <end>2026-01-25T01:00:00Z</end>
   </TimeSpan>
   <styleUrl>#conc4</styleUrl>
   <MultiGeometry>
    <Polygon>
     <extrude>1</extrude>
     <altitudeMode>clampToGround</altitudeMode>
     <outerBoundaryIs>
      <LinearRing>
       <coordinates>
-96.43973,30.34921,00500
-96.41450,30.32766,00500
-96.38845,30.33430,00500
-96.36241,30.34399,00500
-96.35883,30.34925,00500
-96.34708,30.37173,00500
-96.34332,30.39421,00500
-96.34048,30.41669,00500
-96.33636,30.43617,00500
-96.32908,30.43918,00500
-96.31028,30.45087,00500
-96.30539,30.46165,00500
-96.29023,30.48413,00500
-96.28761,30.50661,00500
-96.28582,30.52910,00500
-96.28521,30.55158,00500
-96.28500,30.57406,00500
-96.28507,30.59654,00500
-96.28520,30.61903,00500
-96.28617,30.64151,00500
-96.28973,30.66400,00500
-96.31021,30.68163,00500
-96.33370,30.66400,00500
-96.33636,30.66361,00500
-96.33901,30.66400,00500
-96.36250,30.68163,00500
-96.38300,30.66400,00500
-96.38655,30.64151,00500
-96.38752,30.61903,00500
-96.38772,30.59654,00500
-96.38791,30.57406,00500
-96.38857,30.56281,00500
-96.41468,30.55811,00500
-96.42187,30.55156,00500
-96.43020,30.52907,00500
-96.43465,30.50659,00500
-96.43623,30.48411,00500
-96.43652,30.46162,00500
-96.43781,30.43914,00500
-96.43870,30.41665,00500
-96.43901,30.39417,00500
-96.44061,30.38609,00500
-96.44881,30.37168,00500
-96.44057,30.35071,00500
-96.43973,30.34921,00500
       </coordinates>
      </LinearRing>
     </outerBoundaryIs>
    </Polygon>
   </MultiGeometry>
  </Placemark>
  <Placemark>
   <name>Contour Level: 1.0E-13 mass/m3</name>
   <Snippet maxLines="0"></Snippet>
   <TimeSpan>
    <begin>2026-01-25T00:00:00Z</begin>
    <end>2026-01-25T01:00:00Z</end>
   </TimeSpan>
   <styleUrl>#conc5</styleUrl>
   <MultiGeometry>
    <Polygon>
     <extrude>1</extrude>
     <altitudeMode>clampToGround</altitudeMode>
     <outerBoundaryIs>
      <LinearRing>
       <coordinates>
-96.39759,30.37172,00700
-96.38847,30.36552,00700
-96.38056,30.37172,00700
-96.36242,30.39131,00700
-96.36146,30.39421,00700
-96.35475,30.41669,00700
-96.34623,30.43918,00700
-96.33658,30.46166,00700
-96.33636,30.46209,00700
-96.31027,30.47574,00700
-96.30330,30.48414,00700
-96.29504,30.50662,00700
-96.28943,30.52910,00700
-96.28751,30.55158,00700
-96.28689,30.57406,00700
-96.28712,30.59654,00700
-96.28756,30.61903,00700
-96.29065,30.64151,00700
-96.30192,30.66400,00700
-96.31022,30.67114,00700
-96.31973,30.66400,00700
-96.33636,30.66155,00700
-96.35297,30.66400,00700
-96.36250,30.67114,00700
-96.37080,30.66400,00700
-96.38206,30.64151,00700
-96.38516,30.61903,00700
-96.38567,30.59654,00700
-96.38602,30.57406,00700
-96.38708,30.55158,00700
-96.38857,30.54589,00700
-96.41092,30.52909,00700
-96.41465,30.52035,00700
-96.42133,30.50660,00700
-96.42548,30.48411,00700
-96.42589,30.46163,00700
-96.42570,30.43915,00700
-96.41793,30.41667,00700
-96.41553,30.39419,00700
-96.41455,30.39136,00700
-96.39759,30.37172,00700
       </coordinates>
      </LinearRing>
     </outerBoundaryIs>
    </Polygon>
   </MultiGeometry>
  </Placemark>
  <Placemark>
   <name>Contour Level: 3.2E-13 mass/m3</name>
   <Snippet maxLines="0"></Snippet>
   <TimeSpan>
    <begin>2026-01-25T00:00:00Z</begin>
    <end>2026-01-25T01:00:00Z</end>
   </TimeSpan>
   <styleUrl>#conc6</styleUrl>
   <MultiGeometry>
    <Polygon>
     <extrude>1</extrude>
     <altitudeMode>clampToGround</altitudeMode>
     <outerBoundaryIs>
      <LinearRing>
       <coordinates>
-96.40076,30.46164,00900
-96.38851,30.44384,00900
-96.36982,30.46165,00900
-96.36244,30.47534,00900
-96.35766,30.48414,00900
-96.33636,30.49233,00900
-96.31635,30.50662,00900
-96.31026,30.51333,00900
-96.30082,30.52910,00900
-96.29478,30.55158,00900
-96.29285,30.57406,00900
-96.29362,30.59654,00900
-96.29503,30.61903,00900
-96.30482,30.64152,00900
-96.31023,30.64886,00900
-96.33636,30.65506,00900
-96.36249,30.64888,00900
-96.36790,30.64152,00900
-96.37770,30.61903,00900
-96.37917,30.59654,00900
-96.38004,30.57406,00900
-96.37976,30.55158,00900
-96.38255,30.52910,00900
-96.37835,30.50662,00900
-96.38854,30.49606,00900
-96.39664,30.48413,00900
-96.40076,30.46164,00900
       </coordinates>
      </LinearRing>
     </outerBoundaryIs>
    </Polygon>
   </MultiGeometry>
  </Placemark>
  <Placemark>
   <name>Contour Level: 1.0E-12 mass/m3</name>
   <Snippet maxLines="0"></Snippet>
   <TimeSpan>
    <begin>2026-01-25T00:00:00Z</begin>
    <end>2026-01-25T01:00:00Z</end>
   </TimeSpan>
   <styleUrl>#conc7</styleUrl>
   <MultiGeometry>
    <Polygon>
     <extrude>1</extrude>
     <altitudeMode>clampToGround</altitudeMode>
     <outerBoundaryIs>
      <LinearRing>
       <coordinates>
-96.35664,30.55159,01100
-96.33636,30.53627,01100
-96.31734,30.55159,01100
-96.31137,30.57407,01100
-96.31568,30.59655,01100
-96.31852,30.61904,01100
-96.33636,30.63460,01100
-96.35423,30.61904,01100
-96.35711,30.59655,01100
-96.36143,30.57407,01100
-96.35664,30.55159,01100
       </coordinates>
      </LinearRing>
     </outerBoundaryIs>
    </Polygon>
   </MultiGeometry>
  </Placemark>
  <Placemark>
   <name>Maximum Value Grid Cell</name>
   <Snippet maxLines="0"></Snippet>
   <description><![CDATA[<pre>
LAT:   30.5741 LON:  -96.3364
Value: 2.2E-12
      The square represents the location
      of maximum concentration and the
      size of the square represents the
      concentration grid cell size.
    </pre>]]>
   </description>
   <TimeSpan>
    <begin>2026-01-25T00:00:00Z</begin>
    <end>2026-01-25T01:00:00Z</end>
   </TimeSpan>
   <styleUrl>#maxv</styleUrl>
   <Polygon>
    <extrude>1</extrude>
    <altitudeMode>clampToGround</altitudeMode>
    <outerBoundaryIs>
     <LinearRing>
      <coordinates>
        -96.36246,30.55159,00100
        -96.31025,30.55159,00100
        -96.31024,30.59655,00100
        -96.36247,30.59655,00100
        -96.36246,30.55159,00100
      </coordinates>
     </LinearRing>
    </outerBoundaryIs>
   </Polygon>
  </Placemark>
 </Folder>
 <Folder>
  <name><![CDATA[<pre>Concentration 
(Valid:20260125 0200UTC)</pre>]]>
  </name>
  <visibility>0</visibility>
  <description><![CDATA[<pre>
Averaged from 00000 to 00100m
Valid:20260125 0200 UTC
   </pre>]]>
  </description>
  <ScreenOverlay>
   <name>Legend</name>
   <Snippet maxLines="0"></Snippet>
   <TimeSpan>
    <begin>2026-01-25T01:00:00Z</begin>
    <end>2026-01-25T02:00:00Z</end>
   </TimeSpan>
   <Icon>
    <href>GELABEL_02_22130.gif</href>
   </Icon>
   <overlayXY x="0" y="1" xunits="fraction" yunits="fraction"/>
   <screenXY x="0" y="1" xunits="fraction" yunits="fraction"/>
   <rotationXY x="0" y="0" xunits="fraction" yunits="fraction"/>
   <size x="0" y="0" xunits="pixels" yunits="pixels"/>
  </ScreenOverlay>
  <Placemark>
   <name>Contour Level: 3.2E-15 mass/m3</name>
   <Snippet maxLines="0"></Snippet>
   <TimeSpan>
    <begin>2026-01-25T01:00:00Z</begin>
    <end>2026-01-25T02:00:00Z</end>
   </TimeSpan>
   <styleUrl>#conc2</styleUrl>
   <MultiGeometry>
    <Polygon>
     <extrude>1</extrude>
     <altitudeMode>clampToGround</altitudeMode>
     <outerBoundaryIs>
      <LinearRing>
       <coordinates>
-96.56188,29.94438,00100
-96.54389,29.93783,00100
-96.51797,29.94357,00100
-96.51665,29.94446,00100
-96.49559,29.96696,00100
-96.49206,29.96788,00100
-96.46611,29.97239,00100
-96.44018,29.98862,00100
-96.43942,29.98950,00100
-96.44019,29.99082,00100
-96.44294,30.01198,00100
-96.44021,30.01611,00100
-96.41426,30.03188,00100
-96.41110,30.03448,00100
-96.39712,30.05697,00100
-96.39043,30.07945,00100
-96.38832,30.08529,00100
-96.37472,30.10195,00100
-96.38738,30.12442,00100
-96.36235,30.13496,00100
-96.35490,30.14691,00100
-96.34504,30.16939,00100
-96.34206,30.19187,00100
-96.33928,30.21435,00100
-96.33736,30.23684,00100
-96.33656,30.25932,00100
-96.33643,30.28180,00100
-96.33636,30.28552,00100
-96.32004,30.30429,00100
-96.31092,30.32677,00100
-96.31031,30.32839,00100
-96.30530,30.34924,00100
-96.29606,30.37173,00100
-96.29156,30.39420,00100
-96.28982,30.41669,00100
-96.28559,30.43917,00100
-96.28506,30.46165,00100
-96.28452,30.48413,00100
-96.28439,30.50661,00100
-96.28429,30.52910,00100
-96.28424,30.55158,00100
-96.28422,30.57406,00100
-96.28421,30.59654,00100
-96.28420,30.61903,00100
-96.28428,30.64151,00100
-96.28458,30.66399,00100
-96.31021,30.68605,00100
-96.33636,30.68313,00100
-96.36250,30.68605,00100
-96.38814,30.66399,00100
-96.38844,30.64151,00100
-96.38851,30.61903,00100
-96.38857,30.59654,00100
-96.38859,30.59253,00100
-96.40910,30.57405,00100
-96.41470,30.57369,00100
-96.43953,30.55155,00100
-96.44007,30.52907,00100
-96.44043,30.50658,00100
-96.44072,30.49011,00100
-96.44975,30.48409,00100
-96.46679,30.47700,00100
-96.48119,30.46158,00100
-96.48742,30.43909,00100
-96.49052,30.41660,00100
-96.49275,30.40205,00100
-96.51545,30.39409,00100
-96.51880,30.38957,00100
-96.53477,30.37158,00100
-96.54481,30.36333,00100
-96.55807,30.34906,00100
-96.56895,30.32656,00100
-96.57076,30.32363,00100
-96.58575,30.30405,00100
-96.58813,30.28156,00100
-96.59218,30.25907,00100
-96.59661,30.25028,00100
-96.61092,30.23655,00100
-96.61739,30.21405,00100
-96.62251,30.20485,00100
-96.63800,30.19152,00100
-96.64843,30.17784,00100
-96.65734,30.16900,00100
-96.65466,30.14652,00100
-96.65708,30.12403,00100
-96.67419,30.10490,00100
-96.67842,30.10150,00100
-96.70011,30.08813,00100
-96.70658,30.07894,00100
-96.70793,30.05645,00100
-96.70266,30.03399,00100
-96.69984,30.01602,00100
-96.69685,30.01152,00100
-96.67384,30.00611,00100
-96.64788,30.00583,00100
-96.62546,29.98923,00100
-96.62186,29.98721,00100
-96.60075,29.96679,00100
-96.59584,29.96040,00100
-96.56986,29.94924,00100
-96.56188,29.94438,00100
       </coordinates>
      </LinearRing>
     </outerBoundaryIs>
    </Polygon>
   </MultiGeometry>
  </Placemark>
  <Placemark>
   <name>Contour Level: 1.0E-14 mass/m3</name>
   <Snippet maxLines="0"></Snippet>
   <TimeSpan>
    <begin>2026-01-25T01:00:00Z</begin>
    <end>2026-01-25T02:00:00Z</end>
   </TimeSpan>
   <styleUrl>#conc3</styleUrl>
   <MultiGeometry>
    <Polygon>
     <extrude>1</extrude>
     <altitudeMode>clampToGround</altitudeMode>
     <outerBoundaryIs>
      <LinearRing>
       <coordinates>
-96.57166,29.98933,00300
-96.56996,29.98827,00300
-96.54398,29.97888,00300
-96.51803,29.97956,00300
-96.49209,29.98735,00300
-96.48712,29.98946,00300
-96.46615,30.00106,00300
-96.45919,30.01196,00300
-96.44341,30.03446,00300
-96.44023,30.03844,00300
-96.42038,30.05696,00300
-96.41428,30.06450,00300
-96.40441,30.07945,00300
-96.39402,30.10194,00300
-96.39306,30.12442,00300
-96.38834,30.13218,00300
-96.37020,30.14691,00300
-96.36510,30.16939,00300
-96.36237,30.17312,00300
-96.35665,30.19187,00300
-96.35047,30.21435,00300
-96.34154,30.23684,00300
-96.33906,30.25932,00300
-96.33801,30.28180,00300
-96.33729,30.30429,00300
-96.33692,30.32677,00300
-96.33665,30.34925,00300
-96.33636,30.37173,00300
-96.33636,30.37185,00300
-96.31030,30.38771,00300
-96.30743,30.39421,00300
-96.30193,30.41669,00300
-96.28860,30.43917,00300
-96.28696,30.46165,00300
-96.28527,30.48413,00300
-96.28485,30.50661,00300
-96.28458,30.52910,00300
-96.28445,30.55158,00300
-96.28440,30.57406,00300
-96.28440,30.59654,00300
-96.28442,30.61903,00300
-96.28467,30.64151,00300
-96.28565,30.66399,00300
-96.31021,30.68513,00300
-96.33636,30.67588,00300
-96.36250,30.68513,00300
-96.38706,30.66399,00300
-96.38805,30.64151,00300
-96.38830,30.61903,00300
-96.38838,30.59654,00300
-96.38850,30.57406,00300
-96.38858,30.57313,00300
-96.41470,30.57128,00300
-96.43681,30.55155,00300
-96.43858,30.52907,00300
-96.43963,30.50658,00300
-96.44019,30.48410,00300
-96.44050,30.46162,00300
-96.44068,30.45976,00300
-96.46676,30.45357,00300
-96.47575,30.43911,00300
-96.48520,30.41661,00300
-96.49035,30.39412,00300
-96.49271,30.37456,00300
-96.49576,30.37163,00300
-96.51874,30.35904,00300
-96.53030,30.34910,00300
-96.54151,30.32660,00300
-96.54470,30.31604,00300
-96.55167,30.30411,00300
-96.56618,30.28160,00300
-96.56979,30.25911,00300
-96.57060,30.25624,00300
-96.58195,30.23661,00300
-96.58870,30.21411,00300
-96.59371,30.19162,00300
-96.59644,30.18277,00300
-96.60349,30.16912,00300
-96.61082,30.14662,00300
-96.61454,30.12413,00300
-96.61618,30.10165,00300
-96.61298,30.07917,00300
-96.60551,30.05671,00300
-96.60349,30.03423,00300
-96.60072,30.01175,00300
-96.59596,30.00696,00300
-96.57166,29.98933,00300
       </coordinates>
      </LinearRing>
     </outerBoundaryIs>
    </Polygon>
   </MultiGeometry>
  </Placemark>
  <Placemark>
   <name>Contour Level: 3.2E-14 mass/m3</name>
   <Snippet maxLines="0"></Snippet>
   <TimeSpan>
    <begin>2026-01-25T01:00:00Z</begin>
    <end>2026-01-25T02:00:00Z</end>
   </TimeSpan>
   <styleUrl>#conc4</styleUrl>
   <MultiGeometry>
    <Polygon>
     <extrude>1</extrude>
     <altitudeMode>clampToGround</altitudeMode>
     <outerBoundaryIs>
      <LinearRing>
       <coordinates>
-96.53149,30.03436,00500
-96.51813,30.02921,00500
-96.50298,30.03440,00500
-96.49217,30.03648,00500
-96.46622,30.05184,00500
-96.46188,30.05692,00500
-96.44577,30.07942,00500
-96.44028,30.08454,00500
-96.42085,30.10193,00500
-96.41432,30.11231,00500
-96.40808,30.12441,00500
-96.39539,30.14690,00500
-96.39441,30.16938,00500
-96.38837,30.18106,00500
-96.37654,30.19187,00500
-96.38085,30.21435,00500
-96.36238,30.22637,00500
-96.35474,30.23684,00500
-96.34696,30.25932,00500
-96.34303,30.28180,00500
-96.34108,30.30429,00500
-96.33972,30.32677,00500
-96.33900,30.34925,00500
-96.33815,30.37173,00500
-96.33727,30.39421,00500
-96.33636,30.41005,00500
-96.33038,30.41669,00500
-96.31029,30.42522,00500
-96.29810,30.43917,00500
-96.29294,30.46165,00500
-96.28763,30.48413,00500
-96.28632,30.50661,00500
-96.28548,30.52910,00500
-96.28512,30.55158,00500
-96.28498,30.57406,00500
-96.28501,30.59654,00500
-96.28510,30.61903,00500
-96.28592,30.64151,00500
-96.28905,30.66400,00500
-96.31021,30.68221,00500
-96.33448,30.66400,00500
-96.33636,30.66372,00500
-96.33823,30.66400,00500
-96.36250,30.68221,00500
-96.38367,30.66400,00500
-96.38680,30.64151,00500
-96.38762,30.61903,00500
-96.38777,30.59654,00500
-96.38792,30.57406,00500
-96.38858,30.56671,00500
-96.41469,30.56363,00500
-96.42822,30.55156,00500
-96.43385,30.52907,00500
-96.43709,30.50658,00500
-96.43826,30.48410,00500
-96.43884,30.46162,00500
-96.44067,30.44350,00500
-96.44750,30.43913,00500
-96.46671,30.41927,00500
-96.46840,30.41663,00500
-96.48048,30.39413,00500
-96.48348,30.37165,00500
-96.49055,30.34916,00500
-96.49266,30.34261,00500
-96.50938,30.32665,00500
-96.51865,30.31164,00500
-96.52470,30.30415,00500
-96.53682,30.28164,00500
-96.54122,30.25916,00500
-96.54139,30.23668,00500
-96.54358,30.21419,00500
-96.54446,30.20277,00500
-96.54716,30.19170,00500
-96.55661,30.16921,00500
-96.56645,30.14671,00500
-96.56834,30.12422,00500
-96.56969,30.10174,00500
-96.56218,30.07927,00500
-96.55734,30.05680,00500
-96.54411,30.03835,00500
-96.53149,30.03436,00500
       </coordinates>
      </LinearRing>
     </outerBoundaryIs>
    </Polygon>
   </MultiGeometry>
  </Placemark>
  <Placemark>
   <name>Contour Level: 1.0E-13 mass/m3</name>
   <Snippet maxLines="0"></Snippet>
   <TimeSpan>
    <begin>2026-01-25T01:00:00Z</begin>
    <end>2026-01-25T02:00:00Z</end>
   </TimeSpan>
   <styleUrl>#conc5</styleUrl>
   <MultiGeometry>
    <Polygon>
     <extrude>1</extrude>
     <altitudeMode>clampToGround</altitudeMode>
     <outerBoundaryIs>
      <LinearRing>
       <coordinates>
-96.50304,30.10184,00700
-96.49226,30.09575,00700
-96.47890,30.10188,00700
-96.46630,30.11050,00700
-96.45749,30.12437,00700
-96.44035,30.14401,00700
-96.43722,30.14687,00700
-96.42338,30.16936,00700
-96.41438,30.18991,00700
-96.41384,30.19185,00700
-96.40605,30.21434,00700
-96.38993,30.23683,00700
-96.38840,30.23838,00700
-96.36961,30.25931,00700
-96.36239,30.27360,00700
-96.35890,30.28180,00700
-96.35306,30.30429,00700
-96.34856,30.32677,00700
-96.34642,30.34925,00700
-96.34382,30.37173,00700
-96.34242,30.39421,00700
-96.34061,30.41669,00700
-96.33713,30.43918,00700
-96.33636,30.44098,00700
-96.31132,30.46165,00700
-96.31027,30.46254,00700
-96.29507,30.48414,00700
-96.29099,30.50661,00700
-96.28834,30.52910,00700
-96.28724,30.55158,00700
-96.28681,30.57406,00700
-96.28693,30.59654,00700
-96.28723,30.61903,00700
-96.28986,30.64151,00700
-96.29977,30.66400,00700
-96.31022,30.67299,00700
-96.32220,30.66400,00700
-96.33636,30.66192,00700
-96.35052,30.66400,00700
-96.36250,30.67299,00700
-96.37295,30.66400,00700
-96.38286,30.64151,00700
-96.38549,30.61903,00700
-96.38584,30.59654,00700
-96.38608,30.57406,00700
-96.38802,30.55158,00700
-96.38857,30.55013,00700
-96.41467,30.53719,00700
-96.41889,30.52908,00700
-96.42907,30.50659,00700
-96.43217,30.48411,00700
-96.43357,30.46162,00700
-96.43591,30.43914,00700
-96.43739,30.41666,00700
-96.44062,30.40229,00700
-96.44960,30.39416,00700
-96.46161,30.37167,00700
-96.46664,30.36099,00700
-96.47449,30.34918,00700
-96.48032,30.32669,00700
-96.48486,30.30420,00700
-96.49257,30.28590,00700
-96.49636,30.28170,00700
-96.50253,30.25921,00700
-96.50783,30.23673,00700
-96.51038,30.21424,00700
-96.51176,30.19176,00700
-96.51127,30.16928,00700
-96.51376,30.14679,00700
-96.51329,30.12431,00700
-96.50304,30.10184,00700
       </coordinates>
      </LinearRing>
     </outerBoundaryIs>
    </Polygon>
   </MultiGeometry>
  </Placemark>
  <Placemark>
   <name>Contour Level: 3.2E-13 mass/m3</name>
   <Snippet maxLines="0"></Snippet>
   <TimeSpan>
    <begin>2026-01-25T01:00:00Z</begin>
    <end>2026-01-25T02:00:00Z</end>
   </TimeSpan>
   <styleUrl>#conc6</styleUrl>
   <MultiGeometry>
    <Polygon>
     <extrude>1</extrude>
     <altitudeMode>clampToGround</altitudeMode>
     <outerBoundaryIs>
      <LinearRing>
       <coordinates>
-96.44456,30.30424,00900
-96.44050,30.28305,00900
-96.41447,30.29468,00900
-96.38844,30.30370,00900
-96.38797,30.30428,00900
-96.38287,30.32676,00900
-96.37103,30.34924,00900
-96.36242,30.36937,00900
-96.36174,30.37173,00900
-96.35875,30.39421,00900
-96.35516,30.41669,00900
-96.35114,30.43918,00900
-96.34310,30.46166,00900
-96.33636,30.47996,00900
-96.33138,30.48414,00900
-96.31026,30.49618,00900
-96.30572,30.50662,00900
-96.29737,30.52910,00900
-96.29393,30.55158,00900
-96.29262,30.57406,00900
-96.29303,30.59654,00900
-96.29398,30.61903,00900
-96.30232,30.64151,00900
-96.31022,30.65227,00900
-96.33636,30.65620,00900
-96.36250,30.65228,00900
-96.37040,30.64151,00900
-96.37875,30.61903,00900
-96.37975,30.59654,00900
-96.38026,30.57406,00900
-96.38129,30.55158,00900
-96.38856,30.53218,00900
-96.39270,30.52909,00900
-96.40146,30.50661,00900
-96.41335,30.48412,00900
-96.41461,30.47541,00900
-96.41693,30.46163,00900
-96.41946,30.43915,00900
-96.41761,30.41667,00900
-96.42090,30.39418,00900
-96.42336,30.37170,00900
-96.42444,30.34922,00900
-96.44055,30.33489,00900
-96.44617,30.32672,00900
-96.44456,30.30424,00900
       </coordinates>
      </LinearRing>
     </outerBoundaryIs>
    </Polygon>
   </MultiGeometry>
  </Placemark>
  <Placemark>
   <name>Contour Level: 1.0E-12 mass/m3</name>
   <Snippet maxLines="0"></Snippet>
   <TimeSpan>
    <begin>2026-01-25T01:00:00Z</begin>
    <end>2026-01-25T02:00:00Z</end>
   </TimeSpan>
   <styleUrl>#conc7</styleUrl>
   <MultiGeometry>
    <Polygon>
     <extrude>1</extrude>
     <altitudeMode>clampToGround</altitudeMode>
     <outerBoundaryIs>
      <LinearRing>
       <coordinates>
-96.34089,30.52911,01100
-96.33636,30.52294,01100
-96.33360,30.52911,01100
-96.31510,30.55159,01100
-96.31081,30.57407,01100
-96.31303,30.59655,01100
-96.31498,30.61904,01100
-96.33636,30.63816,01100
-96.35777,30.61904,01100
-96.35976,30.59655,01100
-96.36198,30.57407,01100
-96.35975,30.55159,01100
-96.34089,30.52911,01100
       </coordinates>
      </LinearRing>
     </outerBoundaryIs>
    </Polygon>
   </MultiGeometry>
  </Placemark>
  <Placemark>
   <name>Maximum Value Grid Cell</name>
   <Snippet maxLines="0"></Snippet>
   <description><![CDATA[<pre>
LAT:   30.5741 LON:  -96.3364
Value: 2.2E-12
      The square represents the location
      of maximum concentration and the
      size of the square represents the
      concentration grid cell size.
    </pre>]]>
   </description>
   <TimeSpan>
    <begin>2026-01-25T01:00:00Z</begin>
    <end>2026-01-25T02:00:00Z</end>
   </TimeSpan>
   <styleUrl>#maxv</styleUrl>
   <Polygon>
    <extrude>1</extrude>
    <altitudeMode>clampToGround</altitudeMode>
    <outerBoundaryIs>
     <LinearRing>
      <coordinates>
        -96.36246,30.55159,00100
        -96.31025,30.55159,00100
        -96.31024,30.59655,00100
        -96.36247,30.59655,00100
        -96.36246,30.55159,00100
      </coordinates>
     </LinearRing>
    </outerBoundaryIs>
   </Polygon>
  </Placemark>
 </Folder>
 <Folder>
  <name><![CDATA[<pre>Concentration 
(Valid:20260125 0300UTC)</pre>]]>
  </name>
  <visibility>0</visibility>
  <description><![CDATA[<pre>
Averaged from 00000 to 00100m
Valid:20260125 0300 UTC
   </pre>]]>
  </description>
  <ScreenOverlay>
   <name>Legend</name>
   <Snippet maxLines="0"></Snippet>
   <TimeSpan>
    <begin>2026-01-25T02:00:00Z</begin>
    <end>2026-01-25T03:00:00Z</end>
   </TimeSpan>
   <Icon>
    <href>GELABEL_03_22130.gif</href>
   </Icon>
   <overlayXY x="0" y="1" xunits="fraction" yunits="fraction"/>
   <screenXY x="0" y="1" xunits="fraction" yunits="fraction"/>
   <rotationXY x="0" y="0" xunits="fraction" yunits="fraction"/>
   <size x="0" y="0" xunits="pixels" yunits="pixels"/>
  </ScreenOverlay>
  <Placemark>
   <name>Contour Level: 3.2E-15 mass/m3</name>
   <Snippet maxLines="0"></Snippet>
   <TimeSpan>
    <begin>2026-01-25T02:00:00Z</begin>
    <end>2026-01-25T03:00:00Z</end>
   </TimeSpan>
   <styleUrl>#conc2</styleUrl>
   <MultiGeometry>
    <Polygon>
     <extrude>1</extrude>
     <altitudeMode>clampToGround</altitudeMode>
     <outerBoundaryIs>
      <LinearRing>
       <coordinates>
-96.65680,29.56203,00100
-96.64642,29.54815,00100
-96.62060,29.55304,00100
-96.61508,29.56212,00100
-96.61226,29.58461,00100
-96.60477,29.60711,00100
-96.59492,29.61140,00100
-96.56908,29.62204,00100
-96.56227,29.62966,00100
-96.54739,29.65217,00100
-96.54558,29.67465,00100
-96.54334,29.67713,00100
-96.51748,29.68119,00100
-96.49507,29.69720,00100
-96.49548,29.71968,00100
-96.49168,29.72915,00100
-96.47729,29.74218,00100
-96.47465,29.76467,00100
-96.46584,29.76830,00100
-96.44576,29.78717,00100
-96.44434,29.80966,00100
-96.44026,29.83214,00100
-96.44002,29.83418,00100
-96.43130,29.85463,00100
-96.43499,29.87710,00100
-96.42051,29.89959,00100
-96.44011,29.92140,00100
-96.44022,29.92206,00100
-96.44011,29.92229,00100
-96.41418,29.93568,00100
-96.40633,29.94456,00100
-96.40068,29.96705,00100
-96.38827,29.98649,00100
-96.38480,29.98954,00100
-96.38827,29.99347,00100
-96.39184,30.01201,00100
-96.38828,30.02131,00100
-96.37408,30.03450,00100
-96.37128,30.05698,00100
-96.36323,30.07946,00100
-96.36234,30.08159,00100
-96.35172,30.10195,00100
-96.34512,30.12443,00100
-96.34283,30.14691,00100
-96.34032,30.16939,00100
-96.33905,30.19187,00100
-96.33776,30.21435,00100
-96.33701,30.23684,00100
-96.33636,30.25163,00100
-96.32801,30.25932,00100
-96.31907,30.28180,00100
-96.31032,30.29790,00100
-96.30857,30.30429,00100
-96.30498,30.32676,00100
-96.30453,30.34924,00100
-96.29331,30.37172,00100
-96.28879,30.39420,00100
-96.28741,30.41669,00100
-96.28529,30.43917,00100
-96.28493,30.46165,00100
-96.28449,30.48413,00100
-96.28437,30.50661,00100
-96.28429,30.52910,00100
-96.28424,30.55158,00100
-96.28422,30.57406,00100
-96.28421,30.59654,00100
-96.28421,30.61903,00100
-96.28428,30.64151,00100
-96.28459,30.66399,00100
-96.31021,30.68604,00100
-96.33636,30.68307,00100
-96.36250,30.68604,00100
-96.38812,30.66399,00100
-96.38844,30.64151,00100
-96.38850,30.61903,00100
-96.38853,30.59654,00100
-96.38857,30.57406,00100
-96.38858,30.57391,00100
-96.41470,30.57302,00100
-96.43916,30.55155,00100
-96.43987,30.52907,00100
-96.44041,30.50658,00100
-96.44073,30.49678,00100
-96.45979,30.48409,00100
-96.46679,30.47968,00100
-96.48243,30.46158,00100
-96.48989,30.43909,00100
-96.49257,30.41660,00100
-96.49277,30.41500,00100
-96.51589,30.39409,00100
-96.51747,30.37160,00100
-96.51876,30.37004,00100
-96.53675,30.34909,00100
-96.53945,30.32661,00100
-96.54469,30.31236,00100
-96.56364,30.30409,00100
-96.57071,30.29931,00100
-96.58163,30.28157,00100
-96.59199,30.25907,00100
-96.59660,30.24693,00100
-96.60682,30.23656,00100
-96.61691,30.21405,00100
-96.62251,30.20708,00100
-96.64005,30.19152,00100
-96.64845,30.18079,00100
-96.66311,30.16898,00100
-96.67438,30.15965,00100
-96.69164,30.14643,00100
-96.70030,30.13888,00100
-96.71252,30.12388,00100
-96.72618,30.11091,00100
-96.73592,30.10134,00100
-96.74104,30.07884,00100
-96.74746,30.05634,00100
-96.75041,30.03385,00100
-96.75181,30.02469,00100
-96.75612,30.01134,00100
-96.76426,29.98884,00100
-96.76739,29.96635,00100
-96.77365,29.94384,00100
-96.77056,29.92137,00100
-96.77723,29.90562,00100
-96.78830,29.89883,00100
-96.80302,29.87660,00100
-96.80332,29.87630,00100
-96.80862,29.85380,00100
-96.82877,29.84037,00100
-96.84246,29.83119,00100
-96.83926,29.80873,00100
-96.82858,29.80347,00100
-96.81222,29.80883,00100
-96.80334,29.83134,00100
-96.80282,29.83242,00100
-96.80256,29.83134,00100
-96.79707,29.80888,00100
-96.79676,29.78640,00100
-96.79173,29.76394,00100
-96.80112,29.74142,00100
-96.80236,29.73754,00100
-96.80838,29.71892,00100
-96.80222,29.70823,00100
-96.79057,29.69650,00100
-96.77625,29.68844,00100
-96.76289,29.67412,00100
-96.75101,29.65168,00100
-96.75021,29.65068,00100
-96.72433,29.64461,00100
-96.71146,29.65180,00100
-96.69852,29.66105,00100
-96.68838,29.65187,00100
-96.67258,29.64183,00100
-96.66087,29.62946,00100
-96.65180,29.60700,00100
-96.65621,29.58451,00100
-96.65680,29.56203,00100
       </coordinates>
      </LinearRing>
     </outerBoundaryIs>
    </Polygon>
   </MultiGeometry>
  </Placemark>
  <Placemark>
   <name>Contour Level: 1.0E-14 mass/m3</name>
   <Snippet maxLines="0"></Snippet>
   <TimeSpan>
    <begin>2026-01-25T02:00:00Z</begin>
    <end>2026-01-25T03:00:00Z</end>
   </TimeSpan>
   <styleUrl>#conc3</styleUrl>
   <MultiGeometry>
    <Polygon>
     <extrude>1</extrude>
     <altitudeMode>clampToGround</altitudeMode>
     <outerBoundaryIs>
      <LinearRing>
       <coordinates>
-96.63990,29.65199,00300
-96.62086,29.64546,00300
-96.59499,29.64271,00300
-96.57377,29.65212,00300
-96.56916,29.65473,00300
-96.55800,29.67463,00300
-96.54337,29.69080,00300
-96.53178,29.69715,00300
-96.51753,29.71334,00300
-96.51353,29.71966,00300
-96.51453,29.74214,00300
-96.51096,29.76462,00300
-96.49176,29.77872,00300
-96.47859,29.78714,00300
-96.46588,29.79805,00300
-96.45881,29.80964,00300
-96.45326,29.83213,00300
-96.45033,29.85461,00300
-96.44753,29.87709,00300
-96.44009,29.89798,00300
-96.43880,29.89958,00300
-96.44009,29.90101,00300
-96.44359,29.92206,00300
-96.44012,29.92934,00300
-96.42171,29.94455,00300
-96.42654,29.96703,00300
-96.41422,29.98168,00300
-96.40839,29.98952,00300
-96.40244,30.01201,00300
-96.39298,30.03449,00300
-96.39082,30.05698,00300
-96.38857,30.07945,00300
-96.38831,30.08009,00300
-96.36864,30.10195,00300
-96.36433,30.12442,00300
-96.36235,30.12860,00300
-96.35683,30.14691,00300
-96.34888,30.16939,00300
-96.34595,30.19187,00300
-96.34313,30.21435,00300
-96.34027,30.23684,00300
-96.33849,30.25932,00300
-96.33757,30.28180,00300
-96.33680,30.30429,00300
-96.33656,30.32677,00300
-96.33662,30.34925,00300
-96.33646,30.37173,00300
-96.33636,30.37304,00300
-96.31030,30.37401,00300
-96.29864,30.39421,00300
-96.29431,30.41669,00300
-96.28764,30.43917,00300
-96.28651,30.46165,00300
-96.28517,30.48413,00300
-96.28480,30.50661,00300
-96.28456,30.52910,00300
-96.28445,30.55158,00300
-96.28440,30.57406,00300
-96.28441,30.59654,00300
-96.28442,30.61903,00300
-96.28468,30.64151,00300
-96.28568,30.66399,00300
-96.31021,30.68511,00300
-96.33636,30.67567,00300
-96.36250,30.68511,00300
-96.38703,30.66399,00300
-96.38803,30.64151,00300
-96.38829,30.61903,00300
-96.38834,30.59654,00300
-96.38838,30.57406,00300
-96.38858,30.57135,00300
-96.41470,30.56993,00300
-96.43565,30.55155,00300
-96.43797,30.52907,00300
-96.43945,30.50658,00300
-96.44032,30.48410,00300
-96.44069,30.46179,00300
-96.44103,30.46162,00300
-96.46676,30.45530,00300
-96.47744,30.43910,00300
-96.48631,30.41661,00300
-96.49063,30.39412,00300
-96.49272,30.37966,00300
-96.49860,30.37163,00300
-96.51713,30.34912,00300
-96.51871,30.34046,00300
-96.52103,30.32664,00300
-96.53822,30.30413,00300
-96.54465,30.29322,00300
-96.55856,30.28161,00300
-96.57004,30.25911,00300
-96.57061,30.25821,00300
-96.58447,30.23660,00300
-96.59084,30.21411,00300
-96.59647,30.19683,00300
-96.60077,30.19161,00300
-96.61243,30.16910,00300
-96.62237,30.15841,00300
-96.63741,30.14656,00300
-96.64828,30.12959,00300
-96.65387,30.12404,00300
-96.67421,30.11192,00300
-96.69230,30.10147,00300
-96.70015,30.09771,00300
-96.71545,30.07891,00300
-96.72108,30.05642,00300
-96.72497,30.03392,00300
-96.72395,30.01145,00300
-96.72576,30.00452,00300
-96.73625,29.98893,00300
-96.73377,29.96646,00300
-96.74477,29.94394,00300
-96.75136,29.92144,00300
-96.75137,29.92115,00300
-96.75172,29.89896,00300
-96.76004,29.87645,00300
-96.75815,29.85397,00300
-96.75099,29.83298,00300
-96.75056,29.83152,00300
-96.75096,29.82585,00300
-96.75230,29.80903,00300
-96.76168,29.78652,00300
-96.76389,29.76403,00300
-96.75744,29.74157,00300
-96.75053,29.72492,00300
-96.74271,29.71914,00300
-96.72459,29.71144,00300
-96.69867,29.70116,00300
-96.68880,29.69682,00300
-96.67275,29.69057,00300
-96.65871,29.67442,00300
-96.64677,29.65500,00300
-96.63990,29.65199,00300
       </coordinates>
      </LinearRing>
     </outerBoundaryIs>
    </Polygon>
   </MultiGeometry>
  </Placemark>
  <Placemark>
   <name>Contour Level: 3.2E-14 mass/m3</name>
   <Snippet maxLines="0"></Snippet>
   <TimeSpan>
    <begin>2026-01-25T02:00:00Z</begin>
    <end>2026-01-25T03:00:00Z</end>
   </TimeSpan>
   <styleUrl>#conc4</styleUrl>
   <MultiGeometry>
    <Polygon>
     <extrude>1</extrude>
     <altitudeMode>clampToGround</altitudeMode>
     <outerBoundaryIs>
      <LinearRing>
       <coordinates>
-96.60679,29.71950,00500
-96.59518,29.70993,00500
-96.56931,29.71613,00500
-96.56644,29.71958,00500
-96.55537,29.74207,00500
-96.55228,29.76456,00500
-96.54356,29.78296,00500
-96.53731,29.78706,00500
-96.51770,29.80140,00500
-96.50594,29.80959,00500
-96.49261,29.83209,00500
-96.49184,29.83445,00500
-96.48498,29.85457,00500
-96.47854,29.87706,00500
-96.46600,29.89013,00500
-96.46152,29.89956,00500
-96.45425,29.92205,00500
-96.44486,29.94453,00500
-96.44704,29.96702,00500
-96.44017,29.98129,00500
-96.43131,29.98951,00500
-96.43175,30.01199,00500
-96.41828,30.03448,00500
-96.41427,30.04576,00500
-96.40961,30.05697,00500
-96.40176,30.07945,00500
-96.39260,30.10194,00500
-96.39310,30.12442,00500
-96.38834,30.13382,00500
-96.37511,30.14690,00500
-96.38509,30.16938,00500
-96.36459,30.19187,00500
-96.36237,30.20653,00500
-96.36013,30.21435,00500
-96.35058,30.23684,00500
-96.34599,30.25932,00500
-96.34217,30.28180,00500
-96.34002,30.30429,00500
-96.33891,30.32677,00500
-96.33864,30.34925,00500
-96.33807,30.37173,00500
-96.33636,30.39416,00500
-96.33626,30.39421,00500
-96.31403,30.41669,00500
-96.31029,30.41931,00500
-96.29508,30.43917,00500
-96.29153,30.46165,00500
-96.28731,30.48413,00500
-96.28617,30.50661,00500
-96.28543,30.52910,00500
-96.28512,30.55158,00500
-96.28500,30.57406,00500
-96.28503,30.59654,00500
-96.28511,30.61903,00500
-96.28595,30.64151,00500
-96.28914,30.66400,00500
-96.31021,30.68213,00500
-96.33437,30.66400,00500
-96.33636,30.66371,00500
-96.33834,30.66400,00500
-96.36250,30.68213,00500
-96.38358,30.66400,00500
-96.38676,30.64151,00500
-96.38760,30.61903,00500
-96.38772,30.59654,00500
-96.38779,30.57406,00500
-96.38857,30.56328,00500
-96.41468,30.56021,00500
-96.42455,30.55156,00500
-96.43192,30.52907,00500
-96.43643,30.50659,00500
-96.43811,30.48410,00500
-96.43886,30.46162,00500
-96.44067,30.44299,00500
-96.44642,30.43913,00500
-96.46649,30.41663,00500
-96.46671,30.41640,00500
-96.47880,30.39413,00500
-96.48199,30.37165,00500
-96.48911,30.34916,00500
-96.49265,30.33512,00500
-96.49986,30.32667,00500
-96.51353,30.30416,00500
-96.51862,30.29696,00500
-96.52826,30.28166,00500
-96.53795,30.25916,00500
-96.54456,30.24604,00500
-96.55268,30.23666,00500
-96.56165,30.21416,00500
-96.57045,30.19294,00500
-96.57127,30.19166,00500
-96.57043,30.18492,00500
-96.56959,30.16918,00500
-96.57039,30.16791,00500
-96.59063,30.14666,00500
-96.59631,30.13649,00500
-96.60590,30.12415,00500
-96.62202,30.10164,00500
-96.62220,30.10136,00500
-96.64461,30.07910,00500
-96.64809,30.07178,00500
-96.66124,30.05658,00500
-96.67398,30.04602,00500
-96.68452,30.03404,00500
-96.69652,30.01152,00500
-96.68877,29.98907,00500
-96.69369,29.96657,00500
-96.69877,29.94407,00500
-96.69957,29.94291,00500
-96.70876,29.92156,00500
-96.70511,29.89910,00500
-96.70119,29.87663,00500
-96.69928,29.86496,00500
-96.69644,29.85416,00500
-96.69919,29.84065,00500
-96.70020,29.83167,00500
-96.69915,29.80919,00500
-96.69907,29.80907,00500
-96.67310,29.79102,00500
-96.67002,29.78679,00500
-96.66076,29.76433,00500
-96.64706,29.74828,00500
-96.63768,29.74191,00500
-96.62111,29.72889,00500
-96.60679,29.71950,00500
       </coordinates>
      </LinearRing>
     </outerBoundaryIs>
    </Polygon>
   </MultiGeometry>
  </Placemark>
  <Placemark>
   <name>Contour Level: 1.0E-13 mass/m3</name>
   <Snippet maxLines="0"></Snippet>
   <TimeSpan>
    <begin>2026-01-25T02:00:00Z</begin>
    <end>2026-01-25T03:00:00Z</end>
   </TimeSpan>
   <styleUrl>#conc5</styleUrl>
   <MultiGeometry>
    <Polygon>
     <extrude>1</extrude>
     <altitudeMode>clampToGround</altitudeMode>
     <outerBoundaryIs>
      <LinearRing>
       <coordinates>
-96.57301,29.87692,00700
-96.56969,29.87548,00700
-96.56477,29.87694,00700
-96.54377,29.88002,00700
-96.51911,29.89949,00700
-96.51788,29.90021,00700
-96.50284,29.92200,00700
-96.49200,29.93551,00700
-96.48502,29.94450,00700
-96.47739,29.96699,00700
-96.46854,29.98948,00700
-96.46614,29.99454,00700
-96.46039,30.01196,00700
-96.45388,30.03445,00700
-96.44653,30.05694,00700
-96.44343,30.07942,00700
-96.44028,30.08465,00700
-96.42638,30.10192,00700
-96.41772,30.12440,00700
-96.41434,30.13164,00700
-96.40936,30.14689,00700
-96.40225,30.16938,00700
-96.39171,30.19186,00700
-96.39297,30.21434,00700
-96.38840,30.22397,00700
-96.37691,30.23683,00700
-96.36803,30.25931,00700
-96.36239,30.26926,00700
-96.35671,30.28180,00700
-96.35022,30.30429,00700
-96.34635,30.32677,00700
-96.34503,30.34925,00700
-96.34320,30.37173,00700
-96.34142,30.39421,00700
-96.33878,30.41669,00700
-96.33636,30.43178,00700
-96.32578,30.43918,00700
-96.31027,30.45404,00700
-96.30740,30.46165,00700
-96.29408,30.48414,00700
-96.29050,30.50661,00700
-96.28820,30.52910,00700
-96.28722,30.55158,00700
-96.28686,30.57406,00700
-96.28698,30.59654,00700
-96.28728,30.61903,00700
-96.28997,30.64151,00700
-96.30007,30.66400,00700
-96.31022,30.67273,00700
-96.32185,30.66400,00700
-96.33636,30.66187,00700
-96.35086,30.66400,00700
-96.36250,30.67274,00700
-96.37265,30.66400,00700
-96.38274,30.64151,00700
-96.38543,30.61903,00700
-96.38576,30.59654,00700
-96.38593,30.57406,00700
-96.38742,30.55158,00700
-96.38857,30.54770,00700
-96.41372,30.52908,00700
-96.41466,30.52750,00700
-96.42688,30.50659,00700
-96.43113,30.48411,00700
-96.43307,30.46162,00700
-96.43546,30.43914,00700
-96.43692,30.41666,00700
-96.44061,30.39489,00700
-96.44134,30.39417,00700
-96.45818,30.37167,00700
-96.46663,30.35533,00700
-96.47071,30.34918,00700
-96.47543,30.32669,00700
-96.48251,30.30420,00700
-96.49165,30.28171,00700
-96.49255,30.27661,00700
-96.49905,30.25922,00700
-96.51139,30.23672,00700
-96.51743,30.21423,00700
-96.51846,30.21127,00700
-96.52750,30.19173,00700
-96.53139,30.16925,00700
-96.54182,30.14675,00700
-96.54433,30.14357,00700
-96.55769,30.12424,00700
-96.56634,30.10175,00700
-96.57021,30.09165,00700
-96.57800,30.07924,00700
-96.58515,30.05675,00700
-96.58827,30.03426,00700
-96.59413,30.01177,00700
-96.59596,30.00657,00700
-96.60130,29.98927,00700
-96.60871,29.96678,00700
-96.59711,29.94432,00700
-96.59579,29.94239,00700
-96.57986,29.92187,00700
-96.57287,29.89940,00700
-96.57301,29.87692,00700
       </coordinates>
      </LinearRing>
     </outerBoundaryIs>
    </Polygon>
   </MultiGeometry>
  </Placemark>
  <Placemark>
   <name>Contour Level: 3.2E-13 mass/m3</name>
   <Snippet maxLines="0"></Snippet>
   <TimeSpan>
    <begin>2026-01-25T02:00:00Z</begin>
    <end>2026-01-25T03:00:00Z</end>
   </TimeSpan>
   <styleUrl>#conc6</styleUrl>
   <MultiGeometry>
    <Polygon>
     <extrude>1</extrude>
     <altitudeMode>clampToGround</altitudeMode>
     <outerBoundaryIs>
      <LinearRing>
       <coordinates>
-96.44655,30.21431,00900
-96.44041,30.20725,00900
-96.43491,30.21432,00900
-96.43502,30.23680,00900
-96.42007,30.25929,00900
-96.41445,30.27148,00900
-96.41061,30.28178,00900
-96.38844,30.29597,00900
-96.38034,30.30428,00900
-96.37304,30.32676,00900
-96.36592,30.34925,00900
-96.36241,30.35893,00900
-96.35941,30.37173,00900
-96.35746,30.39421,00900
-96.35431,30.41669,00900
-96.35069,30.43918,00900
-96.34056,30.46166,00900
-96.33636,30.47067,00900
-96.32258,30.48414,00900
-96.31026,30.49212,00900
-96.30419,30.50662,00900
-96.29694,30.52910,00900
-96.29389,30.55158,00900
-96.29274,30.57406,00900
-96.29317,30.59654,00900
-96.29416,30.61903,00900
-96.30267,30.64151,00900
-96.31023,30.65179,00900
-96.33636,30.65604,00900
-96.36249,30.65180,00900
-96.37005,30.64151,00900
-96.37857,30.61903,00900
-96.37957,30.59654,00900
-96.38004,30.57406,00900
-96.38073,30.55158,00900
-96.38651,30.52910,00900
-96.38855,30.51213,00900
-96.39088,30.50661,00900
-96.41055,30.48412,00900
-96.41460,30.46242,00900
-96.41477,30.46163,00900
-96.41787,30.43915,00900
-96.41681,30.41667,00900
-96.42020,30.39419,00900
-96.42100,30.37170,00900
-96.42335,30.34922,00900
-96.44054,30.32902,00900
-96.44225,30.32673,00900
-96.44214,30.30424,00900
-96.44974,30.28175,00900
-96.45229,30.25927,00900
-96.44501,30.23680,00900
-96.44655,30.21431,00900
       </coordinates>
      </LinearRing>
     </outerBoundaryIs>
    </Polygon>
   </MultiGeometry>
  </Placemark>
  <Placemark>
   <name>Contour Level: 1.0E-12 mass/m3</name>
   <Snippet maxLines="0"></Snippet>
   <TimeSpan>
    <begin>2026-01-25T02:00:00Z</begin>
    <end>2026-01-25T03:00:00Z</end>
   </TimeSpan>
   <styleUrl>#conc7</styleUrl>
   <MultiGeometry>
    <Polygon>
     <extrude>1</extrude>
     <altitudeMode>clampToGround</altitudeMode>
     <outerBoundaryIs>
      <LinearRing>
       <coordinates>
-96.34465,30.52911,01100
-96.33636,30.51438,01100
-96.33039,30.52911,01100
-96.31506,30.55159,01100
-96.31113,30.57407,01100
-96.31365,30.59655,01100
-96.31551,30.61904,01100
-96.33636,30.63767,01100
-96.35722,30.61904,01100
-96.35910,30.59655,01100
-96.36163,30.57407,01100
-96.35930,30.55159,01100
-96.34465,30.52911,01100
       </coordinates>
      </LinearRing>
     </outerBoundaryIs>
    </Polygon>
   </MultiGeometry>
  </Placemark>
  <Placemark>
   <name>Maximum Value Grid Cell</name>
   <Snippet maxLines="0"></Snippet>
   <description><![CDATA[<pre>
LAT:   30.5741 LON:  -96.3364
Value: 2.2E-12
      The square represents the location
      of maximum concentration and the
      size of the square represents the
      concentration grid cell size.
    </pre>]]>
   </description>
   <TimeSpan>
    <begin>2026-01-25T02:00:00Z</begin>
    <end>2026-01-25T03:00:00Z</end>
   </TimeSpan>
   <styleUrl>#maxv</styleUrl>
   <Polygon>
    <extrude>1</extrude>
    <altitudeMode>clampToGround</altitudeMode>
    <outerBoundaryIs>
     <LinearRing>
      <coordinates>
        -96.36246,30.55159,00100
        -96.31025,30.55159,00100
        -96.31024,30.59655,00100
        -96.36247,30.59655,00100
        -96.36246,30.55159,00100
      </coordinates>
     </LinearRing>
    </outerBoundaryIs>
   </Polygon>
  </Placemark>
 </Folder>
 <Folder>
  <name><![CDATA[<pre>Concentration 
(Valid:20260125 0400UTC)</pre>]]>
  </name>
  <visibility>0</visibility>
  <description><![CDATA[<pre>
Averaged from 00000 to 00100m
Valid:20260125 0400 UTC
   </pre>]]>
  </description>
  <ScreenOverlay>
   <name>Legend</name>
   <Snippet maxLines="0"></Snippet>
   <TimeSpan>
    <begin>2026-01-25T03:00:00Z</begin>
    <end>2026-01-25T04:00:00Z</end>
   </TimeSpan>
   <Icon>
    <href>GELABEL_04_22130.gif</href>
   </Icon>
   <overlayXY x="0" y="1" xunits="fraction" yunits="fraction"/>
   <screenXY x="0" y="1" xunits="fraction" yunits="fraction"/>
   <rotationXY x="0" y="0" xunits="fraction" yunits="fraction"/>
   <size x="0" y="0" xunits="pixels" yunits="pixels"/>
  </ScreenOverlay>
  <Placemark>
   <name>Contour Level: 3.2E-15 mass/m3</name>
   <Snippet maxLines="0"></Snippet>
   <TimeSpan>
    <begin>2026-01-25T03:00:00Z</begin>
    <end>2026-01-25T04:00:00Z</end>
   </TimeSpan>
   <styleUrl>#conc2</styleUrl>
   <MultiGeometry>
    <Polygon>
     <extrude>1</extrude>
     <altitudeMode>clampToGround</altitudeMode>
     <outerBoundaryIs>
      <LinearRing>
       <coordinates>
-96.68804,29.26974,00100
-96.67131,29.26829,00100
-96.66970,29.26979,00100
-96.64560,29.28726,00100
-96.63527,29.29235,00100
-96.61987,29.29972,00100
-96.61098,29.31488,00100
-96.60599,29.33737,00100
-96.60335,29.35985,00100
-96.59431,29.38053,00100
-96.59248,29.38235,00100
-96.56952,29.40487,00100
-96.56857,29.40601,00100
-96.55585,29.42737,00100
-96.54552,29.44987,00100
-96.54674,29.47234,00100
-96.54293,29.48139,00100
-96.52861,29.49485,00100
-96.54299,29.51191,00100
-96.54409,29.51730,00100
-96.54301,29.52003,00100
-96.51988,29.53982,00100
-96.51723,29.55061,00100
-96.51101,29.56231,00100
-96.50155,29.58480,00100
-96.49634,29.60728,00100
-96.49150,29.61935,00100
-96.48293,29.62978,00100
-96.46939,29.65228,00100
-96.46571,29.66582,00100
-96.46052,29.67476,00100
-96.44633,29.69725,00100
-96.44512,29.71973,00100
-96.43990,29.73051,00100
-96.42761,29.74222,00100
-96.43994,29.76051,00100
-96.44073,29.76470,00100
-96.43994,29.76674,00100
-96.42216,29.78719,00100
-96.43375,29.80967,00100
-96.41909,29.83215,00100
-96.41411,29.84347,00100
-96.40591,29.85464,00100
-96.39821,29.87712,00100
-96.39053,29.89961,00100
-96.39364,29.92209,00100
-96.38824,29.93343,00100
-96.37451,29.94458,00100
-96.38825,29.96232,00100
-96.38934,29.96705,00100
-96.38826,29.96945,00100
-96.36785,29.98954,00100
-96.37439,30.01202,00100
-96.36233,30.03300,00100
-96.36148,30.03451,00100
-96.35189,30.05699,00100
-96.34625,30.07947,00100
-96.34372,30.10195,00100
-96.34120,30.12443,00100
-96.34002,30.14691,00100
-96.33869,30.16939,00100
-96.33825,30.19187,00100
-96.33783,30.21435,00100
-96.33735,30.23684,00100
-96.33710,30.25932,00100
-96.33680,30.28180,00100
-96.33636,30.29740,00100
-96.32425,30.30429,00100
-96.31031,30.31892,00100
-96.30553,30.32677,00100
-96.29811,30.34924,00100
-96.29160,30.37172,00100
-96.28903,30.39420,00100
-96.28797,30.41669,00100
-96.28521,30.43917,00100
-96.28484,30.46165,00100
-96.28446,30.48413,00100
-96.28436,30.50661,00100
-96.28427,30.52910,00100
-96.28423,30.55158,00100
-96.28420,30.57406,00100
-96.28420,30.59654,00100
-96.28421,30.61903,00100
-96.28431,30.64151,00100
-96.28465,30.66399,00100
-96.31021,30.68599,00100
-96.33636,30.68261,00100
-96.36250,30.68599,00100
-96.38806,30.66399,00100
-96.38840,30.64151,00100
-96.38850,30.61903,00100
-96.38852,30.59654,00100
-96.38853,30.57406,00100
-96.38858,30.57333,00100
-96.41470,30.57284,00100
-96.43922,30.55155,00100
-96.43992,30.52907,00100
-96.44040,30.50658,00100
-96.44072,30.49011,00100
-96.44975,30.48409,00100
-96.46679,30.47613,00100
-96.48005,30.46158,00100
-96.48679,30.43909,00100
-96.49029,30.41661,00100
-96.49276,30.40381,00100
-96.51228,30.39409,00100
-96.51754,30.37160,00100
-96.51876,30.37040,00100
-96.53817,30.34909,00100
-96.54020,30.32661,00100
-96.54452,30.30412,00100
-96.54468,30.30362,00100
-96.57069,30.29009,00100
-96.57909,30.28157,00100
-96.59554,30.25906,00100
-96.59663,30.25783,00100
-96.62263,30.24595,00100
-96.63319,30.23650,00100
-96.64796,30.21398,00100
-96.64853,30.20654,00100
-96.65109,30.19149,00100
-96.66598,30.16897,00100
-96.67139,30.14648,00100
-96.66796,30.12400,00100
-96.67423,30.11808,00100
-96.69712,30.10145,00100
-96.70015,30.09917,00100
-96.71685,30.07891,00100
-96.72599,30.06161,00100
-96.73391,30.05638,00100
-96.75191,30.04858,00100
-96.77333,30.03377,00100
-96.77773,30.01675,00100
-96.78153,30.01126,00100
-96.79686,29.98873,00100
-96.80348,29.97169,00100
-96.80682,29.96621,00100
-96.82935,29.95373,00100
-96.85049,29.94356,00100
-96.85522,29.94024,00100
-96.86493,29.92102,00100
-96.87029,29.89852,00100
-96.87046,29.87604,00100
-96.87731,29.85353,00100
-96.88065,29.84824,00100
-96.89725,29.83097,00100
-96.90244,29.80847,00100
-96.90128,29.78599,00100
-96.90614,29.77404,00100
-96.90882,29.76347,00100
-96.92488,29.74092,00100
-96.93174,29.72659,00100
-96.93730,29.71838,00100
-96.93164,29.71032,00100
-96.92558,29.69596,00100
-96.91245,29.67354,00100
-96.92226,29.65102,00100
-96.93124,29.64458,00100
-96.95705,29.63540,00100
-96.96667,29.62832,00100
-96.98066,29.60578,00100
-96.98270,29.60338,00100
-97.00039,29.58320,00100
-96.99866,29.56073,00100
-96.98231,29.54386,00100
-96.97507,29.53837,00100
-96.95634,29.52487,00100
-96.93668,29.51607,00100
-96.93206,29.49362,00100
-96.93031,29.49135,00100
-96.92121,29.47119,00100
-96.92863,29.44868,00100
-96.93002,29.44392,00100
-96.93497,29.42617,00100
-96.93345,29.40370,00100
-96.92976,29.39991,00100
-96.92114,29.38128,00100
-96.91693,29.35882,00100
-96.90363,29.34392,00100
-96.87781,29.33707,00100
-96.87355,29.33653,00100
-96.85200,29.33081,00100
-96.82617,29.32209,00100
-96.81922,29.31427,00100
-96.80028,29.29787,00100
-96.77451,29.29888,00100
-96.76219,29.31447,00100
-96.74886,29.33034,00100
-96.72309,29.33214,00100
-96.70337,29.31465,00100
-96.69718,29.29823,00100
-96.68947,29.29221,00100
-96.68804,29.26974,00100
       </coordinates>
      </LinearRing>
     </outerBoundaryIs>
    </Polygon>
    <Polygon>
     <extrude>1</extrude>
     <altitudeMode>clampToGround</altitudeMode>
     <outerBoundaryIs>
      <LinearRing>
       <coordinates>
-96.99928,29.96537,00100
-96.98499,29.94872,00100
-96.97283,29.96550,00100
-96.98522,29.98308,00100
-96.99928,29.96537,00100
       </coordinates>
      </LinearRing>
     </outerBoundaryIs>
    </Polygon>
   </MultiGeometry>
  </Placemark>
  <Placemark>
   <name>Contour Level: 1.0E-14 mass/m3</name>
   <Snippet maxLines="0"></Snippet>
   <TimeSpan>
    <begin>2026-01-25T03:00:00Z</begin>
    <end>2026-01-25T04:00:00Z</end>
   </TimeSpan>
   <styleUrl>#conc3</styleUrl>
   <MultiGeometry>
    <Polygon>
     <extrude>1</extrude>
     <altitudeMode>clampToGround</altitudeMode>
     <outerBoundaryIs>
      <LinearRing>
       <coordinates>
-96.80209,29.35929,00300
-96.80056,29.35781,00300
-96.77476,29.35459,00300
-96.76669,29.35941,00300
-96.74903,29.36967,00300
-96.72324,29.37143,00300
-96.69741,29.36119,00300
-96.67163,29.36264,00300
-96.64589,29.37966,00300
-96.64270,29.38224,00300
-96.62013,29.39143,00300
-96.60885,29.40479,00300
-96.60036,29.42729,00300
-96.59444,29.43298,00300
-96.57111,29.44982,00300
-96.56868,29.45218,00300
-96.55879,29.47232,00300
-96.55069,29.49481,00300
-96.55138,29.51729,00300
-96.54305,29.53832,00300
-96.54134,29.53979,00300
-96.54307,29.54675,00300
-96.54438,29.56226,00300
-96.54311,29.56671,00300
-96.52939,29.58476,00300
-96.52230,29.60725,00300
-96.51735,29.61225,00300
-96.50387,29.62975,00300
-96.49178,29.65225,00300
-96.49355,29.67472,00300
-96.49160,29.67993,00300
-96.47340,29.69723,00300
-96.46577,29.71692,00300
-96.46417,29.71972,00300
-96.45616,29.74220,00300
-96.45224,29.76469,00300
-96.44363,29.78717,00300
-96.44582,29.80966,00300
-96.44185,29.83214,00300
-96.44002,29.83856,00300
-96.42796,29.85463,00300
-96.42435,29.87711,00300
-96.41466,29.89960,00300
-96.41415,29.90153,00300
-96.40625,29.92208,00300
-96.39795,29.94456,00300
-96.39888,29.96705,00300
-96.38889,29.98954,00300
-96.39313,30.01201,00300
-96.38829,30.02370,00300
-96.37757,30.03450,00300
-96.37129,30.05698,00300
-96.36525,30.07946,00300
-96.36234,30.09284,00300
-96.35965,30.10195,00300
-96.35168,30.12443,00300
-96.34795,30.14691,00300
-96.34373,30.16939,00300
-96.34235,30.19187,00300
-96.34102,30.21435,00300
-96.33949,30.23684,00300
-96.33871,30.25932,00300
-96.33794,30.28180,00300
-96.33710,30.30429,00300
-96.33678,30.32677,00300
-96.33636,30.34307,00300
-96.32906,30.34925,00300
-96.31030,30.36662,00300
-96.30752,30.37173,00300
-96.29942,30.39421,00300
-96.29610,30.41669,00300
-96.28739,30.43917,00300
-96.28622,30.46165,00300
-96.28507,30.48413,00300
-96.28475,30.50661,00300
-96.28452,30.52910,00300
-96.28440,30.55158,00300
-96.28436,30.57406,00300
-96.28439,30.59654,00300
-96.28444,30.61903,00300
-96.28476,30.64151,00300
-96.28590,30.66400,00300
-96.31021,30.68492,00300
-96.33636,30.67424,00300
-96.36250,30.68493,00300
-96.38682,30.66400,00300
-96.38795,30.64151,00300
-96.38828,30.61903,00300
-96.38834,30.59654,00300
-96.38837,30.57406,00300
-96.38858,30.57092,00300
-96.41469,30.56991,00300
-96.43584,30.55155,00300
-96.43809,30.52907,00300
-96.43952,30.50658,00300
-96.44017,30.48410,00300
-96.44048,30.46162,00300
-96.44068,30.45928,00300
-96.46675,30.45056,00300
-96.47376,30.43911,00300
-96.48441,30.41661,00300
-96.49039,30.39412,00300
-96.49272,30.38025,00300
-96.50008,30.37163,00300
-96.51873,30.35321,00300
-96.52246,30.34912,00300
-96.52612,30.32663,00300
-96.53780,30.30413,00300
-96.54463,30.28294,00300
-96.54634,30.28163,00300
-96.56313,30.25912,00300
-96.57059,30.25229,00300
-96.58575,30.23660,00300
-96.59653,30.21885,00300
-96.60089,30.21409,00300
-96.62186,30.19156,00300
-96.62052,30.16908,00300
-96.62239,30.16466,00300
-96.63724,30.14656,00300
-96.63783,30.12408,00300
-96.64821,30.10669,00300
-96.65359,30.10156,00300
-96.67411,30.08395,00300
-96.68066,30.07901,00300
-96.70000,30.05909,00300
-96.70150,30.05647,00300
-96.72588,30.03405,00300
-96.72611,30.03392,00300
-96.74575,30.01138,00300
-96.75172,30.00360,00300
-96.75800,29.98886,00300
-96.76411,29.96636,00300
-96.76654,29.94387,00300
-96.76604,29.92139,00300
-96.77723,29.90444,00300
-96.78814,29.89883,00300
-96.80307,29.88619,00300
-96.81358,29.87626,00300
-96.82179,29.85375,00300
-96.82640,29.83125,00300
-96.82409,29.80878,00300
-96.81249,29.78634,00300
-96.80988,29.76387,00300
-96.81534,29.74137,00300
-96.81780,29.71889,00300
-96.82151,29.69639,00300
-96.81843,29.67392,00300
-96.82784,29.65489,00300
-96.83759,29.65137,00300
-96.85366,29.64683,00300
-96.87343,29.62874,00300
-96.87593,29.60626,00300
-96.86883,29.58381,00300
-96.86607,29.56134,00300
-96.86765,29.53886,00300
-96.86569,29.51638,00300
-96.86698,29.49390,00300
-96.86504,29.47143,00300
-96.85497,29.44900,00300
-96.85260,29.44593,00300
-96.82670,29.42785,00300
-96.82586,29.42663,00300
-96.82405,29.40416,00300
-96.81504,29.38172,00300
-96.80209,29.35929,00300
       </coordinates>
      </LinearRing>
     </outerBoundaryIs>
    </Polygon>
   </MultiGeometry>
  </Placemark>
  <Placemark>
   <name>Contour Level: 3.2E-14 mass/m3</name>
   <Snippet maxLines="0"></Snippet>
   <TimeSpan>
    <begin>2026-01-25T03:00:00Z</begin>
    <end>2026-01-25T04:00:00Z</end>
   </TimeSpan>
   <styleUrl>#conc4</styleUrl>
   <MultiGeometry>
    <Polygon>
     <extrude>1</extrude>
     <altitudeMode>clampToGround</altitudeMode>
     <outerBoundaryIs>
      <LinearRing>
       <coordinates>
-96.72479,29.47193,00500
-96.72364,29.47170,00500
-96.72311,29.47193,00500
-96.69785,29.47938,00500
-96.67204,29.48028,00500
-96.64622,29.48403,00500
-96.62041,29.48744,00500
-96.60204,29.49472,00500
-96.59462,29.49879,00500
-96.58183,29.51723,00500
-96.57561,29.53972,00500
-96.56892,29.55596,00500
-96.56719,29.56222,00500
-96.56347,29.58470,00500
-96.55711,29.60719,00500
-96.54929,29.62968,00500
-96.54325,29.63474,00500
-96.51742,29.65155,00500
-96.51688,29.65222,00500
-96.50807,29.67471,00500
-96.50641,29.69719,00500
-96.50458,29.71967,00500
-96.49170,29.74186,00500
-96.49138,29.74217,00500
-96.49171,29.74776,00500
-96.49214,29.76464,00500
-96.49174,29.76561,00500
-96.47495,29.78714,00500
-96.46658,29.80964,00500
-96.46590,29.81247,00500
-96.46180,29.83212,00500
-96.45679,29.85460,00500
-96.45205,29.87709,00500
-96.44115,29.89958,00500
-96.44377,29.92206,00500
-96.44012,29.93028,00500
-96.42725,29.94455,00500
-96.43130,29.96703,00500
-96.41798,29.98952,00500
-96.41424,30.00944,00500
-96.41356,30.01200,00500
-96.40180,30.03449,00500
-96.39505,30.05697,00500
-96.39130,30.07945,00500
-96.38832,30.08787,00500
-96.37792,30.10195,00500
-96.38834,30.12416,00500
-96.38837,30.12442,00500
-96.38834,30.12449,00500
-96.36619,30.14691,00500
-96.36236,30.16300,00500
-96.35967,30.16939,00500
-96.35531,30.19187,00500
-96.35110,30.21435,00500
-96.34624,30.23684,00500
-96.34378,30.25932,00500
-96.34158,30.28180,00500
-96.33996,30.30429,00500
-96.33895,30.32677,00500
-96.33810,30.34925,00500
-96.33738,30.37173,00500
-96.33646,30.39421,00500
-96.33636,30.39574,00500
-96.31812,30.41669,00500
-96.31029,30.42033,00500
-96.29428,30.43917,00500
-96.29060,30.46165,00500
-96.28701,30.48413,00500
-96.28602,30.50661,00500
-96.28529,30.52910,00500
-96.28497,30.55158,00500
-96.28487,30.57406,00500
-96.28497,30.59654,00500
-96.28516,30.61903,00500
-96.28620,30.64151,00500
-96.28981,30.66400,00500
-96.31021,30.68156,00500
-96.33361,30.66400,00500
-96.33636,30.66360,00500
-96.33910,30.66400,00500
-96.36250,30.68156,00500
-96.38291,30.66400,00500
-96.38651,30.64151,00500
-96.38756,30.61903,00500
-96.38775,30.59654,00500
-96.38787,30.57406,00500
-96.38857,30.56328,00500
-96.41469,30.56065,00500
-96.42516,30.55156,00500
-96.43231,30.52907,00500
-96.43673,30.50658,00500
-96.43819,30.48410,00500
-96.43885,30.46162,00500
-96.44067,30.44070,00500
-96.44307,30.43914,00500
-96.46572,30.41663,00500
-96.46671,30.41576,00500
-96.47942,30.39413,00500
-96.48331,30.37165,00500
-96.49030,30.34916,00500
-96.49266,30.34212,00500
-96.50643,30.32666,00500
-96.51682,30.30416,00500
-96.51863,30.29939,00500
-96.52562,30.28166,00500
-96.53424,30.25917,00500
-96.54276,30.23668,00500
-96.54452,30.22983,00500
-96.55607,30.21417,00500
-96.57047,30.19924,00500
-96.57835,30.19165,00500
-96.59640,30.16953,00500
-96.59663,30.16913,00500
-96.59914,30.14664,00500
-96.60860,30.12415,00500
-96.61393,30.10166,00500
-96.62142,30.07915,00500
-96.62213,30.07730,00500
-96.63579,30.05664,00500
-96.64626,30.03414,00500
-96.64796,30.02974,00500
-96.65981,30.01162,00500
-96.67380,29.99224,00500
-96.67628,29.98910,00500
-96.68542,29.96659,00500
-96.69711,29.94408,00500
-96.69955,29.94006,00500
-96.70776,29.92157,00500
-96.71204,29.89908,00500
-96.71899,29.87657,00500
-96.72520,29.86410,00500
-96.73232,29.85406,00500
-96.74554,29.83153,00500
-96.74983,29.80904,00500
-96.74662,29.78657,00500
-96.74874,29.76408,00500
-96.74497,29.74161,00500
-96.74302,29.71914,00500
-96.74992,29.69664,00500
-96.75040,29.69549,00500
-96.76125,29.67412,00500
-96.75869,29.65165,00500
-96.75385,29.62919,00500
-96.75399,29.60671,00500
-96.76575,29.58419,00500
-96.77572,29.56927,00500
-96.78136,29.56166,00500
-96.78061,29.53918,00500
-96.77554,29.53110,00500
-96.77187,29.51674,00500
-96.76417,29.49429,00500
-96.74948,29.47703,00500
-96.72479,29.47193,00500
       </coordinates>
      </LinearRing>
     </outerBoundaryIs>
    </Polygon>
   </MultiGeometry>
  </Placemark>
  <Placemark>
   <name>Contour Level: 1.0E-13 mass/m3</name>
   <Snippet maxLines="0"></Snippet>
   <TimeSpan>
    <begin>2026-01-25T03:00:00Z</begin>
    <end>2026-01-25T04:00:00Z</end>
   </TimeSpan>
   <styleUrl>#conc5</styleUrl>
   <MultiGeometry>
    <Polygon>
     <extrude>1</extrude>
     <altitudeMode>clampToGround</altitudeMode>
     <outerBoundaryIs>
      <LinearRing>
       <coordinates>
-96.65009,29.62948,00700
-96.64663,29.61198,00700
-96.63482,29.62952,00700
-96.64670,29.63288,00700
-96.65009,29.62948,00700
       </coordinates>
      </LinearRing>
     </outerBoundaryIs>
    </Polygon>
    <Polygon>
     <extrude>1</extrude>
     <altitudeMode>clampToGround</altitudeMode>
     <outerBoundaryIs>
      <LinearRing>
       <coordinates>
-96.59625,29.67456,00700
-96.59508,29.67334,00700
-96.59245,29.67456,00700
-96.56923,29.68288,00700
-96.56281,29.69710,00700
-96.55701,29.71959,00700
-96.55017,29.74208,00700
-96.54351,29.75714,00700
-96.53973,29.76458,00700
-96.53397,29.78707,00700
-96.52916,29.80956,00700
-96.51775,29.83163,00700
-96.51762,29.83205,00700
-96.50777,29.85455,00700
-96.50300,29.87703,00700
-96.49194,29.89317,00700
-96.48625,29.89953,00700
-96.48009,29.92202,00700
-96.47449,29.94451,00700
-96.46904,29.96700,00700
-96.46611,29.97156,00700
-96.45799,29.98949,00700
-96.45180,30.01197,00700
-96.44424,30.03446,00700
-96.44024,30.04080,00700
-96.42776,30.05696,00700
-96.41726,30.07944,00700
-96.41430,30.08421,00700
-96.40731,30.10193,00700
-96.40224,30.12441,00700
-96.39265,30.14690,00700
-96.39486,30.16938,00700
-96.38837,30.18274,00700
-96.37955,30.19187,00700
-96.38055,30.21435,00700
-96.36678,30.23684,00700
-96.36238,30.25046,00700
-96.35982,30.25932,00700
-96.35306,30.28180,00700
-96.34899,30.30429,00700
-96.34582,30.32677,00700
-96.34408,30.34925,00700
-96.34216,30.37173,00700
-96.34106,30.39421,00700
-96.33925,30.41669,00700
-96.33636,30.43184,00700
-96.32201,30.43918,00700
-96.31028,30.44791,00700
-96.30447,30.46165,00700
-96.29314,30.48414,00700
-96.29002,30.50661,00700
-96.28773,30.52910,00700
-96.28674,30.55158,00700
-96.28648,30.57406,00700
-96.28683,30.59654,00700
-96.28744,30.61903,00700
-96.29075,30.64151,00700
-96.30219,30.66400,00700
-96.31022,30.67091,00700
-96.31943,30.66400,00700
-96.33636,30.66151,00700
-96.35328,30.66400,00700
-96.36250,30.67092,00700
-96.37054,30.66400,00700
-96.38197,30.64151,00700
-96.38528,30.61903,00700
-96.38589,30.59654,00700
-96.38627,30.57406,00700
-96.38765,30.55158,00700
-96.38857,30.54808,00700
-96.41435,30.52908,00700
-96.41466,30.52860,00700
-96.42793,30.50659,00700
-96.43192,30.48411,00700
-96.43369,30.46162,00700
-96.43584,30.43914,00700
-96.43710,30.41666,00700
-96.44062,30.39788,00700
-96.44486,30.39417,00700
-96.46010,30.37167,00700
-96.46663,30.35820,00700
-96.47268,30.34918,00700
-96.47852,30.32669,00700
-96.48448,30.30420,00700
-96.49256,30.28267,00700
-96.49332,30.28171,00700
-96.50069,30.25921,00700
-96.51223,30.23672,00700
-96.51649,30.21423,00700
-96.51846,30.20756,00700
-96.52647,30.19174,00700
-96.53002,30.16925,00700
-96.53939,30.14675,00700
-96.54433,30.13860,00700
-96.55398,30.12425,00700
-96.55695,30.10176,00700
-96.56175,30.07927,00700
-96.56605,30.05679,00700
-96.57010,30.04661,00700
-96.57831,30.03428,00700
-96.58992,30.01178,00700
-96.59593,29.99588,00700
-96.59774,29.98928,00700
-96.60753,29.96678,00700
-96.60893,29.94430,00700
-96.61188,29.92181,00700
-96.61946,29.89931,00700
-96.62157,29.88711,00700
-96.62453,29.87682,00700
-96.62725,29.85433,00700
-96.62143,29.83688,00700
-96.62022,29.83187,00700
-96.61746,29.80940,00700
-96.62048,29.78691,00700
-96.61941,29.76443,00700
-96.62120,29.75993,00700
-96.63309,29.74192,00700
-96.63626,29.71943,00700
-96.62605,29.69697,00700
-96.62101,29.69278,00700
-96.59625,29.67456,00700
       </coordinates>
      </LinearRing>
     </outerBoundaryIs>
    </Polygon>
   </MultiGeometry>
  </Placemark>
  <Placemark>
   <name>Contour Level: 3.2E-13 mass/m3</name>
   <Snippet maxLines="0"></Snippet>
   <TimeSpan>
    <begin>2026-01-25T03:00:00Z</begin>
    <end>2026-01-25T04:00:00Z</end>
   </TimeSpan>
   <styleUrl>#conc6</styleUrl>
   <MultiGeometry>
    <Polygon>
     <extrude>1</extrude>
     <altitudeMode>clampToGround</altitudeMode>
     <outerBoundaryIs>
      <LinearRing>
       <coordinates>
-96.44291,30.16935,00900
-96.44037,30.16646,00900
-96.43877,30.16935,00900
-96.43713,30.19184,00900
-96.42439,30.21433,00900
-96.42037,30.23681,00900
-96.41443,30.24751,00900
-96.40967,30.25930,00900
-96.40090,30.28179,00900
-96.38843,30.28903,00900
-96.37685,30.30428,00900
-96.36984,30.32676,00900
-96.36308,30.34925,00900
-96.36241,30.35100,00900
-96.35729,30.37173,00900
-96.35558,30.39421,00900
-96.35286,30.41669,00900
-96.34871,30.43918,00900
-96.33636,30.46100,00900
-96.33556,30.46166,00900
-96.31521,30.48414,00900
-96.31026,30.48778,00900
-96.30269,30.50662,00900
-96.29546,30.52910,00900
-96.29237,30.55158,00900
-96.29154,30.57406,00900
-96.29270,30.59654,00900
-96.29462,30.61903,00900
-96.30513,30.64152,00900
-96.31023,30.64845,00900
-96.33636,30.65491,00900
-96.36249,30.64846,00900
-96.36760,30.64152,00900
-96.37810,30.61903,00900
-96.38003,30.59654,00900
-96.38120,30.57406,00900
-96.38201,30.55158,00900
-96.38740,30.52910,00900
-96.38855,30.51939,00900
-96.39453,30.50661,00900
-96.41278,30.48412,00900
-96.41461,30.47442,00900
-96.41737,30.46163,00900
-96.42017,30.43915,00900
-96.41916,30.41667,00900
-96.42270,30.39418,00900
-96.42521,30.37170,00900
-96.42637,30.34922,00900
-96.44054,30.32950,00900
-96.44250,30.32673,00900
-96.44279,30.30424,00900
-96.45130,30.28175,00900
-96.45458,30.25927,00900
-96.45391,30.23679,00900
-96.45602,30.21430,00900
-96.44597,30.19183,00900
-96.44291,30.16935,00900
       </coordinates>
      </LinearRing>
     </outerBoundaryIs>
    </Polygon>
   </MultiGeometry>
  </Placemark>
  <Placemark>
   <name>Contour Level: 1.0E-12 mass/m3</name>
   <Snippet maxLines="0"></Snippet>
   <TimeSpan>
    <begin>2026-01-25T03:00:00Z</begin>
    <end>2026-01-25T04:00:00Z</end>
   </TimeSpan>
   <styleUrl>#conc7</styleUrl>
   <MultiGeometry>
    <Polygon>
     <extrude>1</extrude>
     <altitudeMode>clampToGround</altitudeMode>
     <outerBoundaryIs>
      <LinearRing>
       <coordinates>
-96.33762,30.50662,01100
-96.33636,30.50604,01100
-96.33566,30.50662,01100
-96.32516,30.52911,01100
-96.31025,30.55123,01100
-96.31013,30.55159,01100
-96.30757,30.57407,01100
-96.31024,30.59102,01100
-96.31168,30.59655,01100
-96.31805,30.61904,01100
-96.33636,30.63416,01100
-96.35469,30.61904,01100
-96.36107,30.59655,01100
-96.36247,30.59118,01100
-96.36518,30.57407,01100
-96.36419,30.55159,01100
-96.36246,30.54419,01100
-96.35203,30.52911,01100
-96.33762,30.50662,01100
       </coordinates>
      </LinearRing>
     </outerBoundaryIs>
    </Polygon>
   </MultiGeometry>
  </Placemark>
  <Placemark>
   <name>Maximum Value Grid Cell</name>
   <Snippet maxLines="0"></Snippet>
   <description><![CDATA[<pre>
LAT:   30.5741 LON:  -96.3364
Value: 2.6E-12
      The square represents the location
      of maximum concentration and the
      size of the square represents the
      concentration grid cell size.
    </pre>]]>
   </description>
   <TimeSpan>
    <begin>2026-01-25T03:00:00Z</begin>
    <end>2026-01-25T04:00:00Z</end>
   </TimeSpan>
   <styleUrl>#maxv</styleUrl>
   <Polygon>
    <extrude>1</extrude>
    <altitudeMode>clampToGround</altitudeMode>
    <outerBoundaryIs>
     <LinearRing>
      <coordinates>
        -96.36246,30.55159,00100
        -96.31025,30.55159,00100
        -96.31024,30.59655,00100
        -96.36247,30.59655,00100
        -96.36246,30.55159,00100
      </coordinates>
     </LinearRing>
    </outerBoundaryIs>
   </Polygon>
  </Placemark>
 </Folder>
 <Folder>
  <name><![CDATA[<pre>Concentration 
(Valid:20260125 0500UTC)</pre>]]>
  </name>
  <visibility>0</visibility>
  <description><![CDATA[<pre>
Averaged from 00000 to 00100m
Valid:20260125 0500 UTC
   </pre>]]>
  </description>
  <ScreenOverlay>
   <name>Legend</name>
   <Snippet maxLines="0"></Snippet>
   <TimeSpan>
    <begin>2026-01-25T04:00:00Z</begin>
    <end>2026-01-25T05:00:00Z</end>
   </TimeSpan>
   <Icon>
    <href>GELABEL_05_22130.gif</href>
   </Icon>
   <overlayXY x="0" y="1" xunits="fraction" yunits="fraction"/>
   <screenXY x="0" y="1" xunits="fraction" yunits="fraction"/>
   <rotationXY x="0" y="0" xunits="fraction" yunits="fraction"/>
   <size x="0" y="0" xunits="pixels" yunits="pixels"/>
  </ScreenOverlay>
  <Placemark>
   <name>Contour Level: 3.2E-15 mass/m3</name>
   <Snippet maxLines="0"></Snippet>
   <TimeSpan>
    <begin>2026-01-25T04:00:00Z</begin>
    <end>2026-01-25T05:00:00Z</end>
   </TimeSpan>
   <styleUrl>#conc2</styleUrl>
   <MultiGeometry>
    <Polygon>
     <extrude>1</extrude>
     <altitudeMode>clampToGround</altitudeMode>
     <outerBoundaryIs>
      <LinearRing>
       <coordinates>
-96.85737,28.97699,00100
-96.85007,28.96304,00100
-96.82437,28.96064,00100
-96.81480,28.97716,00100
-96.79884,28.99420,00100
-96.78771,28.99973,00100
-96.77322,29.01197,00100
-96.74750,29.00483,00100
-96.72180,29.00447,00100
-96.69617,29.02149,00100
-96.69238,29.02250,00100
-96.67048,29.02407,00100
-96.65186,29.04508,00100
-96.65109,29.06756,00100
-96.64497,29.08420,00100
-96.63821,29.09007,00100
-96.64503,29.10731,00100
-96.64569,29.11252,00100
-96.64506,29.11415,00100
-96.61938,29.13147,00100
-96.61106,29.13507,00100
-96.59457,29.15759,00100
-96.59373,29.16215,00100
-96.58690,29.18007,00100
-96.58183,29.20256,00100
-96.58723,29.22502,00100
-96.57193,29.24753,00100
-96.56821,29.25411,00100
-96.55953,29.27003,00100
-96.54745,29.29252,00100
-96.54868,29.31500,00100
-96.54262,29.33368,00100
-96.53770,29.33749,00100
-96.52608,29.35999,00100
-96.51891,29.38247,00100
-96.51694,29.39145,00100
-96.51409,29.40496,00100
-96.50848,29.42744,00100
-96.49826,29.44994,00100
-96.49591,29.47241,00100
-96.49128,29.48001,00100
-96.47652,29.49492,00100
-96.48354,29.51739,00100
-96.46854,29.53988,00100
-96.46674,29.56236,00100
-96.46558,29.57026,00100
-96.46267,29.58484,00100
-96.45695,29.60733,00100
-96.44336,29.62982,00100
-96.43980,29.63369,00100
-96.41827,29.65232,00100
-96.41566,29.67479,00100
-96.41992,29.69727,00100
-96.43989,29.71334,00100
-96.44216,29.71974,00100
-96.43990,29.72671,00100
-96.42427,29.74223,00100
-96.43993,29.75706,00100
-96.44220,29.76470,00100
-96.43995,29.77041,00100
-96.41918,29.78719,00100
-96.41408,29.80616,00100
-96.41161,29.80968,00100
-96.39597,29.83216,00100
-96.38824,29.85465,00100
-96.38917,29.87713,00100
-96.38821,29.88078,00100
-96.37498,29.89962,00100
-96.38823,29.91468,00100
-96.38988,29.92209,00100
-96.38824,29.92622,00100
-96.37123,29.94458,00100
-96.38825,29.95897,00100
-96.39062,29.96705,00100
-96.38826,29.97147,00100
-96.36699,29.98954,00100
-96.37404,30.01202,00100
-96.36331,30.03450,00100
-96.36233,30.04510,00100
-96.35709,30.05698,00100
-96.35236,30.07947,00100
-96.35143,30.10195,00100
-96.34511,30.12443,00100
-96.34155,30.14691,00100
-96.33895,30.16939,00100
-96.33823,30.19187,00100
-96.33770,30.21435,00100
-96.33724,30.23684,00100
-96.33702,30.25932,00100
-96.33681,30.28180,00100
-96.33663,30.30429,00100
-96.33650,30.32677,00100
-96.33636,30.33108,00100
-96.31031,30.33376,00100
-96.29996,30.34924,00100
-96.29045,30.37172,00100
-96.28794,30.39420,00100
-96.28700,30.41669,00100
-96.28522,30.43917,00100
-96.28489,30.46165,00100
-96.28447,30.48413,00100
-96.28436,30.50661,00100
-96.28427,30.52910,00100
-96.28423,30.55158,00100
-96.28420,30.57406,00100
-96.28420,30.59654,00100
-96.28420,30.61903,00100
-96.28428,30.64151,00100
-96.28458,30.66399,00100
-96.31021,30.68606,00100
-96.33636,30.68315,00100
-96.36250,30.68606,00100
-96.38814,30.66399,00100
-96.38844,30.64151,00100
-96.38851,30.61903,00100
-96.38858,30.59654,00100
-96.38860,30.59367,00100
-96.41036,30.57405,00100
-96.41470,30.57373,00100
-96.43946,30.55155,00100
-96.44003,30.52907,00100
-96.44038,30.50658,00100
-96.44054,30.48410,00100
-96.44068,30.46162,00100
-96.44069,30.46156,00100
-96.44183,30.46162,00100
-96.46677,30.46815,00100
-96.47378,30.46159,00100
-96.48657,30.43909,00100
-96.49123,30.41660,00100
-96.49275,30.39766,00100
-96.49695,30.39412,00100
-96.51198,30.37161,00100
-96.51875,30.36633,00100
-96.53445,30.34910,00100
-96.53621,30.32662,00100
-96.54468,30.30421,00100
-96.54520,30.30412,00100
-96.57071,30.30102,00100
-96.59672,30.28876,00100
-96.60484,30.28153,00100
-96.61057,30.25903,00100
-96.61430,30.23654,00100
-96.61813,30.21405,00100
-96.62251,30.20788,00100
-96.63959,30.19152,00100
-96.64845,30.18165,00100
-96.66046,30.16899,00100
-96.67436,30.15610,00100
-96.68623,30.14644,00100
-96.70027,30.13217,00100
-96.70570,30.12391,00100
-96.70882,30.10142,00100
-96.72609,30.08634,00100
-96.74352,30.07883,00100
-96.75201,30.07384,00100
-96.76557,30.05628,00100
-96.77788,30.04881,00100
-96.80383,30.04532,00100
-96.82978,30.03975,00100
-96.83336,30.03356,00100
-96.84105,30.01104,00100
-96.85149,29.98853,00100
-96.85545,29.98500,00100
-96.88142,29.98654,00100
-96.90730,29.97465,00100
-96.91959,29.96575,00100
-96.92610,29.94324,00100
-96.92290,29.92078,00100
-96.93279,29.89920,00100
-96.93323,29.89825,00100
-96.93279,29.89703,00100
-96.92844,29.87579,00100
-96.93258,29.86306,00100
-96.93872,29.85326,00100
-96.95646,29.83070,00100
-96.95826,29.82516,00100
-96.96259,29.80819,00100
-96.96553,29.78569,00100
-96.96569,29.76321,00100
-96.96751,29.74072,00100
-96.98351,29.72482,00100
-96.98959,29.71813,00100
-97.00920,29.69763,00100
-97.01054,29.69554,00100
-97.02634,29.67298,00100
-97.02923,29.65049,00100
-97.01895,29.62806,00100
-97.02516,29.60555,00100
-97.03439,29.60041,00100
-97.06013,29.58629,00100
-97.06287,29.58286,00100
-97.06921,29.56035,00100
-97.07008,29.53786,00100
-97.06998,29.51539,00100
-97.08530,29.49594,00100
-97.08926,29.49280,00100
-97.08926,29.47032,00100
-97.09324,29.44782,00100
-97.08490,29.44441,00100
-97.07488,29.42545,00100
-97.07759,29.40295,00100
-97.08445,29.38527,00100
-97.09309,29.38038,00100
-97.10306,29.35785,00100
-97.10997,29.34994,00100
-97.11402,29.33531,00100
-97.11271,29.31284,00100
-97.10962,29.30600,00100
-97.09444,29.29047,00100
-97.08367,29.28357,00100
-97.06198,29.26818,00100
-97.07307,29.24564,00100
-97.08327,29.23128,00100
-97.09430,29.22304,00100
-97.10885,29.20844,00100
-97.12489,29.22286,00100
-97.13474,29.22503,00100
-97.13892,29.22277,00100
-97.14588,29.20025,00100
-97.15447,29.17772,00100
-97.15682,29.15523,00100
-97.15980,29.14232,00100
-97.16162,29.13273,00100
-97.15965,29.12544,00100
-97.15615,29.11028,00100
-97.13371,29.09820,00100
-97.11823,29.11052,00100
-97.11352,29.13302,00100
-97.11143,29.15551,00100
-97.10944,29.17800,00100
-97.10866,29.18426,00100
-97.09569,29.20056,00100
-97.08311,29.20989,00100
-97.07323,29.20069,00100
-97.05726,29.19625,00100
-97.03144,29.18566,00100
-97.02515,29.17848,00100
-97.02819,29.15599,00100
-97.02935,29.13350,00100
-97.02748,29.11104,00100
-97.03080,29.09471,00100
-97.03539,29.08852,00100
-97.03071,29.08219,00100
-97.02428,29.06611,00100
-97.02283,29.04364,00100
-97.01341,29.02121,00100
-97.00448,29.00666,00100
-96.98889,28.99887,00100
-96.97871,28.99519,00100
-96.95303,28.99825,00100
-96.94878,28.99906,00100
-96.92737,29.00316,00100
-96.90845,29.02172,00100
-96.90180,29.02636,00100
-96.87610,29.02690,00100
-96.87257,29.02188,00100
-96.87038,28.99941,00100
-96.85737,28.97699,00100
       </coordinates>
      </LinearRing>
     </outerBoundaryIs>
    </Polygon>
    <Polygon>
     <extrude>1</extrude>
     <altitudeMode>clampToGround</altitudeMode>
     <outerBoundaryIs>
      <LinearRing>
       <coordinates>
-97.14087,29.40257,00100
-97.13615,29.39860,00100
-97.13053,29.40264,00100
-97.12510,29.42515,00100
-97.13644,29.43401,00100
-97.14636,29.42502,00100
-97.14087,29.40257,00100
       </coordinates>
      </LinearRing>
     </outerBoundaryIs>
    </Polygon>
    <Polygon>
     <extrude>1</extrude>
     <altitudeMode>clampToGround</altitudeMode>
     <outerBoundaryIs>
      <LinearRing>
       <coordinates>
-97.19115,29.62704,00100
-97.18971,29.62432,00100
-97.18686,29.62706,00100
-97.18976,29.62890,00100
-97.19115,29.62704,00100
       </coordinates>
      </LinearRing>
     </outerBoundaryIs>
    </Polygon>
    <Polygon>
     <extrude>1</extrude>
     <altitudeMode>clampToGround</altitudeMode>
     <outerBoundaryIs>
      <LinearRing>
       <coordinates>
-97.11057,29.67250,00100
-97.08648,29.65058,00100
-97.06660,29.67276,00100
-97.08678,29.68913,00100
-97.11057,29.67250,00100
       </coordinates>
      </LinearRing>
     </outerBoundaryIs>
     <innerBoundaryIs>
      <LinearRing>
       <coordinates>
-96.92855,29.71842,00100
-96.93167,29.71474,00100
-96.94926,29.71833,00100
-96.93172,29.72362,00100
-96.92855,29.71842,00100
       </coordinates>
      </LinearRing>
     </innerBoundaryIs>
    </Polygon>
    <Polygon>
     <extrude>1</extrude>
     <altitudeMode>clampToGround</altitudeMode>
     <outerBoundaryIs>
      <LinearRing>
       <coordinates>
-97.05074,29.80773,00100
-97.03575,29.79152,00100
-97.02175,29.80789,00100
-97.02270,29.83036,00100
-97.03612,29.84241,00100
-97.05051,29.83021,00100
-97.05074,29.80773,00100
       </coordinates>
      </LinearRing>
     </outerBoundaryIs>
    </Polygon>
   </MultiGeometry>
  </Placemark>
  <Placemark>
   <name>Contour Level: 1.0E-14 mass/m3</name>
   <Snippet maxLines="0"></Snippet>
   <TimeSpan>
    <begin>2026-01-25T04:00:00Z</begin>
    <end>2026-01-25T05:00:00Z</end>
   </TimeSpan>
   <styleUrl>#conc3</styleUrl>
   <MultiGeometry>
    <Polygon>
     <extrude>1</extrude>
     <altitudeMode>clampToGround</altitudeMode>
     <outerBoundaryIs>
      <LinearRing>
       <coordinates>
-96.83720,29.02202,00300
-96.82466,29.02019,00300
-96.82340,29.02207,00300
-96.82278,29.04455,00300
-96.81008,29.06707,00300
-96.79922,29.07521,00300
-96.77354,29.08239,00300
-96.75385,29.08974,00300
-96.74786,29.09143,00300
-96.74117,29.08978,00300
-96.72211,29.08527,00300
-96.70908,29.06741,00300
-96.69628,29.05249,00300
-96.67061,29.06248,00300
-96.66790,29.06752,00300
-96.66644,29.08999,00300
-96.66195,29.11248,00300
-96.65566,29.13497,00300
-96.64517,29.15121,00300
-96.63703,29.15750,00300
-96.62494,29.17999,00300
-96.61955,29.19217,00300
-96.61671,29.20249,00300
-96.61160,29.22497,00300
-96.60831,29.24746,00300
-96.60325,29.26995,00300
-96.59404,29.28061,00300
-96.57917,29.29247,00300
-96.56834,29.30723,00300
-96.56454,29.31497,00300
-96.56499,29.33745,00300
-96.56692,29.35992,00300
-96.56533,29.38240,00300
-96.55865,29.40489,00300
-96.55243,29.42738,00300
-96.54285,29.44383,00300
-96.53813,29.44988,00300
-96.53593,29.47236,00300
-96.51711,29.48406,00300
-96.51077,29.49488,00300
-96.50401,29.51736,00300
-96.49319,29.53985,00300
-96.49570,29.56232,00300
-96.49144,29.58020,00300
-96.48828,29.58482,00300
-96.48971,29.60729,00300
-96.47686,29.62978,00300
-96.46567,29.63538,00300
-96.44901,29.65229,00300
-96.44572,29.67477,00300
-96.44357,29.69725,00300
-96.44994,29.71973,00300
-96.44391,29.74221,00300
-96.44893,29.76469,00300
-96.44010,29.78718,00300
-96.43997,29.79254,00300
-96.43860,29.80966,00300
-96.42227,29.83215,00300
-96.41411,29.84764,00300
-96.40984,29.85464,00300
-96.40343,29.87712,00300
-96.39951,29.89960,00300
-96.39951,29.92208,00300
-96.39082,29.94457,00300
-96.39614,29.96705,00300
-96.38827,29.98182,00300
-96.37918,29.98954,00300
-96.38828,30.00173,00300
-96.39011,30.01201,00300
-96.38828,30.01824,00300
-96.37277,30.03450,00300
-96.37134,30.05698,00300
-96.36959,30.07946,00300
-96.36583,30.10195,00300
-96.36432,30.12442,00300
-96.36235,30.12656,00300
-96.35278,30.14691,00300
-96.34457,30.16939,00300
-96.34229,30.19187,00300
-96.34061,30.21435,00300
-96.33915,30.23684,00300
-96.33847,30.25932,00300
-96.33780,30.28180,00300
-96.33737,30.30429,00300
-96.33706,30.32677,00300
-96.33636,30.34732,00300
-96.33255,30.34925,00300
-96.31030,30.36257,00300
-96.30387,30.37173,00300
-96.29597,30.39421,00300
-96.29302,30.41669,00300
-96.28742,30.43917,00300
-96.28639,30.46165,00300
-96.28510,30.48413,00300
-96.28476,30.50661,00300
-96.28452,30.52910,00300
-96.28441,30.55158,00300
-96.28436,30.57406,00300
-96.28438,30.59654,00300
-96.28441,30.61903,00300
-96.28467,30.64151,00300
-96.28564,30.66399,00300
-96.31021,30.68514,00300
-96.33636,30.67592,00300
-96.36250,30.68514,00300
-96.38707,30.66399,00300
-96.38805,30.64151,00300
-96.38831,30.61903,00300
-96.38840,30.59654,00300
-96.38852,30.57406,00300
-96.38858,30.57324,00300
-96.41470,30.57117,00300
-96.43659,30.55155,00300
-96.43845,30.52907,00300
-96.43956,30.50658,00300
-96.43994,30.48410,00300
-96.44019,30.46162,00300
-96.44068,30.45421,00300
-96.46674,30.44009,00300
-96.46747,30.43911,00300
-96.48374,30.41661,00300
-96.48888,30.39412,00300
-96.49078,30.37164,00300
-96.49268,30.35857,00300
-96.50455,30.34914,00300
-96.51643,30.32664,00300
-96.51868,30.32354,00300
-96.53523,30.30413,00300
-96.54464,30.28528,00300
-96.55125,30.28163,00300
-96.56785,30.25911,00300
-96.57059,30.25395,00300
-96.57799,30.23662,00300
-96.58582,30.21412,00300
-96.59429,30.19162,00300
-96.59644,30.18429,00300
-96.60546,30.16912,00300
-96.62235,30.15212,00300
-96.63069,30.14658,00300
-96.64828,30.13186,00300
-96.65559,30.12404,00300
-96.66529,30.10154,00300
-96.66805,30.07904,00300
-96.67403,30.05885,00300
-96.67593,30.05654,00300
-96.69992,30.03645,00300
-96.70484,30.03398,00300
-96.72219,30.01145,00300
-96.72577,30.00799,00300
-96.75156,29.98888,00300
-96.75166,29.98877,00300
-96.76184,29.96637,00300
-96.76384,29.94388,00300
-96.76425,29.92139,00300
-96.77722,29.90266,00300
-96.78484,29.89884,00300
-96.80308,29.88733,00300
-96.81385,29.87626,00300
-96.82259,29.85375,00300
-96.82636,29.83125,00300
-96.82867,29.82001,00300
-96.83729,29.80873,00300
-96.85448,29.80150,00300
-96.86739,29.78613,00300
-96.87134,29.76363,00300
-96.87737,29.74113,00300
-96.87377,29.71866,00300
-96.87988,29.70978,00300
-96.90041,29.69607,00300
-96.90565,29.69063,00300
-96.91725,29.67352,00300
-96.92083,29.65102,00300
-96.91701,29.62856,00300
-96.92255,29.60605,00300
-96.93097,29.59903,00300
-96.95673,29.58631,00300
-96.95950,29.58340,00300
-96.96749,29.56088,00300
-96.97690,29.53836,00300
-96.97803,29.51587,00300
-96.98206,29.50629,00300
-96.99056,29.49334,00300
-96.98189,29.48041,00300
-96.97958,29.47091,00300
-96.98180,29.46765,00300
-97.00758,29.46100,00300
-97.03339,29.46047,00300
-97.03918,29.44813,00300
-97.04822,29.42560,00300
-97.04399,29.40314,00300
-97.03291,29.39257,00300
-97.01815,29.38080,00300
-97.01560,29.35834,00300
-97.01794,29.33585,00300
-97.01816,29.31337,00300
-97.02137,29.29087,00300
-97.01793,29.26842,00300
-97.01420,29.24596,00300
-97.00600,29.22984,00300
-96.99499,29.22359,00300
-96.98438,29.20116,00300
-96.98002,29.19633,00300
-96.96879,29.17876,00300
-96.96852,29.15629,00300
-96.97973,29.15149,00300
-97.00536,29.13556,00300
-97.00640,29.13362,00300
-97.01024,29.11113,00300
-97.00510,29.09721,00300
-96.99431,29.08874,00300
-96.97918,29.06800,00300
-96.95466,29.08893,00300
-96.95677,29.11140,00300
-96.95388,29.13319,00300
-96.95349,29.13389,00300
-96.92821,29.14281,00300
-96.90244,29.13595,00300
-96.89825,29.13414,00300
-96.87661,29.11981,00300
-96.87289,29.11178,00300
-96.87647,29.09401,00300
-96.87971,29.08927,00300
-96.87642,29.08492,00300
-96.86697,29.06685,00300
-96.85051,29.04772,00300
-96.83607,29.04450,00300
-96.83720,29.02202,00300
       </coordinates>
      </LinearRing>
     </outerBoundaryIs>
    </Polygon>
   </MultiGeometry>
  </Placemark>
  <Placemark>
   <name>Contour Level: 3.2E-14 mass/m3</name>
   <Snippet maxLines="0"></Snippet>
   <TimeSpan>
    <begin>2026-01-25T04:00:00Z</begin>
    <end>2026-01-25T05:00:00Z</end>
   </TimeSpan>
   <styleUrl>#conc4</styleUrl>
   <MultiGeometry>
    <Polygon>
     <extrude>1</extrude>
     <altitudeMode>clampToGround</altitudeMode>
     <outerBoundaryIs>
      <LinearRing>
       <coordinates>
-96.80225,29.17948,00500
-96.79970,29.17625,00500
-96.77394,29.17250,00500
-96.76379,29.17961,00500
-96.74827,29.18791,00500
-96.72390,29.20221,00500
-96.72258,29.20337,00500
-96.71037,29.22473,00500
-96.69843,29.24724,00500
-96.69714,29.26972,00500
-96.69707,29.26981,00500
-96.67441,29.29225,00500
-96.67140,29.29684,00500
-96.64565,29.30181,00500
-96.62406,29.31485,00500
-96.61993,29.32071,00500
-96.61430,29.33735,00500
-96.60937,29.35984,00500
-96.60532,29.38232,00500
-96.60065,29.40481,00500
-96.60039,29.42729,00500
-96.59447,29.44436,00500
-96.58973,29.44979,00500
-96.59414,29.47225,00500
-96.56989,29.49478,00500
-96.56879,29.49654,00500
-96.55500,29.51728,00500
-96.54303,29.53062,00500
-96.53519,29.53979,00500
-96.52409,29.56229,00500
-96.52016,29.58477,00500
-96.51733,29.60138,00500
-96.51645,29.60726,00500
-96.51197,29.62974,00500
-96.49731,29.65224,00500
-96.49158,29.67195,00500
-96.49074,29.67473,00500
-96.47964,29.69722,00500
-96.48129,29.71970,00500
-96.47395,29.74218,00500
-96.47234,29.76467,00500
-96.46587,29.78686,00500
-96.46580,29.78715,00500
-96.45808,29.80964,00500
-96.45184,29.83213,00500
-96.44266,29.85461,00500
-96.44218,29.87710,00500
-96.44007,29.88318,00500
-96.43023,29.89959,00500
-96.44011,29.92069,00500
-96.44034,29.92206,00500
-96.44011,29.92246,00500
-96.41845,29.94456,00500
-96.41421,29.96485,00500
-96.41361,29.96704,00500
-96.40138,29.98953,00500
-96.39935,30.01201,00500
-96.39267,30.03449,00500
-96.39164,30.05698,00500
-96.39073,30.07945,00500
-96.38832,30.09158,00500
-96.38240,30.10194,00500
-96.38834,30.10989,00500
-96.39078,30.12442,00500
-96.38834,30.12945,00500
-96.36868,30.14691,00500
-96.36237,30.16935,00500
-96.36234,30.16939,00500
-96.35512,30.19187,00500
-96.34980,30.21435,00500
-96.34520,30.23684,00500
-96.34303,30.25932,00500
-96.34094,30.28180,00500
-96.33972,30.30429,00500
-96.33882,30.32677,00500
-96.33784,30.34925,00500
-96.33715,30.37173,00500
-96.33636,30.38647,00500
-96.32504,30.39421,00500
-96.31146,30.41669,00500
-96.31029,30.41757,00500
-96.29439,30.43917,00500
-96.29115,30.46165,00500
-96.28711,30.48413,00500
-96.28603,30.50661,00500
-96.28529,30.52910,00500
-96.28498,30.55158,00500
-96.28487,30.57406,00500
-96.28493,30.59654,00500
-96.28506,30.61903,00500
-96.28591,30.64151,00500
-96.28902,30.66400,00500
-96.31021,30.68223,00500
-96.33451,30.66400,00500
-96.33636,30.66373,00500
-96.33820,30.66400,00500
-96.36250,30.68224,00500
-96.38370,30.66400,00500
-96.38680,30.64151,00500
-96.38766,30.61903,00500
-96.38784,30.59654,00500
-96.38802,30.57406,00500
-96.38858,30.56640,00500
-96.41469,30.56305,00500
-96.42752,30.55156,00500
-96.43343,30.52907,00500
-96.43698,30.50658,00500
-96.43805,30.48410,00500
-96.43864,30.46162,00500
-96.44016,30.43914,00500
-96.44065,30.42982,00500
-96.45732,30.41664,00500
-96.46670,30.41049,00500
-96.47616,30.39414,00500
-96.47897,30.37165,00500
-96.48751,30.34916,00500
-96.49228,30.32667,00500
-96.49263,30.32363,00500
-96.50446,30.30418,00500
-96.51860,30.28436,00500
-96.52017,30.28167,00500
-96.53265,30.25917,00500
-96.53983,30.23668,00500
-96.54393,30.21419,00500
-96.54448,30.21203,00500
-96.55940,30.19168,00500
-96.56459,30.16919,00500
-96.57037,30.15682,00500
-96.57888,30.14668,00500
-96.58339,30.12420,00500
-96.59466,30.10170,00500
-96.59621,30.09930,00500
-96.61703,30.07916,00500
-96.62211,30.07024,00500
-96.63258,30.05665,00500
-96.64705,30.03413,00500
-96.64796,30.03187,00500
-96.65528,30.01163,00500
-96.65525,29.98915,00500
-96.66238,29.96665,00500
-96.67365,29.94973,00500
-96.67855,29.94413,00500
-96.68552,29.92163,00500
-96.69946,29.91219,00500
-96.71083,29.89908,00500
-96.72243,29.87656,00500
-96.72521,29.86780,00500
-96.73676,29.85404,00500
-96.75101,29.83952,00500
-96.75760,29.83150,00500
-96.76376,29.80900,00500
-96.76779,29.78650,00500
-96.77017,29.76401,00500
-96.77655,29.75406,00500
-96.78729,29.74147,00500
-96.79752,29.71896,00500
-96.80025,29.69647,00500
-96.80215,29.69286,00500
-96.80995,29.67395,00500
-96.81024,29.65148,00500
-96.80638,29.62901,00500
-96.80181,29.62125,00500
-96.79967,29.60655,00500
-96.80000,29.58407,00500
-96.80158,29.57437,00500
-96.80386,29.56158,00500
-96.81423,29.53906,00500
-96.81968,29.51657,00500
-96.82710,29.50667,00500
-96.85294,29.50902,00500
-96.85815,29.51641,00500
-96.87892,29.53852,00500
-96.90466,29.51958,00500
-96.90606,29.51621,00500
-96.90458,29.50680,00500
-96.89939,29.49377,00500
-96.90438,29.47312,00500
-96.90465,29.47126,00500
-96.90437,29.47021,00500
-96.89237,29.44884,00500
-96.87837,29.43932,00500
-96.86654,29.42647,00500
-96.86442,29.40400,00500
-96.86462,29.38152,00500
-96.86794,29.35903,00500
-96.87591,29.33652,00500
-96.87343,29.31406,00500
-96.87399,29.29157,00500
-96.86462,29.26914,00500
-96.86356,29.24667,00500
-96.87719,29.22508,00500
-96.87802,29.22413,00500
-96.87718,29.22353,00500
-96.85142,29.22165,00500
-96.82768,29.20185,00500
-96.82556,29.20074,00500
-96.80225,29.17948,00500
       </coordinates>
      </LinearRing>
     </outerBoundaryIs>
    </Polygon>
   </MultiGeometry>
  </Placemark>
  <Placemark>
   <name>Contour Level: 1.0E-13 mass/m3</name>
   <Snippet maxLines="0"></Snippet>
   <TimeSpan>
    <begin>2026-01-25T04:00:00Z</begin>
    <end>2026-01-25T05:00:00Z</end>
   </TimeSpan>
   <styleUrl>#conc5</styleUrl>
   <MultiGeometry>
    <Polygon>
     <extrude>1</extrude>
     <altitudeMode>clampToGround</altitudeMode>
     <outerBoundaryIs>
      <LinearRing>
       <coordinates>
-96.62327,29.62954,00700
-96.62082,29.62884,00700
-96.61908,29.62955,00700
-96.59498,29.63496,00700
-96.58067,29.65211,00700
-96.56919,29.66634,00700
-96.56633,29.67462,00700
-96.55946,29.69711,00700
-96.55043,29.71960,00700
-96.54346,29.73529,00700
-96.53997,29.74210,00700
-96.53642,29.76458,00700
-96.53188,29.78707,00700
-96.52668,29.80956,00700
-96.51775,29.83067,00700
-96.51733,29.83205,00700
-96.50550,29.85455,00700
-96.49487,29.87704,00700
-96.49192,29.87954,00700
-96.47832,29.89954,00700
-96.46604,29.92040,00700
-96.46544,29.92204,00700
-96.45858,29.94452,00700
-96.45315,29.96701,00700
-96.44018,29.98717,00700
-96.43805,29.98950,00700
-96.42878,30.01199,00700
-96.42059,30.03448,00700
-96.41428,30.05556,00700
-96.41391,30.05696,00700
-96.40894,30.07944,00700
-96.40510,30.10193,00700
-96.40253,30.12441,00700
-96.39283,30.14690,00700
-96.39502,30.16938,00700
-96.38837,30.18291,00700
-96.37836,30.19187,00700
-96.37626,30.21435,00700
-96.36410,30.23684,00700
-96.36238,30.24199,00700
-96.35746,30.25932,00700
-96.35088,30.28180,00700
-96.34714,30.30429,00700
-96.34438,30.32677,00700
-96.34271,30.34925,00700
-96.34110,30.37173,00700
-96.33985,30.39421,00700
-96.33778,30.41669,00700
-96.33636,30.42809,00700
-96.32154,30.43918,00700
-96.31028,30.45056,00700
-96.30619,30.46165,00700
-96.29344,30.48414,00700
-96.29005,30.50661,00700
-96.28775,30.52910,00700
-96.28679,30.55158,00700
-96.28648,30.57406,00700
-96.28671,30.59654,00700
-96.28711,30.61903,00700
-96.28983,30.64151,00700
-96.29970,30.66400,00700
-96.31022,30.67305,00700
-96.32227,30.66400,00700
-96.33636,30.66193,00700
-96.35043,30.66400,00700
-96.36250,30.67305,00700
-96.37302,30.66400,00700
-96.38288,30.64151,00700
-96.38561,30.61903,00700
-96.38608,30.59654,00700
-96.38641,30.57406,00700
-96.38800,30.55158,00700
-96.38857,30.54968,00700
-96.41467,30.53474,00700
-96.41760,30.52908,00700
-96.42882,30.50659,00700
-96.43205,30.48411,00700
-96.43375,30.46162,00700
-96.43570,30.43914,00700
-96.43659,30.41666,00700
-96.44009,30.39417,00700
-96.44061,30.39234,00700
-96.45734,30.37167,00700
-96.46662,30.35284,00700
-96.46902,30.34918,00700
-96.47297,30.32670,00700
-96.48062,30.30420,00700
-96.48877,30.28171,00700
-96.49253,30.26079,00700
-96.49318,30.25923,00700
-96.50931,30.23673,00700
-96.51489,30.21423,00700
-96.51845,30.20325,00700
-96.52408,30.19174,00700
-96.52457,30.16926,00700
-96.53334,30.14676,00700
-96.53925,30.12427,00700
-96.54187,30.10179,00700
-96.54424,30.09644,00700
-96.55500,30.07928,00700
-96.56077,30.05679,00700
-96.57007,30.03583,00700
-96.57118,30.03429,00700
-96.57852,30.01180,00700
-96.58481,29.98931,00700
-96.59587,29.97087,00700
-96.59737,29.96680,00700
-96.59580,29.94649,00700
-96.59554,29.94432,00700
-96.59579,29.94396,00700
-96.60559,29.92182,00700
-96.60595,29.89934,00700
-96.60891,29.87685,00700
-96.61045,29.85437,00700
-96.61361,29.83188,00700
-96.62054,29.80939,00700
-96.62135,29.80860,00700
-96.64720,29.79242,00700
-96.65263,29.78683,00700
-96.66431,29.76432,00700
-96.67294,29.74433,00700
-96.67465,29.74182,00700
-96.68365,29.71931,00700
-96.68194,29.69684,00700
-96.68477,29.67435,00700
-96.67263,29.65444,00700
-96.67056,29.65191,00700
-96.64671,29.63547,00700
-96.62327,29.62954,00700
       </coordinates>
      </LinearRing>
     </outerBoundaryIs>
    </Polygon>
   </MultiGeometry>
  </Placemark>
  <Placemark>
   <name>Contour Level: 3.2E-13 mass/m3</name>
   <Snippet maxLines="0"></Snippet>
   <TimeSpan>
    <begin>2026-01-25T04:00:00Z</begin>
    <end>2026-01-25T05:00:00Z</end>
   </TimeSpan>
   <styleUrl>#conc6</styleUrl>
   <MultiGeometry>
    <Polygon>
     <extrude>1</extrude>
     <altitudeMode>clampToGround</altitudeMode>
     <outerBoundaryIs>
      <LinearRing>
       <coordinates>
-96.45917,30.16934,00900
-96.44035,30.14732,00900
-96.42768,30.16936,00900
-96.42909,30.19184,00900
-96.42043,30.21433,00900
-96.41561,30.23682,00900
-96.41443,30.23928,00900
-96.40643,30.25930,00900
-96.39326,30.28179,00900
-96.38843,30.28350,00900
-96.37045,30.30428,00900
-96.36240,30.32525,00900
-96.36195,30.32677,00900
-96.35812,30.34925,00900
-96.35361,30.37173,00900
-96.35220,30.39421,00900
-96.34971,30.41669,00900
-96.34743,30.43918,00900
-96.33851,30.46166,00900
-96.33636,30.46693,00900
-96.31796,30.48414,00900
-96.31026,30.48893,00900
-96.30276,30.50662,00900
-96.29553,30.52910,00900
-96.29252,30.55158,00900
-96.29155,30.57406,00900
-96.29229,30.59654,00900
-96.29359,30.61903,00900
-96.30225,30.64151,00900
-96.31022,30.65238,00900
-96.33636,30.65624,00900
-96.36250,30.65240,00900
-96.37048,30.64151,00900
-96.37914,30.61903,00900
-96.38049,30.59654,00900
-96.38132,30.57406,00900
-96.38224,30.55158,00900
-96.38856,30.53062,00900
-96.39059,30.52909,00900
-96.39987,30.50661,00900
-96.41349,30.48412,00900
-96.41462,30.47840,00900
-96.41827,30.46163,00900
-96.42157,30.43915,00900
-96.42142,30.41667,00900
-96.42477,30.39418,00900
-96.42690,30.37170,00900
-96.42812,30.34922,00900
-96.44054,30.32756,00900
-96.44114,30.32673,00900
-96.44071,30.30424,00900
-96.44903,30.28175,00900
-96.45270,30.25927,00900
-96.45407,30.23679,00900
-96.45830,30.21430,00900
-96.45839,30.19182,00900
-96.45917,30.16934,00900
       </coordinates>
      </LinearRing>
     </outerBoundaryIs>
    </Polygon>
   </MultiGeometry>
  </Placemark>
  <Placemark>
   <name>Contour Level: 1.0E-12 mass/m3</name>
   <Snippet maxLines="0"></Snippet>
   <TimeSpan>
    <begin>2026-01-25T04:00:00Z</begin>
    <end>2026-01-25T05:00:00Z</end>
   </TimeSpan>
   <styleUrl>#conc7</styleUrl>
   <MultiGeometry>
    <Polygon>
     <extrude>1</extrude>
     <altitudeMode>clampToGround</altitudeMode>
     <outerBoundaryIs>
      <LinearRing>
       <coordinates>
-96.33801,30.50662,01100
-96.33636,30.50593,01100
-96.33548,30.50662,01100
-96.32515,30.52911,01100
-96.31062,30.55159,01100
-96.31025,30.55402,01100
-96.30759,30.57407,01100
-96.30994,30.59655,01100
-96.31023,30.59837,01100
-96.31410,30.61904,01100
-96.33636,30.63828,01100
-96.35865,30.61904,01100
-96.36248,30.59874,01100
-96.36283,30.59655,01100
-96.36524,30.57407,01100
-96.36404,30.55159,01100
-96.36246,30.54414,01100
-96.35290,30.52910,01100
-96.33801,30.50662,01100
       </coordinates>
      </LinearRing>
     </outerBoundaryIs>
    </Polygon>
   </MultiGeometry>
  </Placemark>
  <Placemark>
   <name>Maximum Value Grid Cell</name>
   <Snippet maxLines="0"></Snippet>
   <description><![CDATA[<pre>
LAT:   30.5741 LON:  -96.3364
Value: 2.6E-12
      The square represents the location
      of maximum concentration and the
      size of the square represents the
      concentration grid cell size.
    </pre>]]>
   </description>
   <TimeSpan>
    <begin>2026-01-25T04:00:00Z</begin>
    <end>2026-01-25T05:00:00Z</end>
   </TimeSpan>
   <styleUrl>#maxv</styleUrl>
   <Polygon>
    <extrude>1</extrude>
    <altitudeMode>clampToGround</altitudeMode>
    <outerBoundaryIs>
     <LinearRing>
      <coordinates>
        -96.36246,30.55159,00100
        -96.31025,30.55159,00100
        -96.31024,30.59655,00100
        -96.36247,30.59655,00100
        -96.36246,30.55159,00100
      </coordinates>
     </LinearRing>
    </outerBoundaryIs>
   </Polygon>
  </Placemark>
 </Folder>
 <Folder>
  <name><![CDATA[<pre>Concentration 
(Valid:20260125 0600UTC)</pre>]]>
  </name>
  <visibility>0</visibility>
  <description><![CDATA[<pre>
Averaged from 00000 to 00100m
Valid:20260125 0600 UTC
   </pre>]]>
  </description>
  <ScreenOverlay>
   <name>Legend</name>
   <Snippet maxLines="0"></Snippet>
   <TimeSpan>
    <begin>2026-01-25T05:00:00Z</begin>
    <end>2026-01-25T06:00:00Z</end>
   </TimeSpan>
   <Icon>
    <href>GELABEL_06_22130.gif</href>
   </Icon>
   <overlayXY x="0" y="1" xunits="fraction" yunits="fraction"/>
   <screenXY x="0" y="1" xunits="fraction" yunits="fraction"/>
   <rotationXY x="0" y="0" xunits="fraction" yunits="fraction"/>
   <size x="0" y="0" xunits="pixels" yunits="pixels"/>
  </ScreenOverlay>
  <Placemark>
   <name>Contour Level: 3.2E-15 mass/m3</name>
   <Snippet maxLines="0"></Snippet>
   <TimeSpan>
    <begin>2026-01-25T05:00:00Z</begin>
    <end>2026-01-25T06:00:00Z</end>
   </TimeSpan>
   <styleUrl>#conc2</styleUrl>
   <MultiGeometry>
    <Polygon>
     <extrude>1</extrude>
     <altitudeMode>clampToGround</altitudeMode>
     <outerBoundaryIs>
      <LinearRing>
       <coordinates>
-96.85918,28.72980,00100
-96.84882,28.72481,00100
-96.84083,28.72987,00100
-96.82330,28.74447,00100
-96.81892,28.75242,00100
-96.80766,28.77494,00100
-96.79787,28.78752,00100
-96.77226,28.79458,00100
-96.75078,28.77514,00100
-96.74652,28.77023,00100
-96.73241,28.77519,00100
-96.72092,28.77999,00100
-96.71386,28.79772,00100
-96.70652,28.82021,00100
-96.69551,28.84152,00100
-96.69414,28.84271,00100
-96.69554,28.85066,00100
-96.69637,28.86518,00100
-96.69560,28.86695,00100
-96.67553,28.88771,00100
-96.67005,28.89972,00100
-96.66389,28.91022,00100
-96.65738,28.93270,00100
-96.65163,28.95519,00100
-96.64925,28.97767,00100
-96.64465,28.98502,00100
-96.62598,29.00020,00100
-96.61903,29.00961,00100
-96.61230,29.02270,00100
-96.60155,29.04519,00100
-96.59834,29.06768,00100
-96.59351,29.07466,00100
-96.57571,29.09019,00100
-96.56785,29.10157,00100
-96.56264,29.11270,00100
-96.56016,29.13517,00100
-96.55916,29.15765,00100
-96.55883,29.18012,00100
-96.55733,29.20260,00100
-96.55032,29.22509,00100
-96.54241,29.23565,00100
-96.53207,29.24760,00100
-96.53935,29.27006,00100
-96.52180,29.29256,00100
-96.52001,29.31504,00100
-96.51682,29.32423,00100
-96.51252,29.33753,00100
-96.50552,29.36001,00100
-96.49935,29.38250,00100
-96.49702,29.40498,00100
-96.49551,29.42746,00100
-96.49121,29.43580,00100
-96.47480,29.44996,00100
-96.46545,29.47089,00100
-96.46443,29.47245,00100
-96.45244,29.49494,00100
-96.45087,29.51742,00100
-96.44313,29.53990,00100
-96.44725,29.56238,00100
-96.44076,29.58486,00100
-96.44045,29.60734,00100
-96.43978,29.61381,00100
-96.43167,29.62982,00100
-96.41467,29.65232,00100
-96.41396,29.65447,00100
-96.40389,29.67480,00100
-96.39550,29.69728,00100
-96.39747,29.71976,00100
-96.39077,29.74224,00100
-96.39695,29.76473,00100
-96.39116,29.78721,00100
-96.39451,29.80969,00100
-96.39159,29.83217,00100
-96.39022,29.85465,00100
-96.39210,29.87713,00100
-96.38821,29.88805,00100
-96.37610,29.89962,00100
-96.38823,29.91710,00100
-96.38914,29.92209,00100
-96.38824,29.92426,00100
-96.37038,29.94458,00100
-96.38825,29.95949,00100
-96.39043,29.96705,00100
-96.38826,29.97128,00100
-96.36688,29.98954,00100
-96.37479,30.01202,00100
-96.36247,30.03450,00100
-96.36233,30.03559,00100
-96.35115,30.05699,00100
-96.34400,30.07947,00100
-96.34127,30.10195,00100
-96.33978,30.12443,00100
-96.33942,30.14691,00100
-96.33848,30.16939,00100
-96.33798,30.19187,00100
-96.33757,30.21435,00100
-96.33714,30.23684,00100
-96.33693,30.25932,00100
-96.33678,30.28180,00100
-96.33671,30.30429,00100
-96.33662,30.32677,00100
-96.33636,30.34576,00100
-96.32899,30.34925,00100
-96.31030,30.35926,00100
-96.30110,30.37173,00100
-96.29401,30.39421,00100
-96.29145,30.41669,00100
-96.28587,30.43917,00100
-96.28523,30.46165,00100
-96.28454,30.48413,00100
-96.28438,30.50661,00100
-96.28428,30.52910,00100
-96.28423,30.55158,00100
-96.28420,30.57406,00100
-96.28419,30.59654,00100
-96.28419,30.61903,00100
-96.28425,30.64151,00100
-96.28451,30.66399,00100
-96.31021,30.68612,00100
-96.33636,30.68361,00100
-96.36250,30.68612,00100
-96.38821,30.66399,00100
-96.38847,30.64151,00100
-96.38852,30.61903,00100
-96.38854,30.59654,00100
-96.38858,30.57501,00100
-96.38963,30.57406,00100
-96.41470,30.57343,00100
-96.43974,30.55155,00100
-96.44019,30.52907,00100
-96.44045,30.50658,00100
-96.44063,30.48410,00100
-96.44070,30.47266,00100
-96.46678,30.47036,00100
-96.47548,30.46158,00100
-96.48513,30.43909,00100
-96.48978,30.41661,00100
-96.49224,30.39412,00100
-96.49273,30.38740,00100
-96.50619,30.37162,00100
-96.51874,30.35804,00100
-96.52798,30.34911,00100
-96.53902,30.32661,00100
-96.54469,30.31177,00100
-96.55002,30.30411,00100
-96.56644,30.28160,00100
-96.57065,30.27394,00100
-96.58228,30.25909,00100
-96.59660,30.24545,00100
-96.61070,30.23655,00100
-96.62237,30.21404,00100
-96.62254,30.21387,00100
-96.64851,30.20056,00100
-96.66305,30.19146,00100
-96.67442,30.17332,00100
-96.67932,30.16894,00100
-96.69753,30.14641,00100
-96.70030,30.13989,00100
-96.71862,30.12387,00100
-96.71958,30.10139,00100
-96.70483,30.07894,00100
-96.72602,30.06916,00100
-96.74719,30.05634,00100
-96.75193,30.05448,00100
-96.77358,30.03377,00100
-96.77628,30.01128,00100
-96.77769,30.00817,00100
-96.80357,29.98893,00100
-96.80412,29.98870,00100
-96.82246,29.96615,00100
-96.82938,29.96106,00100
-96.84150,29.96608,00100
-96.85539,29.97264,00100
-96.88134,29.97246,00100
-96.89057,29.96588,00100
-96.90717,29.95199,00100
-96.91244,29.94330,00100
-96.92352,29.92077,00100
-96.93282,29.90350,00100
-96.95199,29.89816,00100
-96.95869,29.89289,00100
-96.96555,29.89810,00100
-96.98472,29.90770,00100
-97.01065,29.90748,00100
-97.03254,29.89775,00100
-97.03651,29.89645,00100
-97.05318,29.87516,00100
-97.06215,29.85724,00100
-97.06484,29.85261,00100
-97.08794,29.83979,00100
-97.10205,29.82992,00100
-97.11036,29.80739,00100
-97.11351,29.79680,00100
-97.11736,29.78486,00100
-97.11890,29.76238,00100
-97.11307,29.74103,00100
-97.11246,29.73993,00100
-97.09265,29.71757,00100
-97.08694,29.71037,00100
-97.07748,29.69518,00100
-97.07323,29.67272,00100
-97.06983,29.65027,00100
-97.06509,29.62781,00100
-97.07973,29.60525,00100
-97.08611,29.60185,00100
-97.10529,29.58262,00100
-97.10518,29.56014,00100
-97.09834,29.53770,00100
-97.08548,29.52014,00100
-97.08365,29.51531,00100
-97.08541,29.51087,00100
-97.09806,29.49275,00100
-97.08981,29.47031,00100
-97.11079,29.45339,00100
-97.11459,29.44769,00100
-97.12337,29.42516,00100
-97.13247,29.40263,00100
-97.13589,29.38013,00100
-97.13598,29.37803,00100
-97.14014,29.38010,00100
-97.16181,29.38218,00100
-97.18775,29.39879,00100
-97.19151,29.40225,00100
-97.19383,29.42471,00100
-97.19227,29.44720,00100
-97.19911,29.46963,00100
-97.19506,29.49214,00100
-97.20168,29.51457,00100
-97.20336,29.53704,00100
-97.20570,29.55950,00100
-97.21519,29.58084,00100
-97.21609,29.58191,00100
-97.24113,29.59185,00100
-97.25050,29.58167,00100
-97.25558,29.55916,00100
-97.25950,29.53665,00100
-97.26606,29.51412,00100
-97.26624,29.51384,00100
-97.28060,29.49154,00100
-97.28864,29.46900,00100
-97.29150,29.45512,00100
-97.29973,29.44645,00100
-97.31098,29.42388,00100
-97.30762,29.40143,00100
-97.30233,29.37899,00100
-97.30061,29.35652,00100
-97.29038,29.33969,00100
-97.27013,29.33427,00100
-97.26444,29.32377,00100
-97.26262,29.31185,00100
-97.23840,29.29486,00100
-97.23266,29.28958,00100
-97.21238,29.26757,00100
-97.21201,29.26725,00100
-97.18646,29.25008,00100
-97.18403,29.24496,00100
-97.17683,29.22253,00100
-97.18607,29.20439,00100
-97.21188,29.21159,00100
-97.21825,29.22225,00100
-97.23792,29.24312,00100
-97.26348,29.22217,00100
-97.26389,29.22193,00100
-97.27164,29.19940,00100
-97.27097,29.17693,00100
-97.27570,29.15442,00100
-97.27345,29.13196,00100
-97.27618,29.10946,00100
-97.28139,29.08695,00100
-97.28172,29.06447,00100
-97.27355,29.04206,00100
-97.26161,29.02352,00100
-97.23589,29.02222,00100
-97.22224,29.01995,00100
-97.22039,28.99748,00100
-97.21886,28.97502,00100
-97.22086,28.95254,00100
-97.21771,28.93008,00100
-97.21218,28.90765,00100
-97.20911,28.90076,00100
-97.18658,28.88534,00100
-97.18328,28.88169,00100
-97.18053,28.88538,00100
-97.15775,28.89816,00100
-97.13213,28.90335,00100
-97.11971,28.88577,00100
-97.10756,28.86337,00100
-97.10604,28.84972,00100
-97.10501,28.84091,00100
-97.10581,28.82081,00100
-97.10590,28.81844,00100
-97.10579,28.81815,00100
-97.09225,28.79605,00100
-97.07990,28.78654,00100
-97.05629,28.77379,00100
-97.05415,28.77044,00100
-97.03618,28.77390,00100
-97.02854,28.77430,00100
-97.02738,28.77394,00100
-97.00278,28.75582,00100
-96.98690,28.75168,00100
-96.97711,28.75019,00100
-96.95142,28.74031,00100
-96.92575,28.73360,00100
-96.90011,28.73106,00100
-96.87449,28.73142,00100
-96.85918,28.72980,00100
       </coordinates>
      </LinearRing>
     </outerBoundaryIs>
     <innerBoundaryIs>
      <LinearRing>
       <coordinates>
-97.13057,28.95312,00100
-97.13248,28.94692,00100
-97.13617,28.95309,00100
-97.14231,28.97552,00100
-97.13274,28.97939,00100
-97.12733,28.97562,00100
-97.13057,28.95312,00100
       </coordinates>
      </LinearRing>
     </innerBoundaryIs>
     <innerBoundaryIs>
      <LinearRing>
       <coordinates>
-97.18226,29.02021,00100
-97.18445,29.01661,00100
-97.19784,29.02011,00100
-97.18459,29.03383,00100
-97.18226,29.02021,00100
       </coordinates>
      </LinearRing>
     </innerBoundaryIs>
    </Polygon>
    <Polygon>
     <extrude>1</extrude>
     <altitudeMode>clampToGround</altitudeMode>
     <outerBoundaryIs>
      <LinearRing>
       <coordinates>
-97.34019,29.06403,00100
-97.33912,29.06316,00100
-97.33663,29.06406,00100
-97.33916,29.06673,00100
-97.34019,29.06403,00100
       </coordinates>
      </LinearRing>
     </outerBoundaryIs>
     <innerBoundaryIs>
      <LinearRing>
       <coordinates>
-97.17471,29.06522,00100
-97.18469,29.04504,00100
-97.19552,29.06508,00100
-97.18587,29.08761,00100
-97.18507,29.08916,00100
-97.18381,29.08763,00100
-97.17471,29.06522,00100
       </coordinates>
      </LinearRing>
     </innerBoundaryIs>
     <innerBoundaryIs>
      <LinearRing>
       <coordinates>
-97.13264,29.31272,00100
-97.13543,29.30982,00100
-97.14085,29.31266,00100
-97.13559,29.32994,00100
-97.13264,29.31272,00100
       </coordinates>
      </LinearRing>
     </innerBoundaryIs>
     <innerBoundaryIs>
      <LinearRing>
       <coordinates>
-97.21494,29.35714,00100
-97.23881,29.33984,00100
-97.26467,29.34777,00100
-97.26624,29.35678,00100
-97.26477,29.35841,00100
-97.25835,29.37931,00100
-97.23926,29.38820,00100
-97.21341,29.38251,00100
-97.20983,29.37965,00100
-97.21327,29.36729,00100
-97.21494,29.35714,00100
       </coordinates>
      </LinearRing>
     </innerBoundaryIs>
     <innerBoundaryIs>
      <LinearRing>
       <coordinates>
-96.98071,29.76314,00100
-96.98373,29.75983,00100
-97.00965,29.76252,00100
-97.03547,29.75180,00100
-97.04580,29.76280,00100
-97.04024,29.78531,00100
-97.03574,29.78940,00100
-97.00983,29.78942,00100
-96.99836,29.78553,00100
-96.98387,29.77999,00100
-96.98071,29.76314,00100
       </coordinates>
      </LinearRing>
     </innerBoundaryIs>
     <innerBoundaryIs>
      <LinearRing>
       <coordinates>
-96.93175,29.87577,00100
-96.93264,29.87319,00100
-96.94038,29.87573,00100
-96.93270,29.88317,00100
-96.93175,29.87577,00100
       </coordinates>
      </LinearRing>
     </innerBoundaryIs>
    </Polygon>
   </MultiGeometry>
  </Placemark>
  <Placemark>
   <name>Contour Level: 1.0E-14 mass/m3</name>
   <Snippet maxLines="0"></Snippet>
   <TimeSpan>
    <begin>2026-01-25T05:00:00Z</begin>
    <end>2026-01-25T06:00:00Z</end>
   </TimeSpan>
   <styleUrl>#conc3</styleUrl>
   <MultiGeometry>
    <Polygon>
     <extrude>1</extrude>
     <altitudeMode>clampToGround</altitudeMode>
     <outerBoundaryIs>
      <LinearRing>
       <coordinates>
-96.90558,28.77454,00300
-96.90032,28.76789,00300
-96.87466,28.76471,00300
-96.86726,28.77471,00300
-96.86357,28.79719,00300
-96.84922,28.80111,00300
-96.82363,28.81160,00300
-96.81727,28.81985,00300
-96.79811,28.83851,00300
-96.78164,28.84244,00300
-96.77248,28.84510,00300
-96.75353,28.84254,00300
-96.74682,28.84091,00300
-96.74488,28.84256,00300
-96.72122,28.85685,00300
-96.71698,28.86512,00300
-96.71085,28.88761,00300
-96.70423,28.91011,00300
-96.70100,28.93258,00300
-96.69592,28.95332,00300
-96.69505,28.95508,00300
-96.69167,28.97756,00300
-96.68050,29.00006,00300
-96.67046,29.01842,00300
-96.66796,29.02257,00300
-96.65081,29.04508,00300
-96.64809,29.06757,00300
-96.64493,29.07381,00300
-96.63079,29.09008,00300
-96.62493,29.11257,00300
-96.61934,29.11700,00300
-96.60357,29.13509,00300
-96.59732,29.15758,00300
-96.59566,29.18006,00300
-96.59499,29.20253,00300
-96.59698,29.22500,00300
-96.59391,29.22923,00300
-96.57040,29.24753,00300
-96.56821,29.25108,00300
-96.55746,29.27003,00300
-96.55188,29.29251,00300
-96.55198,29.31499,00300
-96.54383,29.33748,00300
-96.54359,29.35996,00300
-96.54268,29.36381,00300
-96.53221,29.38245,00300
-96.52113,29.40495,00300
-96.51698,29.41469,00300
-96.51233,29.42744,00300
-96.50222,29.44993,00300
-96.49883,29.47241,00300
-96.49129,29.48492,00300
-96.47980,29.49491,00300
-96.47839,29.51739,00300
-96.46961,29.53988,00300
-96.46698,29.56236,00300
-96.46558,29.56757,00300
-96.46134,29.58484,00300
-96.45527,29.60733,00300
-96.45004,29.62981,00300
-96.43982,29.65179,00300
-96.43932,29.65230,00300
-96.43983,29.65436,00300
-96.44147,29.67478,00300
-96.43985,29.67807,00300
-96.42198,29.69727,00300
-96.41935,29.71975,00300
-96.41726,29.74223,00300
-96.41801,29.76471,00300
-96.41566,29.78720,00300
-96.41408,29.80773,00300
-96.41383,29.80968,00300
-96.41071,29.83216,00300
-96.40727,29.85464,00300
-96.40524,29.87712,00300
-96.40089,29.89960,00300
-96.39934,29.92208,00300
-96.38994,29.94457,00300
-96.39552,29.96705,00300
-96.38827,29.98122,00300
-96.37852,29.98954,00300
-96.38828,30.00220,00300
-96.39011,30.01201,00300
-96.38828,30.01745,00300
-96.37098,30.03450,00300
-96.36771,30.05698,00300
-96.36234,30.07625,00300
-96.36054,30.07946,00300
-96.35189,30.10195,00300
-96.34720,30.12443,00300
-96.34606,30.14691,00300
-96.34306,30.16939,00300
-96.34150,30.19187,00300
-96.34019,30.21435,00300
-96.33882,30.23684,00300
-96.33817,30.25932,00300
-96.33772,30.28180,00300
-96.33747,30.30429,00300
-96.33720,30.32677,00300
-96.33682,30.34925,00300
-96.33658,30.37173,00300
-96.33636,30.38162,00300
-96.31677,30.39421,00300
-96.31029,30.40614,00300
-96.30711,30.41669,00300
-96.28949,30.43917,00300
-96.28748,30.46165,00300
-96.28531,30.48413,00300
-96.28484,30.50661,00300
-96.28455,30.52910,00300
-96.28442,30.55158,00300
-96.28436,30.57406,00300
-96.28436,30.59654,00300
-96.28438,30.61903,00300
-96.28459,30.64151,00300
-96.28542,30.66399,00300
-96.31021,30.68533,00300
-96.33636,30.67740,00300
-96.36250,30.68533,00300
-96.38729,30.66399,00300
-96.38812,30.64151,00300
-96.38834,30.61903,00300
-96.38838,30.59654,00300
-96.38843,30.57406,00300
-96.38858,30.57245,00300
-96.41470,30.57147,00300
-96.43748,30.55155,00300
-96.43897,30.52907,00300
-96.43979,30.50658,00300
-96.44012,30.48410,00300
-96.44032,30.46162,00300
-96.44068,30.45580,00300
-96.46674,30.44185,00300
-96.46851,30.43911,00300
-96.48309,30.41661,00300
-96.48859,30.39412,00300
-96.49040,30.37164,00300
-96.49220,30.34916,00300
-96.49266,30.34380,00300
-96.50848,30.32665,00300
-96.51867,30.31955,00300
-96.53378,30.30414,00300
-96.54254,30.28164,00300
-96.54460,30.26900,00300
-96.55013,30.25914,00300
-96.57056,30.23886,00300
-96.57298,30.23662,00300
-96.58836,30.21411,00300
-96.59631,30.19161,00300
-96.59646,30.19116,00300
-96.61496,30.16909,00300
-96.62238,30.16351,00300
-96.64834,30.14887,00300
-96.64954,30.14653,00300
-96.66367,30.12402,00300
-96.66947,30.10153,00300
-96.66903,30.07904,00300
-96.67402,30.05725,00300
-96.67454,30.05655,00300
-96.69994,30.04055,00300
-96.71165,30.03397,00300
-96.72360,30.01145,00300
-96.72576,30.00598,00300
-96.73515,29.98893,00300
-96.73569,29.96645,00300
-96.74968,29.94392,00300
-96.75145,29.94072,00300
-96.75994,29.92141,00300
-96.77721,29.90149,00300
-96.78169,29.89886,00300
-96.80304,29.87893,00300
-96.80485,29.87630,00300
-96.80936,29.85380,00300
-96.81489,29.83130,00300
-96.81805,29.80881,00300
-96.82857,29.80053,00300
-96.85446,29.79837,00300
-96.87123,29.80860,00300
-96.87688,29.83105,00300
-96.88059,29.83862,00300
-96.88651,29.83101,00300
-96.89088,29.80852,00300
-96.88039,29.80281,00300
-96.86541,29.78614,00300
-96.86784,29.76365,00300
-96.87407,29.74114,00300
-96.87183,29.71867,00300
-96.87984,29.70429,00300
-96.90569,29.69808,00300
-96.91118,29.69603,00300
-96.93150,29.68712,00300
-96.95731,29.67541,00300
-96.96256,29.67330,00300
-96.95724,29.66474,00300
-96.95398,29.65087,00300
-96.93120,29.63779,00300
-96.92410,29.62852,00300
-96.92204,29.60606,00300
-96.92040,29.58359,00300
-96.92304,29.56109,00300
-96.93066,29.54770,00300
-96.95624,29.56094,00300
-96.95658,29.56201,00300
-96.96024,29.58340,00300
-96.98268,29.60047,00300
-97.00842,29.58372,00300
-97.00893,29.58316,00300
-97.01949,29.56062,00300
-97.03394,29.53824,00300
-97.03407,29.53806,00300
-97.03510,29.51558,00300
-97.03954,29.49308,00300
-97.03472,29.47062,00300
-97.04935,29.44807,00300
-97.05900,29.43184,00300
-97.06484,29.42550,00300
-97.06145,29.40304,00300
-97.05877,29.40125,00300
-97.03290,29.39117,00300
-97.02308,29.38078,00300
-97.02374,29.35830,00300
-97.03252,29.33836,00300
-97.03967,29.33573,00300
-97.05822,29.32635,00300
-97.07494,29.33554,00300
-97.08415,29.34608,00300
-97.08736,29.33546,00300
-97.09335,29.31295,00300
-97.09921,29.29044,00300
-97.10596,29.26793,00300
-97.09015,29.24554,00300
-97.08337,29.24460,00300
-97.06851,29.22319,00300
-97.07452,29.20068,00300
-97.07801,29.17818,00300
-97.08131,29.15569,00300
-97.08266,29.14962,00300
-97.09631,29.13313,00300
-97.09796,29.11064,00300
-97.10799,29.09896,00300
-97.11880,29.08804,00300
-97.12898,29.06550,00300
-97.13336,29.05566,00300
-97.13662,29.04298,00300
-97.13377,29.02052,00300
-97.13307,29.01967,00300
-97.10723,29.00189,00300
-97.10449,28.99823,00300
-97.08138,28.98154,00300
-97.07835,28.97591,00300
-97.08121,28.95986,00300
-97.08459,28.95340,00300
-97.09320,28.93087,00300
-97.08929,28.90843,00300
-97.08076,28.89904,00300
-97.06932,28.88607,00300
-97.05486,28.86766,00300
-97.04756,28.86372,00300
-97.02907,28.84892,00300
-97.01736,28.86388,00300
-97.00359,28.87620,00300
-96.97792,28.87489,00300
-96.97318,28.86411,00300
-96.95415,28.84173,00300
-96.95204,28.84083,00300
-96.92638,28.83814,00300
-96.90168,28.84197,00300
-96.90253,28.86444,00300
-96.90089,28.86766,00300
-96.87524,28.87020,00300
-96.87238,28.86456,00300
-96.87514,28.85192,00300
-96.89977,28.84197,00300
-96.88830,28.81956,00300
-96.88191,28.79711,00300
-96.90042,28.78603,00300
-96.90558,28.77454,00300
       </coordinates>
      </LinearRing>
     </outerBoundaryIs>
    </Polygon>
    <Polygon>
     <extrude>1</extrude>
     <altitudeMode>clampToGround</altitudeMode>
     <outerBoundaryIs>
      <LinearRing>
       <coordinates>
-97.24693,29.06472,00300
-97.23620,29.05546,00300
-97.22620,29.06487,00300
-97.22998,29.08731,00300
-97.23014,29.10979,00300
-97.23683,29.12391,00300
-97.24078,29.10972,00300
-97.24216,29.08723,00300
-97.24693,29.06472,00300
       </coordinates>
      </LinearRing>
     </outerBoundaryIs>
    </Polygon>
    <Polygon>
     <extrude>1</extrude>
     <altitudeMode>clampToGround</altitudeMode>
     <outerBoundaryIs>
      <LinearRing>
       <coordinates>
-97.13879,29.15534,00300
-97.13415,29.15233,00300
-97.12788,29.15541,00300
-97.12225,29.17792,00300
-97.11921,29.20041,00300
-97.11662,29.22290,00300
-97.12645,29.24533,00300
-97.13493,29.24937,00300
-97.13760,29.24525,00300
-97.15040,29.22270,00300
-97.14825,29.20024,00300
-97.14622,29.17777,00300
-97.13879,29.15534,00300
       </coordinates>
      </LinearRing>
     </outerBoundaryIs>
     <innerBoundaryIs>
      <LinearRing>
       <coordinates>
-97.03226,29.31330,00300
-97.03234,29.31321,00300
-97.03316,29.31329,00300
-97.03236,29.31571,00300
-97.03226,29.31330,00300
       </coordinates>
      </LinearRing>
     </innerBoundaryIs>
    </Polygon>
    <Polygon>
     <extrude>1</extrude>
     <altitudeMode>clampToGround</altitudeMode>
     <outerBoundaryIs>
      <LinearRing>
       <coordinates>
-97.25142,29.46927,00300
-97.23980,29.44726,00300
-97.22514,29.46945,00300
-97.24017,29.48652,00300
-97.25142,29.46927,00300
       </coordinates>
      </LinearRing>
     </outerBoundaryIs>
    </Polygon>
    <Polygon>
     <extrude>1</extrude>
     <altitudeMode>clampToGround</altitudeMode>
     <outerBoundaryIs>
      <LinearRing>
       <coordinates>
-96.93605,29.76335,00300
-96.93195,29.75941,00300
-96.92845,29.76339,00300
-96.93202,29.77221,00300
-96.93605,29.76335,00300
       </coordinates>
      </LinearRing>
     </outerBoundaryIs>
    </Polygon>
   </MultiGeometry>
  </Placemark>
  <Placemark>
   <name>Contour Level: 3.2E-14 mass/m3</name>
   <Snippet maxLines="0"></Snippet>
   <TimeSpan>
    <begin>2026-01-25T05:00:00Z</begin>
    <end>2026-01-25T06:00:00Z</end>
   </TimeSpan>
   <styleUrl>#conc4</styleUrl>
   <MultiGeometry>
    <Polygon>
     <extrude>1</extrude>
     <altitudeMode>clampToGround</altitudeMode>
     <outerBoundaryIs>
      <LinearRing>
       <coordinates>
-96.85493,28.95453,00500
-96.84998,28.94542,00500
-96.82426,28.93978,00500
-96.81538,28.95468,00500
-96.80854,28.97718,00500
-96.80803,28.99966,00500
-96.80797,29.02213,00500
-96.79904,29.03647,00500
-96.77531,29.04472,00500
-96.77338,29.04559,00500
-96.74769,29.05042,00500
-96.73483,29.06733,00500
-96.73975,29.08978,00500
-96.74789,29.09664,00500
-96.75685,29.11221,00500
-96.75217,29.13470,00500
-96.74808,29.14282,00500
-96.72238,29.15200,00500
-96.69659,29.13797,00500
-96.67092,29.15561,00500
-96.66911,29.15741,00500
-96.65527,29.17992,00500
-96.64848,29.20241,00500
-96.64540,29.22360,00500
-96.64519,29.22490,00500
-96.61970,29.24164,00500
-96.61634,29.24744,00500
-96.60471,29.26995,00500
-96.59679,29.29243,00500
-96.59856,29.31491,00500
-96.59417,29.32866,00500
-96.58874,29.33740,00500
-96.58466,29.35989,00500
-96.57793,29.38238,00500
-96.56862,29.40487,00500
-96.56857,29.40497,00500
-96.56062,29.42736,00500
-96.54845,29.44987,00500
-96.54608,29.47234,00500
-96.54292,29.47692,00500
-96.52608,29.49485,00500
-96.51716,29.50973,00500
-96.51393,29.51735,00500
-96.50943,29.53983,00500
-96.50670,29.56231,00500
-96.50242,29.58480,00500
-96.49647,29.60728,00500
-96.49263,29.62976,00500
-96.49152,29.63141,00500
-96.47594,29.65227,00500
-96.46722,29.67475,00500
-96.46574,29.68553,00500
-96.46426,29.69724,00500
-96.45772,29.71972,00500
-96.45493,29.74220,00500
-96.45502,29.76468,00500
-96.44851,29.78717,00500
-96.44780,29.80966,00500
-96.44361,29.83213,00500
-96.44003,29.85165,00500
-96.43903,29.85462,00500
-96.44005,29.86099,00500
-96.44095,29.87710,00500
-96.44006,29.87994,00500
-96.42856,29.89959,00500
-96.44011,29.91851,00500
-96.44081,29.92206,00500
-96.44011,29.92343,00500
-96.41753,29.94456,00500
-96.41420,29.95858,00500
-96.41164,29.96704,00500
-96.40021,29.98953,00500
-96.39904,30.01201,00500
-96.39124,30.03449,00500
-96.38957,30.05698,00500
-96.38833,30.07945,00500
-96.38831,30.07948,00500
-96.36979,30.10195,00500
-96.37049,30.12442,00500
-96.36395,30.14691,00500
-96.36236,30.15598,00500
-96.35757,30.16939,00500
-96.35261,30.19187,00500
-96.34847,30.21435,00500
-96.34414,30.23684,00500
-96.34209,30.25932,00500
-96.34066,30.28180,00500
-96.33987,30.30429,00500
-96.33908,30.32677,00500
-96.33843,30.34925,00500
-96.33786,30.37173,00500
-96.33731,30.39421,00500
-96.33651,30.41669,00500
-96.33636,30.41818,00500
-96.31028,30.42868,00500
-96.30092,30.43917,00500
-96.29461,30.46165,00500
-96.28775,30.48413,00500
-96.28630,30.50661,00500
-96.28539,30.52910,00500
-96.28502,30.55158,00500
-96.28487,30.57406,00500
-96.28489,30.59654,00500
-96.28496,30.61903,00500
-96.28565,30.64151,00500
-96.28833,30.66400,00500
-96.31021,30.68283,00500
-96.33530,30.66400,00500
-96.33636,30.66385,00500
-96.33741,30.66400,00500
-96.36250,30.68283,00500
-96.38438,30.66400,00500
-96.38706,30.64151,00500
-96.38776,30.61903,00500
-96.38786,30.59654,00500
-96.38792,30.57406,00500
-96.38858,30.56730,00500
-96.41469,30.56524,00500
-96.43035,30.55156,00500
-96.43510,30.52907,00500
-96.43768,30.50658,00500
-96.43851,30.48410,00500
-96.43893,30.46162,00500
-96.44035,30.43914,00500
-96.44066,30.43335,00500
-96.46025,30.41664,00500
-96.46671,30.41208,00500
-96.47703,30.39413,00500
-96.47968,30.37165,00500
-96.48715,30.34916,00500
-96.48921,30.32668,00500
-96.49207,30.30419,00500
-96.49260,30.30280,00500
-96.51753,30.28168,00500
-96.51859,30.27928,00500
-96.53067,30.25917,00500
-96.53897,30.23668,00500
-96.54333,30.21419,00500
-96.54447,30.20798,00500
-96.55506,30.19169,00500
-96.56239,30.16920,00500
-96.57036,30.15346,00500
-96.57600,30.14669,00500
-96.57555,30.12421,00500
-96.58980,30.10170,00500
-96.59618,30.08714,00500
-96.60810,30.07918,00500
-96.62209,30.06434,00500
-96.62788,30.05666,00500
-96.63659,30.03416,00500
-96.64507,30.01166,00500
-96.64789,30.00733,00500
-96.66403,29.98913,00500
-96.67084,29.96663,00500
-96.67368,29.95870,00500
-96.68182,29.94412,00500
-96.67997,29.92165,00500
-96.69759,29.89912,00500
-96.69939,29.89688,00500
-96.72417,29.87656,00500
-96.72524,29.87500,00500
-96.73952,29.85403,00500
-96.75098,29.83205,00500
-96.75114,29.83152,00500
-96.75578,29.80902,00500
-96.75985,29.78653,00500
-96.76249,29.76404,00500
-96.76754,29.74154,00500
-96.76817,29.71906,00500
-96.77625,29.69655,00500
-96.77407,29.67408,00500
-96.77613,29.66228,00500
-96.78106,29.65158,00500
-96.77601,29.63499,00500
-96.77504,29.62912,00500
-96.77596,29.62475,00500
-96.78621,29.60660,00500
-96.80167,29.59184,00500
-96.80894,29.58404,00500
-96.81650,29.56153,00500
-96.82414,29.53903,00500
-96.82269,29.51656,00500
-96.82710,29.50694,00500
-96.85291,29.50345,00500
-96.87871,29.49971,00500
-96.88470,29.49383,00500
-96.90440,29.47531,00500
-96.90721,29.47125,00500
-96.90430,29.46032,00500
-96.89857,29.44881,00500
-96.87837,29.43868,00500
-96.86851,29.42646,00500
-96.86565,29.40400,00500
-96.85977,29.38154,00500
-96.86488,29.35904,00500
-96.87788,29.35098,00500
-96.90370,29.35611,00500
-96.90906,29.35886,00500
-96.92246,29.38127,00500
-96.92970,29.39104,00500
-96.94061,29.38119,00500
-96.95533,29.36420,00500
-96.95747,29.35863,00500
-96.96825,29.33610,00500
-96.97228,29.31361,00500
-96.98071,29.30181,00500
-96.99331,29.29102,00500
-97.00629,29.27322,00500
-97.00952,29.26847,00500
-97.00620,29.25859,00500
-97.00031,29.24603,00500
-96.98315,29.22365,00500
-97.00537,29.20106,00500
-97.00580,29.20081,00500
-97.02200,29.17850,00500
-97.02304,29.15601,00500
-97.01150,29.13360,00500
-97.00524,29.11951,00500
-96.99811,29.11119,00500
-96.97935,29.09449,00500
-96.96716,29.08887,00500
-96.95889,29.06644,00500
-96.95338,29.05326,00500
-96.94743,29.04402,00500
-96.92754,29.03299,00500
-96.92135,29.02166,00500
-96.90508,28.99926,00500
-96.90163,28.99640,00500
-96.87587,28.98405,00500
-96.86672,28.97696,00500
-96.85493,28.95453,00500
       </coordinates>
      </LinearRing>
     </outerBoundaryIs>
    </Polygon>
    <Polygon>
     <extrude>1</extrude>
     <altitudeMode>clampToGround</altitudeMode>
     <outerBoundaryIs>
      <LinearRing>
       <coordinates>
-96.98874,29.02134,00500
-96.97885,29.01709,00500
-96.97082,29.02143,00500
-96.97894,29.03196,00500
-96.98874,29.02134,00500
       </coordinates>
      </LinearRing>
     </outerBoundaryIs>
    </Polygon>
   </MultiGeometry>
  </Placemark>
  <Placemark>
   <name>Contour Level: 1.0E-13 mass/m3</name>
   <Snippet maxLines="0"></Snippet>
   <TimeSpan>
    <begin>2026-01-25T05:00:00Z</begin>
    <end>2026-01-25T06:00:00Z</end>
   </TimeSpan>
   <styleUrl>#conc5</styleUrl>
   <MultiGeometry>
    <Polygon>
     <extrude>1</extrude>
     <altitudeMode>clampToGround</altitudeMode>
     <outerBoundaryIs>
      <LinearRing>
       <coordinates>
-96.70272,29.44952,00700
-96.69769,29.43590,00700
-96.69358,29.44954,00700
-96.67610,29.47206,00700
-96.69785,29.48150,00700
-96.70745,29.47198,00700
-96.70272,29.44952,00700
       </coordinates>
      </LinearRing>
     </outerBoundaryIs>
    </Polygon>
    <Polygon>
     <extrude>1</extrude>
     <altitudeMode>clampToGround</altitudeMode>
     <outerBoundaryIs>
      <LinearRing>
       <coordinates>
-96.60213,29.65207,00700
-96.59502,29.64861,00700
-96.59176,29.65209,00700
-96.56920,29.66923,00700
-96.56593,29.67462,00700
-96.54338,29.69702,00700
-96.54328,29.69713,00700
-96.52933,29.71963,00700
-96.52119,29.74212,00700
-96.51760,29.74750,00700
-96.51156,29.76462,00700
-96.50584,29.78711,00700
-96.50002,29.80960,00700
-96.49506,29.83208,00700
-96.49185,29.83812,00700
-96.48312,29.85458,00700
-96.47747,29.87706,00700
-96.46745,29.89956,00700
-96.46602,29.90227,00700
-96.45992,29.92204,00700
-96.45493,29.94453,00700
-96.45234,29.96701,00700
-96.44018,29.98595,00700
-96.43716,29.98950,00700
-96.42787,30.01199,00700
-96.41738,30.03448,00700
-96.41427,30.04082,00700
-96.40851,30.05697,00700
-96.40300,30.07945,00700
-96.39590,30.10194,00700
-96.39633,30.12441,00700
-96.38835,30.14469,00700
-96.38650,30.14690,00700
-96.38835,30.14969,00700
-96.39307,30.16938,00700
-96.38837,30.17901,00700
-96.37492,30.19187,00700
-96.37295,30.21435,00700
-96.36238,30.23343,00700
-96.36097,30.23684,00700
-96.35451,30.25932,00700
-96.34995,30.28180,00700
-96.34746,30.30429,00700
-96.34500,30.32677,00700
-96.34353,30.34925,00700
-96.34192,30.37173,00700
-96.34116,30.39421,00700
-96.34003,30.41669,00700
-96.33775,30.43918,00700
-96.33636,30.44399,00700
-96.31479,30.46166,00700
-96.31027,30.46474,00700
-96.29547,30.48414,00700
-96.29092,30.50661,00700
-96.28803,30.52910,00700
-96.28690,30.55158,00700
-96.28647,30.57406,00700
-96.28655,30.59654,00700
-96.28679,30.61903,00700
-96.28903,30.64151,00700
-96.29751,30.66400,00700
-96.31022,30.67493,00700
-96.32478,30.66400,00700
-96.33636,30.66230,00700
-96.34792,30.66400,00700
-96.36250,30.67493,00700
-96.37521,30.66400,00700
-96.38369,30.64151,00700
-96.38593,30.61903,00700
-96.38618,30.59654,00700
-96.38632,30.57406,00700
-96.38850,30.55158,00700
-96.38857,30.55142,00700
-96.41467,30.54453,00700
-96.42285,30.52908,00700
-96.43102,30.50659,00700
-96.43341,30.48411,00700
-96.43453,30.46162,00700
-96.43617,30.43914,00700
-96.43691,30.41666,00700
-96.44061,30.39449,00700
-96.44102,30.39417,00700
-96.45885,30.37167,00700
-96.46663,30.35630,00700
-96.47118,30.34918,00700
-96.47382,30.32669,00700
-96.48103,30.30420,00700
-96.48905,30.28171,00700
-96.49253,30.26002,00700
-96.49287,30.25923,00700
-96.50913,30.23673,00700
-96.51501,30.21423,00700
-96.51845,30.20363,00700
-96.52397,30.19174,00700
-96.52300,30.16926,00700
-96.53356,30.14676,00700
-96.54005,30.12427,00700
-96.54209,30.10179,00700
-96.54424,30.09683,00700
-96.55447,30.07928,00700
-96.55974,30.05680,00700
-96.57007,30.03495,00700
-96.57062,30.03429,00700
-96.57948,30.01180,00700
-96.58722,29.98930,00700
-96.59588,29.97538,00700
-96.60017,29.96679,00700
-96.60519,29.94430,00700
-96.61201,29.92181,00700
-96.61602,29.89932,00700
-96.61575,29.87684,00700
-96.61695,29.85435,00700
-96.61539,29.83188,00700
-96.61458,29.80940,00700
-96.61720,29.78691,00700
-96.61588,29.76444,00700
-96.62116,29.74677,00700
-96.62392,29.74194,00700
-96.62622,29.71946,00700
-96.62497,29.69698,00700
-96.62099,29.68616,00700
-96.61346,29.67452,00700
-96.60213,29.65207,00700
       </coordinates>
      </LinearRing>
     </outerBoundaryIs>
    </Polygon>
   </MultiGeometry>
  </Placemark>
  <Placemark>
   <name>Contour Level: 3.2E-13 mass/m3</name>
   <Snippet maxLines="0"></Snippet>
   <TimeSpan>
    <begin>2026-01-25T05:00:00Z</begin>
    <end>2026-01-25T06:00:00Z</end>
   </TimeSpan>
   <styleUrl>#conc6</styleUrl>
   <MultiGeometry>
    <Polygon>
     <extrude>1</extrude>
     <altitudeMode>clampToGround</altitudeMode>
     <outerBoundaryIs>
      <LinearRing>
       <coordinates>
-96.47742,30.12435,00900
-96.46631,30.11778,00900
-96.44032,30.12196,00900
-96.43980,30.12439,00900
-96.43205,30.14688,00900
-96.42199,30.16936,00900
-96.42164,30.19184,00900
-96.41441,30.21026,00900
-96.41341,30.21433,00900
-96.40623,30.23682,00900
-96.39008,30.25931,00900
-96.38841,30.26314,00900
-96.38390,30.28179,00900
-96.37133,30.30428,00900
-96.36432,30.32677,00900
-96.36240,30.33331,00900
-96.35963,30.34925,00900
-96.35475,30.37173,00900
-96.35335,30.39421,00900
-96.35117,30.41669,00900
-96.34892,30.43918,00900
-96.34366,30.46166,00900
-96.33691,30.48414,00900
-96.33636,30.48444,00900
-96.31026,30.49644,00900
-96.30550,30.50662,00900
-96.29642,30.52910,00900
-96.29287,30.55158,00900
-96.29151,30.57406,00900
-96.29182,30.59654,00900
-96.29259,30.61903,00900
-96.29970,30.64151,00900
-96.31022,30.65584,00900
-96.33636,30.65740,00900
-96.36250,30.65585,00900
-96.37302,30.64151,00900
-96.38013,30.61903,00900
-96.38093,30.59654,00900
-96.38127,30.57406,00900
-96.38250,30.55158,00900
-96.38857,30.53693,00900
-96.39917,30.52909,00900
-96.40913,30.50661,00900
-96.41463,30.49370,00900
-96.41729,30.48412,00900
-96.42064,30.46163,00900
-96.42297,30.43915,00900
-96.42187,30.41667,00900
-96.42510,30.39418,00900
-96.42768,30.37170,00900
-96.42986,30.34922,00900
-96.44055,30.33597,00900
-96.44736,30.32672,00900
-96.44881,30.30424,00900
-96.45524,30.28175,00900
-96.45844,30.25926,00900
-96.46099,30.23678,00900
-96.46285,30.21429,00900
-96.46641,30.19497,00900
-96.46725,30.19181,00900
-96.46746,30.16933,00900
-96.46908,30.14684,00900
-96.47742,30.12435,00900
       </coordinates>
      </LinearRing>
     </outerBoundaryIs>
    </Polygon>
   </MultiGeometry>
  </Placemark>
  <Placemark>
   <name>Contour Level: 1.0E-12 mass/m3</name>
   <Snippet maxLines="0"></Snippet>
   <TimeSpan>
    <begin>2026-01-25T05:00:00Z</begin>
    <end>2026-01-25T06:00:00Z</end>
   </TimeSpan>
   <styleUrl>#conc7</styleUrl>
   <MultiGeometry>
    <Polygon>
     <extrude>1</extrude>
     <altitudeMode>clampToGround</altitudeMode>
     <outerBoundaryIs>
      <LinearRing>
       <coordinates>
-96.38888,30.41669,01100
-96.38850,30.41591,01100
-96.38803,30.41669,01100
-96.38850,30.41792,01100
-96.38888,30.41669,01100
       </coordinates>
      </LinearRing>
     </outerBoundaryIs>
    </Polygon>
    <Polygon>
     <extrude>1</extrude>
     <altitudeMode>clampToGround</altitudeMode>
     <outerBoundaryIs>
      <LinearRing>
       <coordinates>
-96.34698,30.52911,01100
-96.33636,30.51853,01100
-96.33088,30.52911,01100
-96.31172,30.55159,01100
-96.31025,30.55863,01100
-96.30747,30.57407,01100
-96.30846,30.59655,01100
-96.31023,30.61307,01100
-96.31088,30.61903,01100
-96.33540,30.64152,01100
-96.33636,30.64192,01100
-96.33732,30.64152,01100
-96.36186,30.61903,01100
-96.36248,30.61339,01100
-96.36428,30.59655,01100
-96.36531,30.57407,01100
-96.36352,30.55159,01100
-96.36246,30.54639,01100
-96.34698,30.52911,01100
       </coordinates>
      </LinearRing>
     </outerBoundaryIs>
    </Polygon>
   </MultiGeometry>
  </Placemark>
  <Placemark>
   <name>Maximum Value Grid Cell</name>
   <Snippet maxLines="0"></Snippet>
   <description><![CDATA[<pre>
LAT:   30.5741 LON:  -96.3364
Value: 2.5E-12
      The square represents the location
      of maximum concentration and the
      size of the square represents the
      concentration grid cell size.
    </pre>]]>
   </description>
   <TimeSpan>
    <begin>2026-01-25T05:00:00Z</begin>
    <end>2026-01-25T06:00:00Z</end>
   </TimeSpan>
   <styleUrl>#maxv</styleUrl>
   <Polygon>
    <extrude>1</extrude>
    <altitudeMode>clampToGround</altitudeMode>
    <outerBoundaryIs>
     <LinearRing>
      <coordinates>
        -96.36246,30.55159,00100
        -96.31025,30.55159,00100
        -96.31024,30.59655,00100
        -96.36247,30.59655,00100
        -96.36246,30.55159,00100
      </coordinates>
     </LinearRing>
    </outerBoundaryIs>
   </Polygon>
  </Placemark>
 </Folder>
 <Folder>
  <name><![CDATA[<pre>Concentration 
(Valid:20260125 0700UTC)</pre>]]>
  </name>
  <visibility>0</visibility>
  <description><![CDATA[<pre>
Averaged from 00000 to 00100m
Valid:20260125 0700 UTC
   </pre>]]>
  </description>
  <ScreenOverlay>
   <name>Legend</name>
   <Snippet maxLines="0"></Snippet>
   <TimeSpan>
    <begin>2026-01-25T06:00:00Z</begin>
    <end>2026-01-25T07:00:00Z</end>
   </TimeSpan>
   <Icon>
    <href>GELABEL_07_22130.gif</href>
   </Icon>
   <overlayXY x="0" y="1" xunits="fraction" yunits="fraction"/>
   <screenXY x="0" y="1" xunits="fraction" yunits="fraction"/>
   <rotationXY x="0" y="0" xunits="fraction" yunits="fraction"/>
   <size x="0" y="0" xunits="pixels" yunits="pixels"/>
  </ScreenOverlay>
  <Placemark>
   <name>Contour Level: 3.2E-15 mass/m3</name>
   <Snippet maxLines="0"></Snippet>
   <TimeSpan>
    <begin>2026-01-25T06:00:00Z</begin>
    <end>2026-01-25T07:00:00Z</end>
   </TimeSpan>
   <styleUrl>#conc2</styleUrl>
   <MultiGeometry>
    <Polygon>
     <extrude>1</extrude>
     <altitudeMode>clampToGround</altitudeMode>
     <outerBoundaryIs>
      <LinearRing>
       <coordinates>
-97.16422,28.41363,00100
-97.15369,28.40855,00100
-97.12805,28.39591,00100
-97.10249,28.39385,00100
-97.07696,28.39421,00100
-97.05143,28.39610,00100
-97.02596,28.40533,00100
-97.01996,28.41448,00100
-97.00061,28.43448,00100
-96.99567,28.43707,00100
-96.97514,28.44522,00100
-96.95150,28.45976,00100
-96.94968,28.46031,00100
-96.92413,28.46154,00100
-96.91196,28.45995,00100
-96.89854,28.45566,00100
-96.87301,28.45983,00100
-96.87257,28.46012,00100
-96.84750,28.46985,00100
-96.82200,28.48067,00100
-96.81938,28.48279,00100
-96.79649,28.49259,00100
-96.77097,28.50051,00100
-96.75272,28.50550,00100
-96.74545,28.51102,00100
-96.71992,28.52234,00100
-96.70354,28.52812,00100
-96.69440,28.53582,00100
-96.69059,28.55062,00100
-96.69047,28.57309,00100
-96.69454,28.57618,00100
-96.72013,28.57690,00100
-96.73248,28.59543,00100
-96.74586,28.61035,00100
-96.74824,28.61785,00100
-96.74592,28.62488,00100
-96.73650,28.64036,00100
-96.73611,28.66283,00100
-96.72787,28.68532,00100
-96.72062,28.70170,00100
-96.71884,28.70782,00100
-96.71034,28.73031,00100
-96.69514,28.74127,00100
-96.67231,28.75289,00100
-96.66956,28.75515,00100
-96.65792,28.77540,00100
-96.64405,28.79187,00100
-96.63480,28.79793,00100
-96.61848,28.81690,00100
-96.61658,28.82044,00100
-96.61641,28.84291,00100
-96.61124,28.86539,00100
-96.61763,28.88785,00100
-96.61869,28.89033,00100
-96.62954,28.91030,00100
-96.61880,28.93126,00100
-96.61813,28.93279,00100
-96.59763,28.95531,00100
-96.59477,28.97779,00100
-96.59327,28.98519,00100
-96.58628,29.00028,00100
-96.59335,29.01415,00100
-96.59475,29.02274,00100
-96.59338,29.02514,00100
-96.56935,29.04526,00100
-96.56773,29.04984,00100
-96.55582,29.06776,00100
-96.54208,29.07645,00100
-96.52496,29.09028,00100
-96.51641,29.10091,00100
-96.51100,29.11277,00100
-96.50497,29.13526,00100
-96.50254,29.15774,00100
-96.50169,29.18021,00100
-96.50133,29.20269,00100
-96.50143,29.22516,00100
-96.49091,29.24082,00100
-96.48105,29.24766,00100
-96.47195,29.27015,00100
-96.46520,29.28554,00100
-96.46338,29.29263,00100
-96.45716,29.31511,00100
-96.45964,29.33759,00100
-96.46529,29.35332,00100
-96.46873,29.36006,00100
-96.46531,29.36454,00100
-96.45653,29.38255,00100
-96.44142,29.40504,00100
-96.44023,29.42752,00100
-96.43959,29.42915,00100
-96.42341,29.45001,00100
-96.42590,29.47248,00100
-96.41933,29.49496,00100
-96.42643,29.51744,00100
-96.41826,29.53992,00100
-96.42282,29.56240,00100
-96.41814,29.58488,00100
-96.41922,29.60736,00100
-96.41541,29.62984,00100
-96.41394,29.63453,00100
-96.40641,29.65232,00100
-96.40025,29.67480,00100
-96.39095,29.69729,00100
-96.39441,29.71977,00100
-96.38813,29.73586,00100
-96.38087,29.74225,00100
-96.38814,29.74915,00100
-96.39246,29.76473,00100
-96.38815,29.77724,00100
-96.37680,29.78721,00100
-96.38527,29.80969,00100
-96.37513,29.83217,00100
-96.37352,29.85465,00100
-96.37402,29.87713,00100
-96.36229,29.88927,00100
-96.35631,29.89962,00100
-96.34830,29.92210,00100
-96.34689,29.94458,00100
-96.34543,29.96706,00100
-96.34340,29.98955,00100
-96.34219,30.01202,00100
-96.34195,30.03451,00100
-96.34212,30.05699,00100
-96.34085,30.07947,00100
-96.33959,30.10195,00100
-96.33855,30.12443,00100
-96.33811,30.14691,00100
-96.33755,30.16940,00100
-96.33736,30.19187,00100
-96.33717,30.21435,00100
-96.33692,30.23684,00100
-96.33669,30.25932,00100
-96.33652,30.28180,00100
-96.33636,30.28935,00100
-96.31383,30.30429,00100
-96.31032,30.31001,00100
-96.30253,30.32676,00100
-96.29803,30.34924,00100
-96.29085,30.37172,00100
-96.28803,30.39420,00100
-96.28703,30.41669,00100
-96.28512,30.43917,00100
-96.28480,30.46165,00100
-96.28445,30.48413,00100
-96.28434,30.50661,00100
-96.28426,30.52910,00100
-96.28423,30.55158,00100
-96.28420,30.57406,00100
-96.28419,30.59654,00100
-96.28419,30.61903,00100
-96.28425,30.64151,00100
-96.28450,30.66399,00100
-96.31021,30.68612,00100
-96.33636,30.68367,00100
-96.36250,30.68612,00100
-96.38821,30.66399,00100
-96.38847,30.64151,00100
-96.38853,30.61903,00100
-96.38853,30.59654,00100
-96.38853,30.57406,00100
-96.38858,30.57327,00100
-96.41470,30.57275,00100
-96.43909,30.55155,00100
-96.43985,30.52907,00100
-96.44037,30.50658,00100
-96.44061,30.48410,00100
-96.44070,30.46956,00100
-96.46677,30.46515,00100
-96.47013,30.46159,00100
-96.48237,30.43910,00100
-96.48922,30.41661,00100
-96.49179,30.39412,00100
-96.49271,30.37732,00100
-96.49757,30.37163,00100
-96.51873,30.35219,00100
-96.52150,30.34912,00100
-96.52460,30.32663,00100
-96.53687,30.30413,00100
-96.53873,30.28164,00100
-96.54301,30.25916,00100
-96.54457,30.25562,00100
-96.57059,30.25442,00100
-96.58865,30.23660,00100
-96.59429,30.21410,00100
-96.59650,30.20947,00100
-96.60449,30.21408,00100
-96.61420,30.23654,00100
-96.62263,30.24751,00100
-96.64279,30.23648,00100
-96.64861,30.23346,00100
-96.65352,30.21397,00100
-96.64851,30.20371,00100
-96.63473,30.19153,00100
-96.62241,30.17227,00100
-96.62173,30.16908,00100
-96.62240,30.16854,00100
-96.64575,30.14654,00100
-96.64831,30.13986,00100
-96.65747,30.12403,00100
-96.67421,30.11064,00100
-96.68845,30.10147,00100
-96.70013,30.09317,00100
-96.71326,30.07892,00100
-96.72597,30.05657,00100
-96.72624,30.05640,00100
-96.75190,30.04719,00100
-96.76719,30.03379,00100
-96.77329,30.01129,00100
-96.77769,30.00593,00100
-96.80360,29.99639,00100
-96.81699,29.98866,00100
-96.82884,29.96613,00100
-96.82940,29.96506,00100
-96.85366,29.94355,00100
-96.85520,29.93654,00100
-96.86041,29.92104,00100
-96.88096,29.90354,00100
-96.88629,29.89845,00100
-96.89850,29.87592,00100
-96.90670,29.87100,00100
-96.92640,29.85332,00100
-96.93250,29.85049,00100
-96.95839,29.84615,00100
-96.98423,29.83414,00100
-97.00935,29.83043,00100
-97.01011,29.82891,00100
-97.01091,29.83043,00100
-97.03043,29.85280,00100
-97.02903,29.87529,00100
-97.01630,29.89784,00100
-97.01070,29.91372,00100
-96.98470,29.90465,00100
-96.97378,29.92054,00100
-96.98492,29.93802,00100
-97.01077,29.92383,00100
-97.01440,29.92033,00100
-97.03661,29.91079,00100
-97.04028,29.92019,00100
-97.03916,29.94268,00100
-97.05373,29.96508,00100
-97.06309,29.98342,00100
-97.06782,29.98749,00100
-97.08545,30.00986,00100
-97.08933,30.02104,00100
-97.09097,30.00983,00100
-97.09885,29.98731,00100
-97.10755,29.96477,00100
-97.11473,29.94997,00100
-97.11877,29.94222,00100
-97.12717,29.91969,00100
-97.12801,29.89721,00100
-97.13203,29.87470,00100
-97.11938,29.85230,00100
-97.11389,29.84476,00100
-97.08788,29.83249,00100
-97.07771,29.83006,00100
-97.06186,29.81866,00100
-97.04533,29.80776,00100
-97.03580,29.79812,00100
-97.00991,29.80044,00100
-97.00503,29.78549,00100
-96.98376,29.76320,00100
-96.98375,29.76312,00100
-96.98376,29.76310,00100
-97.00925,29.74051,00100
-97.00950,29.74010,00100
-97.02855,29.74041,00100
-97.03539,29.74092,00100
-97.06137,29.75346,00100
-97.08725,29.75108,00100
-97.11110,29.76242,00100
-97.11327,29.76712,00100
-97.13930,29.78245,00100
-97.14590,29.76221,00100
-97.13902,29.74984,00100
-97.12701,29.73984,00100
-97.13344,29.71733,00100
-97.13664,29.69483,00100
-97.13856,29.69253,00100
-97.15174,29.67225,00100
-97.15079,29.64978,00100
-97.15415,29.62728,00100
-97.15946,29.60477,00100
-97.16360,29.59455,00100
-97.16767,29.58223,00100
-97.16967,29.55974,00100
-97.16732,29.53728,00100
-97.16474,29.51481,00100
-97.18856,29.49219,00100
-97.18862,29.49218,00100
-97.21422,29.47289,00100
-97.21756,29.46951,00100
-97.21564,29.44704,00100
-97.23976,29.44268,00100
-97.25170,29.42432,00100
-97.26048,29.40177,00100
-97.26512,29.39509,00100
-97.28375,29.37913,00100
-97.29057,29.35848,00100
-97.29094,29.35660,00100
-97.29922,29.33405,00100
-97.31608,29.33081,00100
-97.34183,29.32754,00100
-97.34863,29.31120,00100
-97.34729,29.28873,00100
-97.35220,29.26622,00100
-97.34990,29.24376,00100
-97.35483,29.22124,00100
-97.36516,29.19868,00100
-97.36622,29.19525,00100
-97.37234,29.17615,00100
-97.37705,29.15364,00100
-97.37769,29.13116,00100
-97.38160,29.10865,00100
-97.39001,29.08610,00100
-97.39076,29.08311,00100
-97.39590,29.06358,00100
-97.39049,29.05798,00100
-97.37893,29.04124,00100
-97.36926,29.01885,00100
-97.37552,28.99632,00100
-97.38966,28.98004,00100
-97.39562,28.97369,00100
-97.39350,28.95123,00100
-97.39962,28.92871,00100
-97.40058,28.90623,00100
-97.40376,28.88372,00100
-97.40321,28.86126,00100
-97.38823,28.84686,00100
-97.37605,28.83900,00100
-97.36231,28.82130,00100
-97.35983,28.81667,00100
-97.33642,28.79767,00100
-97.32983,28.79443,00100
-97.31808,28.77205,00100
-97.31676,28.74959,00100
-97.31306,28.72714,00100
-97.31045,28.70469,00100
-97.30968,28.68677,00100
-97.30939,28.68223,00100
-97.30910,28.65976,00100
-97.30788,28.63730,00100
-97.30373,28.61486,00100
-97.29726,28.59244,00100
-97.28303,28.57833,00100
-97.27955,28.57011,00100
-97.28281,28.55599,00100
-97.28737,28.54758,00100
-97.28267,28.54125,00100
-97.27647,28.52519,00100
-97.26839,28.50278,00100
-97.25663,28.49136,00100
-97.23526,28.48055,00100
-97.23093,28.47560,00100
-97.20927,28.45826,00100
-97.20516,28.45262,00100
-97.18927,28.43593,00100
-97.17934,28.42076,00100
-97.16422,28.41363,00100
       </coordinates>
      </LinearRing>
     </outerBoundaryIs>
     <innerBoundaryIs>
      <LinearRing>
       <coordinates>
-97.27435,28.86226,00100
-97.28564,28.84976,00100
-97.29929,28.86208,00100
-97.28955,28.88462,00100
-97.28600,28.88680,00100
-97.28364,28.88466,00100
-97.27435,28.86226,00100
       </coordinates>
      </LinearRing>
     </innerBoundaryIs>
     <innerBoundaryIs>
      <LinearRing>
       <coordinates>
-97.27995,29.06449,00100
-97.28756,29.04919,00100
-97.29484,29.06438,00100
-97.29223,29.08687,00100
-97.29964,29.10929,00100
-97.30003,29.13176,00100
-97.29018,29.15431,00100
-97.29047,29.17678,00100
-97.28881,29.17848,00100
-97.28336,29.17684,00100
-97.28146,29.15438,00100
-97.26891,29.13199,00100
-97.27368,29.10948,00100
-97.28310,29.08694,00100
-97.27995,29.06449,00100
       </coordinates>
      </LinearRing>
     </innerBoundaryIs>
     <innerBoundaryIs>
      <LinearRing>
       <coordinates>
-97.18421,29.06515,00100
-97.18485,29.06394,00100
-97.18611,29.06514,00100
-97.18488,29.06683,00100
-97.18421,29.06515,00100
       </coordinates>
      </LinearRing>
     </innerBoundaryIs>
     <innerBoundaryIs>
      <LinearRing>
       <coordinates>
-97.22815,29.26714,00100
-97.23797,29.24794,00100
-97.25499,29.26695,00100
-97.25493,29.28942,00100
-97.23851,29.30688,00100
-97.23119,29.28959,00100
-97.22815,29.26714,00100
       </coordinates>
      </LinearRing>
     </innerBoundaryIs>
    </Polygon>
    <Polygon>
     <extrude>1</extrude>
     <altitudeMode>clampToGround</altitudeMode>
     <outerBoundaryIs>
      <LinearRing>
       <coordinates>
-97.50299,29.35485,00100
-97.49669,29.34222,00100
-97.47101,29.35142,00100
-97.46954,29.35515,00100
-97.46756,29.37765,00100
-97.47140,29.38502,00100
-97.49725,29.38985,00100
-97.50461,29.37732,00100
-97.50299,29.35485,00100
       </coordinates>
      </LinearRing>
     </outerBoundaryIs>
     <innerBoundaryIs>
      <LinearRing>
       <coordinates>
-97.18672,29.35732,00100
-97.18739,29.35681,00100
-97.18813,29.35732,00100
-97.19547,29.37975,00100
-97.21165,29.40211,00100
-97.21368,29.41328,00100
-97.21638,29.42456,00100
-97.21396,29.44427,00100
-97.20641,29.44711,00100
-97.18818,29.44797,00100
-97.18665,29.44724,00100
-97.16219,29.42673,00100
-97.16131,29.42492,00100
-97.16178,29.40244,00100
-97.16197,29.40106,00100
-97.17631,29.37987,00100
-97.18672,29.35732,00100
       </coordinates>
      </LinearRing>
     </innerBoundaryIs>
    </Polygon>
    <Polygon>
     <extrude>1</extrude>
     <altitudeMode>clampToGround</altitudeMode>
     <outerBoundaryIs>
      <LinearRing>
       <coordinates>
-97.34415,29.46858,00100
-97.34326,29.46746,00100
-97.34166,29.46860,00100
-97.34328,29.46970,00100
-97.34415,29.46858,00100
       </coordinates>
      </LinearRing>
     </outerBoundaryIs>
    </Polygon>
    <Polygon>
     <extrude>1</extrude>
     <altitudeMode>clampToGround</altitudeMode>
     <outerBoundaryIs>
      <LinearRing>
       <coordinates>
-97.34870,29.55846,00100
-97.34415,29.55405,00100
-97.31834,29.55651,00100
-97.29930,29.55884,00100
-97.29256,29.56329,00100
-97.28506,29.58142,00100
-97.28816,29.60388,00100
-97.29236,29.62633,00100
-97.29318,29.62680,00100
-97.29425,29.62632,00100
-97.30740,29.60374,00100
-97.31877,29.59963,00100
-97.34451,29.58881,00100
-97.34933,29.58094,00100
-97.34870,29.55846,00100
       </coordinates>
      </LinearRing>
     </outerBoundaryIs>
    </Polygon>
    <Polygon>
     <extrude>1</extrude>
     <altitudeMode>clampToGround</altitudeMode>
     <outerBoundaryIs>
      <LinearRing>
       <coordinates>
-97.34553,29.67089,00100
-97.34535,29.67049,00100
-97.34461,29.67089,00100
-97.34536,29.67135,00100
-97.34553,29.67089,00100
       </coordinates>
      </LinearRing>
     </outerBoundaryIs>
    </Polygon>
   </MultiGeometry>
  </Placemark>
  <Placemark>
   <name>Contour Level: 1.0E-14 mass/m3</name>
   <Snippet maxLines="0"></Snippet>
   <TimeSpan>
    <begin>2026-01-25T06:00:00Z</begin>
    <end>2026-01-25T07:00:00Z</end>
   </TimeSpan>
   <styleUrl>#conc3</styleUrl>
   <MultiGeometry>
    <Polygon>
     <extrude>1</extrude>
     <altitudeMode>clampToGround</altitudeMode>
     <outerBoundaryIs>
      <LinearRing>
       <coordinates>
-97.03890,28.54918,00300
-97.02692,28.54375,00300
-97.00128,28.53386,00300
-96.97569,28.53110,00300
-96.95010,28.52954,00300
-96.92455,28.53122,00300
-96.89899,28.53601,00300
-96.87349,28.54870,00300
-96.87223,28.54999,00300
-96.85443,28.57253,00300
-96.84806,28.57784,00300
-96.82526,28.59511,00300
-96.82258,28.59756,00300
-96.81087,28.61763,00300
-96.80769,28.64012,00300
-96.80801,28.66258,00300
-96.81030,28.68505,00300
-96.82310,28.70381,00300
-96.82569,28.70745,00300
-96.82314,28.71300,00300
-96.80776,28.72999,00300
-96.79763,28.73506,00300
-96.77760,28.75257,00300
-96.77210,28.75840,00300
-96.76030,28.77510,00300
-96.74659,28.78685,00300
-96.72730,28.79768,00300
-96.72102,28.80274,00300
-96.70460,28.82022,00300
-96.69548,28.83447,00300
-96.68780,28.84273,00300
-96.66994,28.86440,00300
-96.66949,28.86525,00300
-96.66494,28.88774,00300
-96.66081,28.91022,00300
-96.65780,28.93270,00300
-96.64558,28.95521,00300
-96.64457,28.95861,00300
-96.63704,28.97770,00300
-96.62896,29.00019,00300
-96.62437,29.02267,00300
-96.61909,29.03229,00300
-96.61437,29.04517,00300
-96.60658,29.06766,00300
-96.59354,29.08766,00300
-96.59019,29.09017,00300
-96.58067,29.11266,00300
-96.56792,29.12826,00300
-96.56106,29.13517,00300
-96.54224,29.15565,00300
-96.54117,29.15768,00300
-96.53870,29.18016,00300
-96.54044,29.20263,00300
-96.54236,29.21210,00300
-96.54469,29.22510,00300
-96.54240,29.22783,00300
-96.52460,29.24761,00300
-96.51669,29.25730,00300
-96.51023,29.27011,00300
-96.50508,29.29259,00300
-96.50040,29.31507,00300
-96.50233,29.33754,00300
-96.51163,29.36001,00300
-96.50645,29.38249,00300
-96.49115,29.39433,00300
-96.47706,29.40500,00300
-96.46539,29.42700,00300
-96.46518,29.42750,00300
-96.46230,29.44998,00300
-96.45725,29.47246,00300
-96.45218,29.49494,00300
-96.45294,29.51742,00300
-96.44508,29.53990,00300
-96.44785,29.56238,00300
-96.44320,29.58486,00300
-96.44450,29.60734,00300
-96.44333,29.62982,00300
-96.43981,29.64034,00300
-96.43089,29.65231,00300
-96.43568,29.67478,00300
-96.41640,29.69728,00300
-96.41400,29.70498,00300
-96.40824,29.71976,00300
-96.40342,29.74224,00300
-96.40303,29.76472,00300
-96.39680,29.78720,00300
-96.39717,29.80969,00300
-96.39451,29.83217,00300
-96.39340,29.85465,00300
-96.39326,29.87713,00300
-96.38821,29.88635,00300
-96.37336,29.89962,00300
-96.37636,29.92209,00300
-96.36458,29.94458,00300
-96.36491,29.96706,00300
-96.36231,29.97529,00300
-96.35863,29.98954,00300
-96.35480,30.01202,00300
-96.35405,30.03451,00300
-96.35458,30.05699,00300
-96.35056,30.07947,00300
-96.34660,30.10195,00300
-96.34329,30.12443,00300
-96.34190,30.14691,00300
-96.34013,30.16939,00300
-96.33953,30.19187,00300
-96.33890,30.21435,00300
-96.33823,30.23684,00300
-96.33775,30.25932,00300
-96.33730,30.28180,00300
-96.33670,30.30429,00300
-96.33651,30.32677,00300
-96.33636,30.34072,00300
-96.32985,30.34925,00300
-96.31030,30.36317,00300
-96.30514,30.37173,00300
-96.29625,30.39421,00300
-96.29309,30.41669,00300
-96.28708,30.43917,00300
-96.28610,30.46165,00300
-96.28502,30.48413,00300
-96.28471,30.50661,00300
-96.28450,30.52910,00300
-96.28440,30.55158,00300
-96.28436,30.57406,00300
-96.28436,30.59654,00300
-96.28437,30.61903,00300
-96.28458,30.64151,00300
-96.28540,30.66399,00300
-96.31021,30.68535,00300
-96.33636,30.67757,00300
-96.36250,30.68535,00300
-96.38731,30.66399,00300
-96.38814,30.64151,00300
-96.38834,30.61903,00300
-96.38837,30.59654,00300
-96.38838,30.57406,00300
-96.38858,30.57066,00300
-96.41469,30.56958,00300
-96.43545,30.55155,00300
-96.43787,30.52907,00300
-96.43949,30.50658,00300
-96.44003,30.48410,00300
-96.44026,30.46162,00300
-96.44067,30.45264,00300
-96.46195,30.43912,00300
-96.46674,30.43591,00300
-96.48133,30.41662,00300
-96.48778,30.39412,00300
-96.48941,30.37164,00300
-96.49191,30.34916,00300
-96.49266,30.34190,00300
-96.50632,30.32666,00300
-96.51864,30.30519,00300
-96.51936,30.30416,00300
-96.52536,30.28166,00300
-96.53589,30.25917,00300
-96.54454,30.23963,00300
-96.54958,30.23667,00300
-96.56604,30.21415,00300
-96.57049,30.20879,00300
-96.58415,30.19164,00300
-96.58746,30.16915,00300
-96.59637,30.15889,00300
-96.61115,30.14662,00300
-96.61914,30.12412,00300
-96.62225,30.11764,00300
-96.64031,30.10160,00300
-96.64817,30.09571,00300
-96.66783,30.07904,00300
-96.67404,30.06357,00300
-96.68051,30.05653,00300
-96.69992,30.03795,00300
-96.70588,30.03398,00300
-96.72147,30.01145,00300
-96.72110,29.98898,00300
-96.72166,29.96649,00300
-96.72559,29.96389,00300
-96.75152,29.95749,00300
-96.77741,29.94615,00300
-96.77982,29.94382,00300
-96.79787,29.92128,00300
-96.80320,29.91288,00300
-96.80869,29.89876,00300
-96.82121,29.87623,00300
-96.82827,29.85373,00300
-96.82346,29.83126,00300
-96.82596,29.80878,00300
-96.82859,29.80436,00300
-96.85445,29.79480,00300
-96.88039,29.80127,00300
-96.90625,29.79473,00300
-96.93214,29.79082,00300
-96.93744,29.78583,00300
-96.95143,29.76328,00300
-96.95781,29.75473,00300
-96.96282,29.74074,00300
-96.96776,29.71824,00300
-96.97281,29.69573,00300
-96.97940,29.67322,00300
-96.97907,29.65075,00300
-96.96656,29.62832,00300
-96.96496,29.60586,00300
-96.96716,29.58336,00300
-96.96647,29.56089,00300
-96.96318,29.53843,00300
-96.96550,29.51594,00300
-96.97460,29.49342,00300
-96.97270,29.47094,00300
-96.98174,29.45746,00300
-96.99519,29.44836,00300
-97.00739,29.43360,00300
-97.01185,29.42579,00300
-97.02253,29.40326,00300
-97.03020,29.38074,00300
-97.03271,29.36602,00300
-97.03946,29.38069,00300
-97.04644,29.40313,00300
-97.05057,29.42558,00300
-97.04875,29.44808,00300
-97.05090,29.47054,00300
-97.04459,29.49305,00300
-97.03375,29.51155,00300
-97.02778,29.51562,00300
-97.03394,29.53732,00300
-97.03412,29.53806,00300
-97.03970,29.56051,00300
-97.06010,29.58136,00300
-97.06190,29.58287,00300
-97.08611,29.60141,00300
-97.10371,29.58263,00300
-97.11169,29.56808,00300
-97.11516,29.56008,00300
-97.11554,29.53760,00300
-97.11826,29.51510,00300
-97.12014,29.49261,00300
-97.12229,29.47012,00300
-97.12186,29.44765,00300
-97.12207,29.42517,00300
-97.12296,29.40269,00300
-97.11879,29.38023,00300
-97.11535,29.35777,00300
-97.11370,29.33531,00300
-97.10973,29.31993,00300
-97.10802,29.31286,00300
-97.10237,29.29042,00300
-97.08358,29.27100,00300
-97.08243,29.26806,00300
-97.08353,29.26448,00300
-97.10225,29.24547,00300
-97.10320,29.22299,00300
-97.10696,29.20049,00300
-97.08294,29.18720,00300
-97.08008,29.17817,00300
-97.08276,29.16451,00300
-97.10847,29.15996,00300
-97.12337,29.17791,00300
-97.11469,29.20044,00300
-97.11196,29.22293,00300
-97.13477,29.23007,00300
-97.16049,29.22555,00300
-97.18629,29.22954,00300
-97.19070,29.22244,00300
-97.18806,29.19998,00300
-97.18599,29.19510,00300
-97.16147,29.17768,00300
-97.16112,29.15520,00300
-97.16404,29.13271,00300
-97.16433,29.11023,00300
-97.16206,29.08777,00300
-97.16174,29.06530,00300
-97.16071,29.04283,00300
-97.16126,29.02035,00300
-97.15867,29.00710,00300
-97.15720,28.99790,00300
-97.13273,28.97713,00300
-97.13191,28.97559,00300
-97.13268,28.97130,00300
-97.15271,28.95299,00300
-97.15810,28.93939,00300
-97.18382,28.94392,00300
-97.20387,28.95265,00300
-97.20964,28.95984,00300
-97.21244,28.97507,00300
-97.23560,28.98902,00300
-97.24525,28.97484,00300
-97.24127,28.95239,00300
-97.23519,28.94526,00300
-97.20953,28.94766,00300
-97.19917,28.93021,00300
-97.19975,28.90773,00300
-97.20608,28.88521,00300
-97.20888,28.87408,00300
-97.21080,28.86271,00300
-97.21756,28.84019,00300
-97.22025,28.81770,00300
-97.21860,28.79524,00300
-97.21378,28.77281,00300
-97.21143,28.75035,00300
-97.21037,28.72788,00300
-97.20748,28.71611,00300
-97.20422,28.70545,00300
-97.18283,28.68313,00300
-97.18156,28.68153,00300
-97.16196,28.66079,00300
-97.15567,28.64761,00300
-97.15209,28.63839,00300
-97.14384,28.61597,00300
-97.13439,28.59356,00300
-97.12959,28.58858,00300
-97.10389,28.57402,00300
-97.07830,28.57310,00300
-97.07512,28.57145,00300
-97.05258,28.55434,00300
-97.03890,28.54918,00300
       </coordinates>
      </LinearRing>
     </outerBoundaryIs>
    </Polygon>
    <Polygon>
     <extrude>1</extrude>
     <altitudeMode>clampToGround</altitudeMode>
     <outerBoundaryIs>
      <LinearRing>
       <coordinates>
-97.34152,29.06402,00300
-97.33909,29.06014,00300
-97.33628,29.06406,00300
-97.33920,29.07010,00300
-97.34152,29.06402,00300
       </coordinates>
      </LinearRing>
     </outerBoundaryIs>
    </Polygon>
    <Polygon>
     <extrude>1</extrude>
     <altitudeMode>clampToGround</altitudeMode>
     <outerBoundaryIs>
      <LinearRing>
       <coordinates>
-97.24410,29.06474,00300
-97.23617,29.05220,00300
-97.22719,29.06486,00300
-97.23643,29.08010,00300
-97.24410,29.06474,00300
       </coordinates>
      </LinearRing>
     </outerBoundaryIs>
    </Polygon>
   </MultiGeometry>
  </Placemark>
  <Placemark>
   <name>Contour Level: 3.2E-14 mass/m3</name>
   <Snippet maxLines="0"></Snippet>
   <TimeSpan>
    <begin>2026-01-25T06:00:00Z</begin>
    <end>2026-01-25T07:00:00Z</end>
   </TimeSpan>
   <styleUrl>#conc4</styleUrl>
   <MultiGeometry>
    <Polygon>
     <extrude>1</extrude>
     <altitudeMode>clampToGround</altitudeMode>
     <outerBoundaryIs>
      <LinearRing>
       <coordinates>
-96.95271,28.77432,00500
-96.95162,28.77278,00500
-96.94749,28.77435,00500
-96.92602,28.77784,00500
-96.91553,28.79697,00500
-96.91004,28.81947,00500
-96.90792,28.84194,00500
-96.90871,28.86441,00500
-96.90158,28.88691,00500
-96.90101,28.88799,00500
-96.87537,28.89347,00500
-96.86930,28.88705,00500
-96.85501,28.86464,00500
-96.84952,28.85796,00500
-96.82387,28.85938,00500
-96.82066,28.86477,00500
-96.81313,28.88727,00500
-96.79881,28.90980,00500
-96.79845,28.91043,00500
-96.77281,28.91912,00500
-96.75745,28.90994,00500
-96.74709,28.90708,00500
-96.73713,28.91001,00500
-96.72151,28.92956,00500
-96.72070,28.93253,00500
-96.71753,28.95501,00500
-96.71397,28.97750,00500
-96.69608,28.99899,00500
-96.69456,29.00002,00500
-96.67159,29.02256,00500
-96.67577,29.04502,00500
-96.67059,29.05584,00500
-96.66718,29.06752,00500
-96.66382,29.09000,00500
-96.64937,29.11251,00500
-96.64506,29.11571,00500
-96.63042,29.13503,00500
-96.61942,29.14684,00500
-96.61430,29.15755,00500
-96.61116,29.18003,00500
-96.61198,29.20250,00500
-96.61166,29.22497,00500
-96.61270,29.24745,00500
-96.61000,29.26993,00500
-96.59407,29.29194,00500
-96.59299,29.29244,00500
-96.56834,29.30999,00500
-96.56476,29.31497,00500
-96.55671,29.33746,00500
-96.55447,29.35994,00500
-96.55145,29.38242,00500
-96.54822,29.40491,00500
-96.54771,29.42739,00500
-96.54283,29.43693,00500
-96.52793,29.44990,00500
-96.51709,29.47093,00500
-96.51624,29.47239,00500
-96.50902,29.49488,00500
-96.50353,29.51736,00500
-96.49138,29.53904,00500
-96.49083,29.53985,00500
-96.48672,29.56234,00500
-96.47970,29.58482,00500
-96.47633,29.60731,00500
-96.47207,29.62979,00500
-96.46719,29.65228,00500
-96.46570,29.65640,00500
-96.45950,29.67476,00500
-96.44910,29.69725,00500
-96.44720,29.71973,00500
-96.43991,29.73594,00500
-96.43496,29.74222,00500
-96.43941,29.76470,00500
-96.42622,29.78719,00500
-96.42513,29.80967,00500
-96.42113,29.83215,00500
-96.41906,29.85463,00500
-96.41413,29.87387,00500
-96.41317,29.87712,00500
-96.40269,29.89960,00500
-96.39825,29.92209,00500
-96.38824,29.94302,00500
-96.38680,29.94457,00500
-96.38824,29.94676,00500
-96.39302,29.96705,00500
-96.38826,29.97759,00500
-96.37720,29.98954,00500
-96.38560,30.01201,00500
-96.37382,30.03450,00500
-96.37702,30.05698,00500
-96.37425,30.07946,00500
-96.36482,30.10195,00500
-96.36235,30.11357,00500
-96.35830,30.12443,00500
-96.35387,30.14691,00500
-96.34827,30.16939,00500
-96.34640,30.19187,00500
-96.34440,30.21435,00500
-96.34236,30.23684,00500
-96.34109,30.25932,00500
-96.33977,30.28180,00500
-96.33863,30.30429,00500
-96.33803,30.32677,00500
-96.33764,30.34925,00500
-96.33720,30.37173,00500
-96.33636,30.38781,00500
-96.32625,30.39421,00500
-96.31159,30.41669,00500
-96.31029,30.41751,00500
-96.29330,30.43917,00500
-96.29024,30.46165,00500
-96.28684,30.48413,00500
-96.28590,30.50661,00500
-96.28524,30.52910,00500
-96.28495,30.55158,00500
-96.28484,30.57406,00500
-96.28486,30.59654,00500
-96.28493,30.61903,00500
-96.28563,30.64151,00500
-96.28825,30.66400,00500
-96.31021,30.68290,00500
-96.33539,30.66400,00500
-96.33636,30.66386,00500
-96.33733,30.66400,00500
-96.36250,30.68290,00500
-96.38446,30.66400,00500
-96.38708,30.64151,00500
-96.38778,30.61903,00500
-96.38786,30.59654,00500
-96.38790,30.57406,00500
-96.38857,30.56241,00500
-96.41468,30.55958,00500
-96.42391,30.55156,00500
-96.43164,30.52907,00500
-96.43673,30.50658,00500
-96.43816,30.48410,00500
-96.43880,30.46162,00500
-96.43990,30.43914,00500
-96.44064,30.42051,00500
-96.44641,30.41665,00500
-96.46670,30.40800,00500
-96.47510,30.39414,00500
-96.47807,30.37165,00500
-96.48663,30.34916,00500
-96.48907,30.32668,00500
-96.49088,30.30420,00500
-96.49258,30.29377,00500
-96.50309,30.28169,00500
-96.51418,30.25920,00500
-96.51854,30.25332,00500
-96.52915,30.23670,00500
-96.53709,30.21420,00500
-96.54414,30.19171,00500
-96.54443,30.19073,00500
-96.55785,30.16920,00500
-96.57004,30.14670,00500
-96.57034,30.14542,00500
-96.57959,30.12420,00500
-96.58942,30.10171,00500
-96.59357,30.07921,00500
-96.59611,30.05977,00500
-96.59728,30.05672,00500
-96.61138,30.03422,00500
-96.62157,30.01171,00500
-96.62194,30.01140,00500
-96.64783,29.99042,00500
-96.64887,29.98917,00500
-96.66128,29.96666,00500
-96.67282,29.94415,00500
-96.67250,29.92166,00500
-96.67354,29.91811,00500
-96.69001,29.89914,00500
-96.69933,29.87888,00500
-96.70955,29.87660,00500
-96.72523,29.87258,00500
-96.74470,29.85402,00500
-96.75105,29.84687,00500
-96.76605,29.83147,00500
-96.77682,29.81389,00500
-96.77906,29.80894,00500
-96.79520,29.78641,00500
-96.80254,29.77589,00500
-96.80672,29.76389,00500
-96.80243,29.75128,00500
-96.79212,29.74146,00500
-96.77643,29.72692,00500
-96.77208,29.71905,00500
-96.77631,29.70271,00500
-96.77923,29.69654,00500
-96.77628,29.69338,00500
-96.77138,29.67409,00500
-96.77409,29.65160,00500
-96.76965,29.62913,00500
-96.77061,29.60666,00500
-96.77583,29.59372,00500
-96.78564,29.58412,00500
-96.80153,29.56262,00500
-96.80199,29.56159,00500
-96.81643,29.53905,00500
-96.82042,29.51656,00500
-96.82709,29.50615,00500
-96.85288,29.49968,00500
-96.87872,29.50173,00500
-96.89220,29.49380,00500
-96.90446,29.48562,00500
-96.91311,29.47122,00500
-96.91537,29.44874,00500
-96.91351,29.42627,00500
-96.91683,29.40377,00500
-96.92970,29.38937,00500
-96.94125,29.38119,00500
-96.95145,29.35866,00500
-96.94422,29.33622,00500
-96.94206,29.31375,00500
-96.95497,29.30760,00500
-96.98068,29.29731,00500
-96.99080,29.29104,00500
-97.00629,29.27223,00500
-97.00835,29.26847,00500
-97.00624,29.26582,00500
-96.98035,29.24671,00500
-96.97699,29.24615,00500
-96.95446,29.22570,00500
-96.95336,29.22379,00500
-96.93273,29.20141,00500
-96.92854,29.19746,00500
-96.90762,29.17905,00500
-96.90990,29.15657,00500
-96.92822,29.14578,00500
-96.95388,29.13421,00500
-96.95431,29.13389,00500
-96.96394,29.11136,00500
-96.95367,29.09957,00500
-96.92793,29.09601,00500
-96.90605,29.11163,00500
-96.90240,29.12957,00500
-96.87658,29.11393,00500
-96.87584,29.11176,00500
-96.87654,29.10625,00500
-96.88503,29.08925,00500
-96.87638,29.07801,00500
-96.87389,29.06682,00500
-96.87630,29.06392,00500
-96.90196,29.05452,00500
-96.91443,29.04417,00500
-96.92516,29.02165,00500
-96.92746,29.01859,00500
-96.95304,28.99988,00500
-96.95351,28.99904,00500
-96.96252,28.97653,00500
-96.96267,28.95405,00500
-96.96063,28.93159,00500
-96.96143,28.90911,00500
-96.96708,28.88661,00500
-96.96893,28.86413,00500
-96.97621,28.84162,00500
-96.97248,28.81917,00500
-96.97256,28.79670,00500
-96.95271,28.77432,00500
       </coordinates>
      </LinearRing>
     </outerBoundaryIs>
    </Polygon>
    <Polygon>
     <extrude>1</extrude>
     <altitudeMode>clampToGround</altitudeMode>
     <outerBoundaryIs>
      <LinearRing>
       <coordinates>
-97.06622,28.86361,00500
-97.05476,28.85382,00500
-97.02906,28.84803,00500
-97.01117,28.86391,00500
-97.00558,28.88642,00500
-97.00724,28.90888,00500
-97.00517,28.93136,00500
-97.00405,28.94364,00500
-97.00198,28.95385,00500
-97.00420,28.96538,00500
-97.00494,28.97631,00500
-97.00431,28.98199,00500
-96.99664,28.99883,00500
-97.00454,29.01550,00500
-97.00610,29.02125,00500
-97.00467,29.03442,00500
-97.00158,29.04375,00500
-97.00483,29.05867,00500
-97.00711,29.06620,00500
-97.01311,29.08864,00500
-97.01632,29.11110,00500
-97.03080,29.13350,00500
-97.03107,29.13366,00500
-97.03118,29.13349,00500
-97.03752,29.11098,00500
-97.03590,29.08852,00500
-97.04513,29.06599,00500
-97.05618,29.04796,00500
-97.05807,29.04345,00500
-97.07306,29.02089,00500
-97.08018,28.99837,00500
-97.07269,28.97594,00500
-97.07477,28.95346,00500
-97.07214,28.93100,00500
-97.07036,28.90854,00500
-97.07391,28.88604,00500
-97.06622,28.86361,00500
       </coordinates>
      </LinearRing>
     </outerBoundaryIs>
     <innerBoundaryIs>
      <LinearRing>
       <coordinates>
-96.89734,29.20157,00500
-96.90275,29.19081,00500
-96.91576,29.20149,00500
-96.90674,29.22400,00500
-96.90296,29.22707,00500
-96.87720,29.22581,00500
-96.87622,29.22414,00500
-96.87717,29.22041,00500
-96.89734,29.20157,00500
       </coordinates>
      </LinearRing>
     </innerBoundaryIs>
    </Polygon>
   </MultiGeometry>
  </Placemark>
  <Placemark>
   <name>Contour Level: 1.0E-13 mass/m3</name>
   <Snippet maxLines="0"></Snippet>
   <TimeSpan>
    <begin>2026-01-25T06:00:00Z</begin>
    <end>2026-01-25T07:00:00Z</end>
   </TimeSpan>
   <styleUrl>#conc5</styleUrl>
   <MultiGeometry>
    <Polygon>
     <extrude>1</extrude>
     <altitudeMode>clampToGround</altitudeMode>
     <outerBoundaryIs>
      <LinearRing>
       <coordinates>
-96.75282,29.35945,00700
-96.74898,29.35669,00700
-96.72320,29.35903,00700
-96.72269,29.35955,00700
-96.72321,29.36307,00700
-96.74902,29.36739,00700
-96.75282,29.35945,00700
       </coordinates>
      </LinearRing>
     </outerBoundaryIs>
    </Polygon>
    <Polygon>
     <extrude>1</extrude>
     <altitudeMode>clampToGround</altitudeMode>
     <outerBoundaryIs>
      <LinearRing>
       <coordinates>
-96.65612,29.49460,00700
-96.64624,29.48983,00700
-96.63313,29.49465,00700
-96.62045,29.49915,00700
-96.61227,29.51717,00700
-96.59472,29.53672,00700
-96.59215,29.53969,00700
-96.57310,29.56221,00700
-96.56896,29.56965,00700
-96.56407,29.58470,00700
-96.55390,29.60720,00700
-96.54994,29.62968,00700
-96.54326,29.63811,00700
-96.52966,29.65220,00700
-96.51746,29.67079,00700
-96.51595,29.67469,00700
-96.51214,29.69718,00700
-96.50384,29.71967,00700
-96.49290,29.74216,00700
-96.49397,29.76464,00700
-96.49174,29.76914,00700
-96.47950,29.78714,00700
-96.46781,29.80964,00700
-96.46590,29.81618,00700
-96.46220,29.83212,00700
-96.45803,29.85460,00700
-96.45383,29.87709,00700
-96.44144,29.89958,00700
-96.44288,29.92206,00700
-96.44012,29.92671,00700
-96.42416,29.94455,00700
-96.41862,29.96704,00700
-96.41422,29.98134,00700
-96.41168,29.98952,00700
-96.40704,30.01200,00700
-96.40230,30.03449,00700
-96.40088,30.05697,00700
-96.39814,30.07945,00700
-96.39026,30.10194,00700
-96.39248,30.12442,00700
-96.38834,30.13282,00700
-96.37540,30.14690,00700
-96.37980,30.16938,00700
-96.36575,30.19187,00700
-96.36237,30.21180,00700
-96.36179,30.21435,00700
-96.35545,30.23684,00700
-96.35168,30.25932,00700
-96.34756,30.28180,00700
-96.34473,30.30429,00700
-96.34282,30.32677,00700
-96.34195,30.34925,00700
-96.34084,30.37173,00700
-96.33967,30.39421,00700
-96.33771,30.41669,00700
-96.33636,30.42577,00700
-96.31542,30.43918,00700
-96.31028,30.44378,00700
-96.30330,30.46165,00700
-96.29259,30.48414,00700
-96.28963,30.50661,00700
-96.28757,30.52910,00700
-96.28669,30.55158,00700
-96.28635,30.57406,00700
-96.28647,30.59654,00700
-96.28672,30.61903,00700
-96.28894,30.64151,00700
-96.29726,30.66400,00700
-96.31022,30.67514,00700
-96.32507,30.66400,00700
-96.33636,30.66234,00700
-96.34764,30.66400,00700
-96.36250,30.67515,00700
-96.37546,30.66400,00700
-96.38378,30.64151,00700
-96.38599,30.61903,00700
-96.38626,30.59654,00700
-96.38638,30.57406,00700
-96.38755,30.55158,00700
-96.38857,30.54728,00700
-96.41327,30.52908,00700
-96.41466,30.52721,00700
-96.42800,30.50659,00700
-96.43224,30.48411,00700
-96.43415,30.46162,00700
-96.43568,30.43914,00700
-96.43631,30.41666,00700
-96.44005,30.39417,00700
-96.44061,30.39219,00700
-96.45768,30.37167,00700
-96.46662,30.35428,00700
-96.46996,30.34918,00700
-96.47290,30.32670,00700
-96.47984,30.30420,00700
-96.48361,30.28172,00700
-96.48631,30.25923,00700
-96.49249,30.23815,00700
-96.49381,30.23674,00700
-96.50671,30.21424,00700
-96.51842,30.19190,00700
-96.51852,30.19175,00700
-96.51849,30.16927,00700
-96.53009,30.14677,00700
-96.53119,30.12428,00700
-96.53646,30.10180,00700
-96.54421,30.08472,00700
-96.54790,30.07929,00700
-96.55307,30.05681,00700
-96.56266,30.03431,00700
-96.56705,30.01182,00700
-96.57000,30.00456,00700
-96.57972,29.98932,00700
-96.58624,29.96682,00700
-96.59298,29.94433,00700
-96.59578,29.93767,00700
-96.60844,29.92181,00700
-96.61421,29.89932,00700
-96.61443,29.87684,00700
-96.61878,29.85435,00700
-96.62141,29.83267,00700
-96.62157,29.83187,00700
-96.62238,29.80939,00700
-96.62879,29.78689,00700
-96.62243,29.76442,00700
-96.63106,29.74192,00700
-96.62435,29.71946,00700
-96.64691,29.70066,00700
-96.67281,29.70877,00700
-96.67998,29.69684,00700
-96.69859,29.67955,00700
-96.70052,29.67431,00700
-96.69854,29.66529,00700
-96.68984,29.65186,00700
-96.68113,29.62940,00700
-96.68016,29.60693,00700
-96.68236,29.58444,00700
-96.68850,29.56194,00700
-96.69139,29.53946,00700
-96.69804,29.52970,00700
-96.70404,29.51694,00700
-96.69796,29.50888,00700
-96.67210,29.50010,00700
-96.65612,29.49460,00700
       </coordinates>
      </LinearRing>
     </outerBoundaryIs>
    </Polygon>
   </MultiGeometry>
  </Placemark>
  <Placemark>
   <name>Contour Level: 3.2E-13 mass/m3</name>
   <Snippet maxLines="0"></Snippet>
   <TimeSpan>
    <begin>2026-01-25T06:00:00Z</begin>
    <end>2026-01-25T07:00:00Z</end>
   </TimeSpan>
   <styleUrl>#conc6</styleUrl>
   <MultiGeometry>
    <Polygon>
     <extrude>1</extrude>
     <altitudeMode>clampToGround</altitudeMode>
     <outerBoundaryIs>
      <LinearRing>
       <coordinates>
-96.46162,30.10189,00900
-96.44029,30.09213,00900
-96.43470,30.10192,00900
-96.42617,30.12440,00900
-96.41961,30.14688,00900
-96.41436,30.15512,00900
-96.40955,30.16937,00900
-96.40483,30.19186,00900
-96.40144,30.21434,00900
-96.39333,30.23683,00900
-96.38840,30.24611,00900
-96.38290,30.25931,00900
-96.37621,30.28180,00900
-96.36402,30.30429,00900
-96.36240,30.30931,00900
-96.35796,30.32677,00900
-96.35560,30.34925,00900
-96.35233,30.37173,00900
-96.35120,30.39421,00900
-96.34898,30.41669,00900
-96.34618,30.43918,00900
-96.33636,30.45924,00900
-96.33357,30.46166,00900
-96.31142,30.48414,00900
-96.31026,30.48496,00900
-96.30144,30.50662,00900
-96.29496,30.52910,00900
-96.29220,30.55158,00900
-96.29116,30.57406,00900
-96.29153,30.59654,00900
-96.29237,30.61903,00900
-96.29942,30.64151,00900
-96.31022,30.65623,00900
-96.33636,30.65754,00900
-96.36250,30.65624,00900
-96.37331,30.64151,00900
-96.38035,30.61903,00900
-96.38119,30.59654,00900
-96.38158,30.57406,00900
-96.38203,30.55158,00900
-96.38657,30.52910,00900
-96.38855,30.51335,00900
-96.39253,30.50661,00900
-96.41387,30.48412,00900
-96.41462,30.48083,00900
-96.41946,30.46163,00900
-96.42233,30.43915,00900
-96.42209,30.41667,00900
-96.42579,30.39418,00900
-96.42865,30.37170,00900
-96.43109,30.34921,00900
-96.44055,30.33388,00900
-96.44585,30.32672,00900
-96.44746,30.30424,00900
-96.45549,30.28175,00900
-96.45888,30.25926,00900
-96.46304,30.23678,00900
-96.46471,30.21429,00900
-96.46642,30.20538,00900
-96.47083,30.19180,00900
-96.47458,30.16932,00900
-96.47313,30.14684,00900
-96.47289,30.12436,00900
-96.46629,30.10943,00900
-96.46162,30.10189,00900
       </coordinates>
      </LinearRing>
     </outerBoundaryIs>
    </Polygon>
   </MultiGeometry>
  </Placemark>
  <Placemark>
   <name>Contour Level: 1.0E-12 mass/m3</name>
   <Snippet maxLines="0"></Snippet>
   <TimeSpan>
    <begin>2026-01-25T06:00:00Z</begin>
    <end>2026-01-25T07:00:00Z</end>
   </TimeSpan>
   <styleUrl>#conc7</styleUrl>
   <MultiGeometry>
    <Polygon>
     <extrude>1</extrude>
     <altitudeMode>clampToGround</altitudeMode>
     <outerBoundaryIs>
      <LinearRing>
       <coordinates>
-96.38995,30.41669,01100
-96.38850,30.41320,01100
-96.38660,30.41669,01100
-96.38850,30.42069,01100
-96.38995,30.41669,01100
       </coordinates>
      </LinearRing>
     </outerBoundaryIs>
    </Polygon>
    <Polygon>
     <extrude>1</extrude>
     <altitudeMode>clampToGround</altitudeMode>
     <outerBoundaryIs>
      <LinearRing>
       <coordinates>
-96.34291,30.50662,01100
-96.33636,30.50344,01100
-96.33248,30.50662,01100
-96.32213,30.52911,01100
-96.31025,30.54941,01100
-96.30961,30.55159,01100
-96.30636,30.57407,01100
-96.30758,30.59655,01100
-96.31023,30.61896,01100
-96.31024,30.61903,01100
-96.33442,30.64152,01100
-96.33636,30.64234,01100
-96.33829,30.64152,01100
-96.36248,30.61907,01100
-96.36250,30.61903,01100
-96.36516,30.59655,01100
-96.36639,30.57407,01100
-96.36457,30.55159,01100
-96.36246,30.54201,01100
-96.35509,30.52910,01100
-96.34291,30.50662,01100
       </coordinates>
      </LinearRing>
     </outerBoundaryIs>
    </Polygon>
   </MultiGeometry>
  </Placemark>
  <Placemark>
   <name>Maximum Value Grid Cell</name>
   <Snippet maxLines="0"></Snippet>
   <description><![CDATA[<pre>
LAT:   30.5741 LON:  -96.3364
Value: 2.7E-12
      The square represents the location
      of maximum concentration and the
      size of the square represents the
      concentration grid cell size.
    </pre>]]>
   </description>
   <TimeSpan>
    <begin>2026-01-25T06:00:00Z</begin>
    <end>2026-01-25T07:00:00Z</end>
   </TimeSpan>
   <styleUrl>#maxv</styleUrl>
   <Polygon>
    <extrude>1</extrude>
    <altitudeMode>clampToGround</altitudeMode>
    <outerBoundaryIs>
     <LinearRing>
      <coordinates>
        -96.36246,30.55159,00100
        -96.31025,30.55159,00100
        -96.31024,30.59655,00100
        -96.36247,30.59655,00100
        -96.36246,30.55159,00100
      </coordinates>
     </LinearRing>
    </outerBoundaryIs>
   </Polygon>
  </Placemark>
 </Folder>
 <Folder>
  <name><![CDATA[<pre>Concentration 
(Valid:20260125 0800UTC)</pre>]]>
  </name>
  <visibility>0</visibility>
  <description><![CDATA[<pre>
Averaged from 00000 to 00100m
Valid:20260125 0800 UTC
   </pre>]]>
  </description>
  <ScreenOverlay>
   <name>Legend</name>
   <Snippet maxLines="0"></Snippet>
   <TimeSpan>
    <begin>2026-01-25T07:00:00Z</begin>
    <end>2026-01-25T08:00:00Z</end>
   </TimeSpan>
   <Icon>
    <href>GELABEL_08_22130.gif</href>
   </Icon>
   <overlayXY x="0" y="1" xunits="fraction" yunits="fraction"/>
   <screenXY x="0" y="1" xunits="fraction" yunits="fraction"/>
   <rotationXY x="0" y="0" xunits="fraction" yunits="fraction"/>
   <size x="0" y="0" xunits="pixels" yunits="pixels"/>
  </ScreenOverlay>
  <Placemark>
   <name>Contour Level: 3.2E-15 mass/m3</name>
   <Snippet maxLines="0"></Snippet>
   <TimeSpan>
    <begin>2026-01-25T07:00:00Z</begin>
    <end>2026-01-25T08:00:00Z</end>
   </TimeSpan>
   <styleUrl>#conc2</styleUrl>
   <MultiGeometry>
    <Polygon>
     <extrude>1</extrude>
     <altitudeMode>clampToGround</altitudeMode>
     <outerBoundaryIs>
      <LinearRing>
       <coordinates>
-97.16537,28.14405,00100
-97.15149,28.14110,00100
-97.12599,28.13801,00100
-97.10049,28.13500,00100
-97.07503,28.13509,00100
-97.04955,28.13444,00100
-97.02412,28.14095,00100
-97.01642,28.14493,00100
-96.99876,28.15694,00100
-96.97334,28.16627,00100
-96.97050,28.16763,00100
-96.94795,28.18206,00100
-96.92538,28.19031,00100
-96.92253,28.19153,00100
-96.89712,28.20486,00100
-96.89144,28.21292,00100
-96.87177,28.23053,00100
-96.86945,28.23548,00100
-96.85162,28.25802,00100
-96.84645,28.26557,00100
-96.83338,28.28055,00100
-96.82107,28.29062,00100
-96.81040,28.30310,00100
-96.79893,28.32561,00100
-96.79574,28.32924,00100
-96.77390,28.34816,00100
-96.77032,28.35392,00100
-96.76055,28.37067,00100
-96.76289,28.39313,00100
-96.76453,28.41559,00100
-96.74918,28.43811,00100
-96.74566,28.46058,00100
-96.74524,28.46100,00100
-96.71970,28.46501,00100
-96.69414,28.46405,00100
-96.67892,28.48325,00100
-96.66868,28.49141,00100
-96.66226,28.50576,00100
-96.65859,28.52824,00100
-96.65666,28.55071,00100
-96.65695,28.57318,00100
-96.65393,28.59565,00100
-96.65494,28.61812,00100
-96.65139,28.64060,00100
-96.65365,28.66306,00100
-96.65520,28.68553,00100
-96.66183,28.70798,00100
-96.65921,28.73046,00100
-96.64494,28.75296,00100
-96.64394,28.75593,00100
-96.61835,28.77513,00100
-96.61809,28.77550,00100
-96.59277,28.79528,00100
-96.58823,28.79803,00100
-96.57233,28.82053,00100
-96.56805,28.84300,00100
-96.56725,28.84539,00100
-96.56140,28.86549,00100
-96.55828,28.88797,00100
-96.55604,28.91044,00100
-96.54253,28.93294,00100
-96.54178,28.93337,00100
-96.51611,28.94182,00100
-96.50506,28.95547,00100
-96.49949,28.97795,00100
-96.49391,29.00043,00100
-96.49704,29.02289,00100
-96.49059,29.03752,00100
-96.48012,29.04539,00100
-96.48543,29.06786,00100
-96.47620,29.09034,00100
-96.49071,29.11270,00100
-96.49075,29.11280,00100
-96.49071,29.11581,00100
-96.49007,29.13528,00100
-96.49074,29.13581,00100
-96.50176,29.15774,00100
-96.49947,29.18021,00100
-96.49084,29.19723,00100
-96.48335,29.20271,00100
-96.48502,29.22518,00100
-96.46513,29.23130,00100
-96.43938,29.23423,00100
-96.41705,29.24772,00100
-96.41364,29.25304,00100
-96.40759,29.27020,00100
-96.41367,29.29180,00100
-96.41408,29.29267,00100
-96.43289,29.31514,00100
-96.43130,29.33761,00100
-96.43950,29.34793,00100
-96.44360,29.36008,00100
-96.43953,29.37551,00100
-96.43381,29.38257,00100
-96.41499,29.40506,00100
-96.41376,29.40887,00100
-96.40729,29.42754,00100
-96.40338,29.45002,00100
-96.40285,29.47249,00100
-96.39752,29.49498,00100
-96.40079,29.51745,00100
-96.39477,29.53993,00100
-96.39850,29.56241,00100
-96.39404,29.58489,00100
-96.39396,29.60737,00100
-96.39244,29.62985,00100
-96.38808,29.64350,00100
-96.38097,29.65234,00100
-96.38810,29.66808,00100
-96.38892,29.67481,00100
-96.38810,29.67705,00100
-96.37237,29.69730,00100
-96.38812,29.71320,00100
-96.38978,29.71977,00100
-96.38813,29.72453,00100
-96.37053,29.74225,00100
-96.38815,29.75974,00100
-96.38970,29.76473,00100
-96.38815,29.76793,00100
-96.36488,29.78721,00100
-96.36227,29.79946,00100
-96.35687,29.80970,00100
-96.34762,29.83218,00100
-96.34401,29.85466,00100
-96.34165,29.87714,00100
-96.33953,29.89962,00100
-96.33805,29.92210,00100
-96.33763,29.94458,00100
-96.33669,29.96706,00100
-96.33674,29.98955,00100
-96.33636,30.00971,00100
-96.33524,30.01202,00100
-96.33636,30.02880,00100
-96.33636,30.03451,00100
-96.33636,30.03514,00100
-96.32545,30.05699,00100
-96.31589,30.07947,00100
-96.31037,30.08733,00100
-96.30572,30.10195,00100
-96.29897,30.12442,00100
-96.29555,30.14690,00100
-96.29180,30.16938,00100
-96.28999,30.19187,00100
-96.28893,30.21435,00100
-96.28770,30.23683,00100
-96.28727,30.25931,00100
-96.28671,30.28179,00100
-96.28638,30.30428,00100
-96.28587,30.32676,00100
-96.28549,30.34924,00100
-96.28508,30.37172,00100
-96.28484,30.39420,00100
-96.28473,30.41669,00100
-96.28450,30.43917,00100
-96.28443,30.46165,00100
-96.28434,30.48413,00100
-96.28429,30.50661,00100
-96.28425,30.52910,00100
-96.28422,30.55158,00100
-96.28420,30.57406,00100
-96.28419,30.59654,00100
-96.28419,30.61903,00100
-96.28425,30.64151,00100
-96.28449,30.66399,00100
-96.31021,30.68613,00100
-96.33636,30.68370,00100
-96.36250,30.68613,00100
-96.38822,30.66399,00100
-96.38847,30.64151,00100
-96.38853,30.61903,00100
-96.38852,30.59654,00100
-96.38851,30.57406,00100
-96.38858,30.56850,00100
-96.41469,30.56737,00100
-96.43342,30.55155,00100
-96.43774,30.52907,00100
-96.43985,30.50658,00100
-96.44004,30.48410,00100
-96.44027,30.46162,00100
-96.44063,30.43914,00100
-96.44066,30.43611,00100
-96.46671,30.42021,00100
-96.46954,30.41663,00100
-96.48183,30.39413,00100
-96.48403,30.37165,00100
-96.49116,30.34916,00100
-96.49228,30.32667,00100
-96.49261,30.31218,00100
-96.49820,30.30419,00100
-96.51591,30.28168,00100
-96.51859,30.27782,00100
-96.53125,30.25917,00100
-96.53738,30.23668,00100
-96.53997,30.21420,00100
-96.54304,30.19171,00100
-96.54440,30.17566,00100
-96.54858,30.16922,00100
-96.57037,30.16020,00100
-96.59422,30.14665,00100
-96.59633,30.14434,00100
-96.62232,30.14297,00100
-96.64829,30.13341,00100
-96.65179,30.12405,00100
-96.66280,30.10154,00100
-96.67413,30.08739,00100
-96.68520,30.07900,00100
-96.70005,30.07195,00100
-96.71687,30.05643,00100
-96.72591,30.04333,00100
-96.73471,30.03389,00100
-96.74572,30.01138,00100
-96.75172,30.00596,00100
-96.77766,30.00137,00100
-96.78744,29.98876,00100
-96.79422,29.96626,00100
-96.79542,29.94377,00100
-96.79350,29.92130,00100
-96.80314,29.89984,00100
-96.80340,29.89878,00100
-96.81293,29.87626,00100
-96.82886,29.85810,00100
-96.84297,29.87615,00100
-96.83978,29.89864,00100
-96.85220,29.92108,00100
-96.85201,29.94356,00100
-96.85526,29.94807,00100
-96.88127,29.96038,00100
-96.90723,29.96301,00100
-96.93309,29.94732,00100
-96.93866,29.94318,00100
-96.94917,29.92065,00100
-96.95879,29.90873,00100
-96.96927,29.89808,00100
-96.98457,29.88489,00100
-96.99886,29.87545,00100
-96.99885,29.85297,00100
-96.99227,29.83052,00100
-97.00418,29.80798,00100
-97.00994,29.80500,00100
-97.02760,29.78537,00100
-97.03042,29.76288,00100
-97.03469,29.74038,00100
-97.02577,29.71794,00100
-97.03124,29.69543,00100
-97.02404,29.67299,00100
-97.03480,29.65838,00100
-97.04207,29.67290,00100
-97.03731,29.69540,00100
-97.04243,29.71785,00100
-97.03606,29.74037,00100
-97.04291,29.76281,00100
-97.04646,29.78527,00100
-97.05697,29.80770,00100
-97.06194,29.82863,00100
-97.06230,29.83015,00100
-97.08018,29.85253,00100
-97.08810,29.86135,00100
-97.10149,29.85240,00100
-97.11393,29.84934,00100
-97.13977,29.83987,00100
-97.15355,29.82960,00100
-97.15702,29.80710,00100
-97.15480,29.78463,00100
-97.15221,29.76217,00100
-97.13902,29.74955,00100
-97.13310,29.73981,00100
-97.13114,29.71734,00100
-97.13438,29.69484,00100
-97.13848,29.68307,00100
-97.14823,29.67227,00100
-97.16065,29.64972,00100
-97.16404,29.64574,00100
-97.18974,29.62728,00100
-97.19006,29.62704,00100
-97.18973,29.62585,00100
-97.18352,29.60461,00100
-97.17294,29.58220,00100
-97.16418,29.55977,00100
-97.16330,29.55860,00100
-97.13729,29.53847,00100
-97.12984,29.53751,00100
-97.11137,29.52748,00100
-97.08557,29.53180,00100
-97.08073,29.51533,00100
-97.08539,29.50786,00100
-97.11118,29.50375,00100
-97.13692,29.49367,00100
-97.13894,29.49250,00100
-97.16261,29.47659,00100
-97.18839,29.47250,00100
-97.19081,29.46969,00100
-97.18834,29.46663,00100
-97.16248,29.46058,00100
-97.14752,29.44749,00100
-97.13651,29.44247,00100
-97.11069,29.44201,00100
-97.08486,29.43920,00100
-97.06870,29.42549,00100
-97.05949,29.40306,00100
-97.05875,29.39874,00100
-97.05625,29.38060,00100
-97.05858,29.37587,00100
-97.07362,29.35802,00100
-97.08421,29.35414,00100
-97.08702,29.35794,00100
-97.09219,29.38039,00100
-97.10789,29.40277,00100
-97.11041,29.40617,00100
-97.13625,29.41102,00100
-97.16204,29.40958,00100
-97.16856,29.40240,00100
-97.18768,29.39110,00100
-97.20384,29.37969,00100
-97.21329,29.36943,00100
-97.22209,29.35709,00100
-97.22792,29.33457,00100
-97.22942,29.31208,00100
-97.23398,29.28957,00100
-97.23298,29.26711,00100
-97.23803,29.25511,00100
-97.25043,29.26698,00100
-97.25289,29.28944,00100
-97.25924,29.31187,00100
-97.26450,29.32943,00100
-97.26696,29.33430,00100
-97.29049,29.35136,00100
-97.31614,29.33681,00100
-97.31998,29.33390,00100
-97.33198,29.31133,00100
-97.32812,29.28889,00100
-97.32169,29.26646,00100
-97.31529,29.25236,00100
-97.31154,29.24406,00100
-97.28928,29.22732,00100
-97.28422,29.22178,00100
-97.28911,29.20879,00100
-97.29671,29.19921,00100
-97.31384,29.17661,00100
-97.31184,29.15415,00100
-97.28844,29.13984,00100
-97.27785,29.13193,00100
-97.27622,29.10946,00100
-97.28801,29.09541,00100
-97.31380,29.10198,00100
-97.33951,29.10136,00100
-97.36529,29.10646,00100
-97.39095,29.10039,00100
-97.41663,29.09726,00100
-97.44230,29.09220,00100
-97.44971,29.08560,00100
-97.45620,29.06307,00100
-97.44173,29.04135,00100
-97.43992,29.04074,00100
-97.42570,29.01838,00100
-97.42714,28.99590,00100
-97.43315,28.97337,00100
-97.43462,28.95089,00100
-97.44066,28.94624,00100
-97.46075,28.92819,00100
-97.46606,28.92165,00100
-97.48716,28.90548,00100
-97.49153,28.90417,00100
-97.51056,28.88279,00100
-97.51294,28.86030,00100
-97.51643,28.84039,00100
-97.52044,28.83775,00100
-97.54196,28.82942,00100
-97.55023,28.81501,00100
-97.54155,28.79604,00100
-97.51686,28.81532,00100
-97.51620,28.82016,00100
-97.49072,28.83517,00100
-97.46501,28.83047,00100
-97.44357,28.81597,00100
-97.43915,28.81167,00100
-97.43282,28.79359,00100
-97.42760,28.77117,00100
-97.43853,28.75588,00100
-97.46177,28.74839,00100
-97.46407,28.74775,00100
-97.48957,28.73700,00100
-97.50938,28.72550,00100
-97.51416,28.70298,00100
-97.51302,28.68052,00100
-97.51067,28.65807,00100
-97.50677,28.63564,00100
-97.50424,28.61319,00100
-97.48790,28.59391,00100
-97.48545,28.59089,00100
-97.46841,28.56858,00100
-97.46284,28.54615,00100
-97.46172,28.54221,00100
-97.45420,28.52376,00100
-97.44550,28.50137,00100
-97.43559,28.49242,00100
-97.42488,28.47908,00100
-97.41706,28.45667,00100
-97.41092,28.43426,00100
-97.40932,28.42744,00100
-97.40557,28.41184,00100
-97.40202,28.38940,00100
-97.39632,28.36698,00100
-97.38296,28.35009,00100
-97.35739,28.34644,00100
-97.35475,28.34485,00100
-97.33177,28.33731,00100
-97.31120,28.32273,00100
-97.30607,28.31885,00100
-97.28413,28.30046,00100
-97.28035,28.29800,00100
-97.26421,28.27815,00100
-97.25444,28.25587,00100
-97.25436,28.25576,00100
-97.24143,28.23338,00100
-97.23262,28.21098,00100
-97.22841,28.19648,00100
-97.22476,28.18858,00100
-97.20915,28.16622,00100
-97.20260,28.15955,00100
-97.17701,28.14658,00100
-97.16537,28.14405,00100
       </coordinates>
      </LinearRing>
     </outerBoundaryIs>
    </Polygon>
    <Polygon>
     <extrude>1</extrude>
     <altitudeMode>clampToGround</altitudeMode>
     <outerBoundaryIs>
      <LinearRing>
       <coordinates>
-97.54326,28.77013,00100
-97.54117,28.76498,00100
-97.53661,28.77019,00100
-97.54138,28.78256,00100
-97.54326,28.77013,00100
       </coordinates>
      </LinearRing>
     </outerBoundaryIs>
     <innerBoundaryIs>
      <LinearRing>
       <coordinates>
-97.32477,28.77200,00100
-97.33600,28.75636,00100
-97.34964,28.77180,00100
-97.33635,28.79057,00100
-97.32477,28.77200,00100
       </coordinates>
      </LinearRing>
     </innerBoundaryIs>
     <innerBoundaryIs>
      <LinearRing>
       <coordinates>
-97.43784,28.86096,00100
-97.43956,28.84849,00100
-97.44310,28.86092,00100
-97.43987,28.87612,00100
-97.43784,28.86096,00100
       </coordinates>
      </LinearRing>
     </innerBoundaryIs>
     <innerBoundaryIs>
      <LinearRing>
       <coordinates>
-97.33020,28.90679,00100
-97.33740,28.89411,00100
-97.36318,28.90532,00100
-97.38884,28.90352,00100
-97.40082,28.90622,00100
-97.40936,28.92862,00100
-97.38921,28.93777,00100
-97.36366,28.95115,00100
-97.36341,28.95147,00100
-97.35308,28.97403,00100
-97.33833,28.98529,00100
-97.32735,28.97423,00100
-97.32832,28.95175,00100
-97.32905,28.92927,00100
-97.33020,28.90679,00100
       </coordinates>
      </LinearRing>
     </innerBoundaryIs>
    </Polygon>
    <Polygon>
     <extrude>1</extrude>
     <altitudeMode>clampToGround</altitudeMode>
     <outerBoundaryIs>
      <LinearRing>
       <coordinates>
-97.55281,28.97230,00100
-97.54356,28.96012,00100
-97.52855,28.97252,00100
-97.53667,28.99492,00100
-97.54417,29.01048,00100
-97.54557,29.01731,00100
-97.54613,29.03978,00100
-97.55906,29.06214,00100
-97.56477,29.08456,00100
-97.57096,29.09710,00100
-97.58757,29.10682,00100
-97.59692,29.11514,00100
-97.61354,29.12903,00100
-97.62297,29.14042,00100
-97.64856,29.12946,00100
-97.64874,29.12868,00100
-97.64959,29.10620,00100
-97.65382,29.08368,00100
-97.65456,29.06119,00100
-97.64751,29.05086,00100
-97.63457,29.03892,00100
-97.62148,29.02566,00100
-97.61776,29.01661,00100
-97.60336,28.99428,00100
-97.59531,28.99026,00100
-97.56955,28.98450,00100
-97.55281,28.97230,00100
       </coordinates>
      </LinearRing>
     </outerBoundaryIs>
    </Polygon>
    <Polygon>
     <extrude>1</extrude>
     <altitudeMode>clampToGround</altitudeMode>
     <outerBoundaryIs>
      <LinearRing>
       <coordinates>
-97.40865,29.15338,00100
-97.39130,29.13321,00100
-97.36559,29.13593,00100
-97.35403,29.15382,00100
-97.35278,29.17631,00100
-97.35988,29.19873,00100
-97.36639,29.21183,00100
-97.37434,29.22109,00100
-97.39236,29.23139,00100
-97.39825,29.22089,00100
-97.40186,29.19839,00100
-97.40991,29.17584,00100
-97.40865,29.15338,00100
       </coordinates>
      </LinearRing>
     </outerBoundaryIs>
    </Polygon>
    <Polygon>
     <extrude>1</extrude>
     <altitudeMode>clampToGround</altitudeMode>
     <outerBoundaryIs>
      <LinearRing>
       <coordinates>
-97.62680,29.21881,00100
-97.62397,29.21663,00100
-97.62209,29.21885,00100
-97.62402,29.21975,00100
-97.62680,29.21881,00100
       </coordinates>
      </LinearRing>
     </outerBoundaryIs>
     <innerBoundaryIs>
      <LinearRing>
       <coordinates>
-96.48922,29.27013,00100
-96.49095,29.26859,00100
-96.49136,29.27013,00100
-96.49095,29.27065,00100
-96.48922,29.27013,00100
       </coordinates>
      </LinearRing>
     </innerBoundaryIs>
    </Polygon>
    <Polygon>
     <extrude>1</extrude>
     <altitudeMode>clampToGround</altitudeMode>
     <outerBoundaryIs>
      <LinearRing>
       <coordinates>
-97.45904,29.31029,00100
-97.44459,29.29524,00100
-97.41888,29.30148,00100
-97.41454,29.31067,00100
-97.41265,29.33316,00100
-97.39366,29.35292,00100
-97.38522,29.35587,00100
-97.37667,29.37841,00100
-97.39417,29.39962,00100
-97.40945,29.37815,00100
-97.41949,29.35617,00100
-97.42014,29.35557,00100
-97.44521,29.35032,00100
-97.45800,29.33278,00100
-97.45904,29.31029,00100
       </coordinates>
      </LinearRing>
     </outerBoundaryIs>
    </Polygon>
    <Polygon>
     <extrude>1</extrude>
     <altitudeMode>clampToGround</altitudeMode>
     <outerBoundaryIs>
      <LinearRing>
       <coordinates>
-97.30060,29.42396,00100
-97.29101,29.40413,00100
-97.26559,29.42422,00100
-97.26540,29.42432,00100
-97.25457,29.44677,00100
-97.25245,29.46926,00100
-97.25117,29.49175,00100
-97.26496,29.51413,00100
-97.26626,29.51535,00100
-97.27059,29.51409,00100
-97.29206,29.51235,00100
-97.31604,29.49128,00100
-97.31598,29.46880,00100
-97.31530,29.44633,00100
-97.30060,29.42396,00100
       </coordinates>
      </LinearRing>
     </outerBoundaryIs>
    </Polygon>
    <Polygon>
     <extrude>1</extrude>
     <altitudeMode>clampToGround</altitudeMode>
     <outerBoundaryIs>
      <LinearRing>
       <coordinates>
-97.29582,29.55886,00100
-97.29249,29.55575,00100
-97.29060,29.55890,00100
-97.29258,29.56561,00100
-97.29582,29.55886,00100
       </coordinates>
      </LinearRing>
     </outerBoundaryIs>
     <innerBoundaryIs>
      <LinearRing>
       <coordinates>
-96.92672,29.62851,00100
-96.93102,29.60873,00100
-96.94147,29.62845,00100
-96.94164,29.65093,00100
-96.95266,29.67335,00100
-96.93152,29.69012,00100
-96.91815,29.67351,00100
-96.92599,29.65100,00100
-96.92672,29.62851,00100
       </coordinates>
      </LinearRing>
     </innerBoundaryIs>
    </Polygon>
    <Polygon>
     <extrude>1</extrude>
     <altitudeMode>clampToGround</altitudeMode>
     <outerBoundaryIs>
      <LinearRing>
       <coordinates>
-97.04928,29.92014,00100
-97.03653,29.90016,00100
-97.02366,29.92028,00100
-97.03677,29.93388,00100
-97.04928,29.92014,00100
       </coordinates>
      </LinearRing>
     </outerBoundaryIs>
    </Polygon>
    <Polygon>
     <extrude>1</extrude>
     <altitudeMode>clampToGround</altitudeMode>
     <outerBoundaryIs>
      <LinearRing>
       <coordinates>
-97.09221,30.05479,00100
-97.08955,30.04858,00100
-97.08581,30.05482,00100
-97.08057,30.07733,00100
-97.08982,30.08413,00100
-97.09533,30.07725,00100
-97.09221,30.05479,00100
       </coordinates>
      </LinearRing>
     </outerBoundaryIs>
    </Polygon>
    <Polygon>
     <extrude>1</extrude>
     <altitudeMode>clampToGround</altitudeMode>
     <outerBoundaryIs>
      <LinearRing>
       <coordinates>
-96.67545,30.16895,00100
-96.67441,30.16836,00100
-96.67376,30.16895,00100
-96.67442,30.17121,00100
-96.67545,30.16895,00100
       </coordinates>
      </LinearRing>
     </outerBoundaryIs>
    </Polygon>
    <Polygon>
     <extrude>1</extrude>
     <altitudeMode>clampToGround</altitudeMode>
     <outerBoundaryIs>
      <LinearRing>
       <coordinates>
-96.70770,30.21383,00100
-96.70054,30.20216,00100
-96.67451,30.19927,00100
-96.67147,30.21392,00100
-96.67458,30.21984,00100
-96.70061,30.22077,00100
-96.70770,30.21383,00100
       </coordinates>
      </LinearRing>
     </outerBoundaryIs>
    </Polygon>
    <Polygon>
     <extrude>1</extrude>
     <altitudeMode>clampToGround</altitudeMode>
     <outerBoundaryIs>
      <LinearRing>
       <coordinates>
-96.93903,30.37034,00100
-96.93566,30.36528,00100
-96.93269,30.37037,00100
-96.93572,30.37474,00100
-96.93903,30.37034,00100
       </coordinates>
      </LinearRing>
     </outerBoundaryIs>
    </Polygon>
    <Polygon>
     <extrude>1</extrude>
     <altitudeMode>clampToGround</altitudeMode>
     <outerBoundaryIs>
      <LinearRing>
       <coordinates>
-95.60365,31.26897,00100
-95.59996,31.26291,00100
-95.57367,31.26174,00100
-95.56916,31.26878,00100
-95.57355,31.27600,00100
-95.59986,31.27512,00100
-95.60365,31.26897,00100
       </coordinates>
      </LinearRing>
     </outerBoundaryIs>
    </Polygon>
   </MultiGeometry>
  </Placemark>
  <Placemark>
   <name>Contour Level: 1.0E-14 mass/m3</name>
   <Snippet maxLines="0"></Snippet>
   <TimeSpan>
    <begin>2026-01-25T07:00:00Z</begin>
    <end>2026-01-25T08:00:00Z</end>
   </TimeSpan>
   <styleUrl>#conc3</styleUrl>
   <MultiGeometry>
    <Polygon>
     <extrude>1</extrude>
     <altitudeMode>clampToGround</altitudeMode>
     <outerBoundaryIs>
      <LinearRing>
       <coordinates>
-97.15397,28.34630,00300
-97.15318,28.34612,00300
-97.12762,28.34200,00300
-97.10209,28.34186,00300
-97.07657,28.34159,00300
-97.05103,28.34006,00300
-97.02550,28.33875,00300
-96.99996,28.33685,00300
-96.97443,28.33559,00300
-96.94890,28.33475,00300
-96.92339,28.33636,00300
-96.89790,28.34239,00300
-96.88663,28.34773,00300
-96.87244,28.35489,00300
-96.85994,28.37030,00300
-96.85313,28.39279,00300
-96.85251,28.41527,00300
-96.84732,28.43389,00300
-96.84550,28.43776,00300
-96.84568,28.46023,00300
-96.82978,28.48276,00300
-96.82204,28.48883,00300
-96.80254,28.50533,00300
-96.79662,28.51761,00300
-96.78681,28.52785,00300
-96.77837,28.55034,00300
-96.77286,28.57283,00300
-96.77570,28.59529,00300
-96.77273,28.61777,00300
-96.77150,28.62165,00300
-96.76754,28.64026,00300
-96.75785,28.66276,00300
-96.74616,28.68329,00300
-96.74414,28.68527,00300
-96.72062,28.70118,00300
-96.71714,28.70782,00300
-96.70595,28.73033,00300
-96.69518,28.75075,00300
-96.69372,28.75283,00300
-96.69057,28.77532,00300
-96.66968,28.78763,00300
-96.65076,28.79789,00300
-96.64408,28.80279,00300
-96.62043,28.82043,00300
-96.62204,28.84289,00300
-96.61858,28.85513,00300
-96.61581,28.86538,00300
-96.60612,28.88787,00300
-96.60075,28.91036,00300
-96.59467,28.93284,00300
-96.59314,28.93469,00300
-96.56750,28.95003,00300
-96.55079,28.95540,00300
-96.54184,28.96116,00300
-96.53286,28.97790,00300
-96.52086,29.00039,00300
-96.51624,29.01100,00300
-96.51319,29.02287,00300
-96.51388,29.04534,00300
-96.51084,29.06783,00300
-96.51637,29.08341,00300
-96.51971,29.09029,00300
-96.54215,29.11220,00300
-96.54254,29.11273,00300
-96.54216,29.11485,00300
-96.53590,29.13522,00300
-96.53899,29.15769,00300
-96.53227,29.18017,00300
-96.51920,29.20266,00300
-96.51662,29.21472,00300
-96.51403,29.22515,00300
-96.51665,29.23308,00300
-96.51982,29.24761,00300
-96.51805,29.27009,00300
-96.51672,29.27059,00300
-96.49977,29.29259,00300
-96.49600,29.31507,00300
-96.49104,29.32591,00300
-96.47929,29.33757,00300
-96.47361,29.36005,00300
-96.46687,29.38254,00300
-96.46534,29.38851,00300
-96.45790,29.40503,00300
-96.44852,29.42751,00300
-96.43961,29.44391,00300
-96.43600,29.45000,00300
-96.43962,29.46317,00300
-96.44075,29.47247,00300
-96.43964,29.47502,00300
-96.42602,29.49496,00300
-96.43235,29.51743,00300
-96.42207,29.53992,00300
-96.42429,29.56239,00300
-96.41904,29.58488,00300
-96.41758,29.60736,00300
-96.41444,29.62984,00300
-96.41394,29.63348,00300
-96.40988,29.65232,00300
-96.40403,29.67480,00300
-96.39626,29.69728,00300
-96.39792,29.71976,00300
-96.39104,29.74224,00300
-96.39693,29.76473,00300
-96.38816,29.78284,00300
-96.38288,29.78721,00300
-96.38061,29.80969,00300
-96.36786,29.83217,00300
-96.36227,29.85001,00300
-96.36056,29.85466,00300
-96.35332,29.87714,00300
-96.34966,29.89962,00300
-96.34579,29.92210,00300
-96.34443,29.94458,00300
-96.34266,29.96706,00300
-96.34075,29.98955,00300
-96.33945,30.01202,00300
-96.33881,30.03451,00300
-96.33817,30.05699,00300
-96.33774,30.07947,00300
-96.33688,30.10195,00300
-96.33636,30.12431,00300
-96.33628,30.12443,00300
-96.32190,30.14691,00300
-96.31036,30.16308,00300
-96.30791,30.16939,00300
-96.30222,30.19187,00300
-96.29890,30.21435,00300
-96.29504,30.23683,00300
-96.29369,30.25931,00300
-96.29192,30.28179,00300
-96.29092,30.30428,00300
-96.28934,30.32676,00300
-96.28816,30.34924,00300
-96.28688,30.37172,00300
-96.28618,30.39420,00300
-96.28584,30.41669,00300
-96.28515,30.43917,00300
-96.28493,30.46165,00300
-96.28469,30.48413,00300
-96.28458,30.50661,00300
-96.28445,30.52910,00300
-96.28439,30.55158,00300
-96.28436,30.57406,00300
-96.28435,30.59654,00300
-96.28436,30.61903,00300
-96.28458,30.64151,00300
-96.28539,30.66399,00300
-96.31021,30.68537,00300
-96.33636,30.67769,00300
-96.36250,30.68537,00300
-96.38733,30.66399,00300
-96.38814,30.64151,00300
-96.38835,30.61903,00300
-96.38836,30.59654,00300
-96.38836,30.57406,00300
-96.38857,30.55647,00300
-96.41468,30.55292,00300
-96.41628,30.55157,00300
-96.42831,30.52907,00300
-96.43716,30.50658,00300
-96.43851,30.48410,00300
-96.43931,30.46162,00300
-96.43990,30.43914,00300
-96.44019,30.41665,00300
-96.44063,30.40500,00300
-96.45670,30.39416,00300
-96.46476,30.37167,00300
-96.46664,30.37047,00300
-96.48632,30.34916,00300
-96.48858,30.32668,00300
-96.49051,30.30420,00300
-96.49212,30.28171,00300
-96.49255,30.27180,00300
-96.50107,30.25921,00300
-96.51852,30.23977,00300
-96.52006,30.23671,00300
-96.52769,30.21421,00300
-96.53508,30.19172,00300
-96.53531,30.16924,00300
-96.54435,30.15100,00300
-96.55283,30.14673,00300
-96.56963,30.12422,00300
-96.57028,30.12324,00300
-96.59460,30.10170,00300
-96.59621,30.10011,00300
-96.61996,30.07916,00300
-96.62212,30.07573,00300
-96.64262,30.05663,00300
-96.64803,30.05195,00300
-96.67397,30.04402,00300
-96.69890,30.03400,00300
-96.69991,30.03328,00300
-96.70966,30.01149,00300
-96.71735,29.98899,00300
-96.72036,29.96649,00300
-96.72556,29.95382,00300
-96.73297,29.94398,00300
-96.72544,29.92467,00300
-96.72501,29.92152,00300
-96.72542,29.91990,00300
-96.74050,29.89899,00300
-96.74525,29.87650,00300
-96.75115,29.87127,00300
-96.77595,29.85391,00300
-96.77700,29.85365,00300
-96.80288,29.84639,00300
-96.81701,29.83129,00300
-96.82279,29.80879,00300
-96.82854,29.79547,00300
-96.84479,29.78622,00300
-96.84017,29.76376,00300
-96.84068,29.74128,00300
-96.82819,29.72614,00300
-96.82513,29.71886,00300
-96.82813,29.71318,00300
-96.84795,29.69629,00300
-96.85388,29.68879,00300
-96.86388,29.67374,00300
-96.87957,29.65548,00300
-96.88322,29.65119,00300
-96.90154,29.62862,00300
-96.90524,29.62076,00300
-96.90971,29.60611,00300
-96.91739,29.58360,00300
-96.92014,29.56111,00300
-96.93064,29.54578,00300
-96.95373,29.53847,00300
-96.95642,29.53621,00300
-96.98216,29.52198,00300
-97.00352,29.51575,00300
-96.99361,29.49332,00300
-96.98194,29.48819,00300
-96.97392,29.47094,00300
-96.98175,29.45983,00300
-96.99575,29.44835,00300
-97.00417,29.42583,00300
-97.00730,29.42054,00300
-97.01308,29.40331,00300
-97.01857,29.38080,00300
-97.01926,29.35832,00300
-97.01917,29.33584,00300
-97.01733,29.31338,00300
-97.03224,29.29930,00300
-97.05801,29.29839,00300
-97.08379,29.29838,00300
-97.10719,29.31287,00300
-97.10970,29.31621,00300
-97.13155,29.33520,00300
-97.13102,29.35768,00300
-97.13599,29.37901,00300
-97.16161,29.35815,00300
-97.16230,29.35748,00300
-97.18730,29.34689,00300
-97.20174,29.33475,00300
-97.20859,29.31223,00300
-97.20759,29.28975,00300
-97.20890,29.26727,00300
-97.20964,29.24479,00300
-97.21199,29.22404,00300
-97.21227,29.22229,00300
-97.21197,29.22151,00300
-97.20602,29.19986,00300
-97.19392,29.17746,00300
-97.19375,29.15499,00300
-97.18584,29.13256,00300
-97.18543,29.13107,00300
-97.18329,29.11011,00300
-97.18523,29.10696,00300
-97.20277,29.08750,00300
-97.21060,29.06768,00300
-97.21141,29.06497,00300
-97.23191,29.04235,00300
-97.23603,29.03698,00300
-97.25533,29.01971,00300
-97.26137,28.99776,00300
-97.28381,29.01950,00300
-97.28728,29.02006,00300
-97.28848,29.01947,00300
-97.28723,29.01503,00300
-97.26237,28.99719,00300
-97.28703,28.99401,00300
-97.29462,28.97448,00300
-97.29100,28.95203,00300
-97.29913,28.92950,00300
-97.29832,28.90703,00300
-97.28607,28.89510,00300
-97.26038,28.89207,00300
-97.25702,28.88486,00300
-97.25389,28.86241,00300
-97.24635,28.83999,00300
-97.23412,28.82781,00300
-97.22002,28.81771,00300
-97.23396,28.80970,00300
-97.25579,28.79498,00300
-97.25939,28.78739,00300
-97.26186,28.77247,00300
-97.25919,28.76552,00300
-97.24869,28.75009,00300
-97.23338,28.74544,00300
-97.21183,28.72787,00300
-97.21432,28.70539,00300
-97.23282,28.68439,00300
-97.23848,28.68275,00300
-97.25660,28.66015,00300
-97.25814,28.65368,00300
-97.26654,28.63761,00300
-97.27769,28.61506,00300
-97.27767,28.59259,00300
-97.27183,28.57016,00300
-97.27336,28.54768,00300
-97.26701,28.52526,00300
-97.25723,28.50286,00300
-97.25673,28.50203,00300
-97.24069,28.48051,00300
-97.23331,28.45810,00300
-97.23062,28.44218,00300
-97.22933,28.43566,00300
-97.22266,28.41324,00300
-97.21838,28.39080,00300
-97.20444,28.37052,00300
-97.20280,28.36844,00300
-97.17876,28.35276,00300
-97.15397,28.34630,00300
       </coordinates>
      </LinearRing>
     </outerBoundaryIs>
    </Polygon>
    <Polygon>
     <extrude>1</extrude>
     <altitudeMode>clampToGround</altitudeMode>
     <outerBoundaryIs>
      <LinearRing>
       <coordinates>
-97.38802,28.61420,00300
-97.38573,28.61153,00300
-97.36403,28.61439,00300
-97.36021,28.61964,00300
-97.35902,28.61443,00300
-97.33446,28.60388,00300
-97.31246,28.61479,00300
-97.31271,28.63727,00300
-97.33494,28.65091,00300
-97.36045,28.64264,00300
-97.38599,28.63690,00300
-97.38612,28.63668,00300
-97.38802,28.61420,00300
       </coordinates>
      </LinearRing>
     </outerBoundaryIs>
    </Polygon>
    <Polygon>
     <extrude>1</extrude>
     <altitudeMode>clampToGround</altitudeMode>
     <outerBoundaryIs>
      <LinearRing>
       <coordinates>
-97.39288,28.86134,00300
-97.38827,28.84999,00300
-97.38144,28.86143,00300
-97.38849,28.87089,00300
-97.39288,28.86134,00300
       </coordinates>
      </LinearRing>
     </outerBoundaryIs>
     <innerBoundaryIs>
      <LinearRing>
       <coordinates>
-97.11974,28.86329,00300
-97.13169,28.84946,00300
-97.15733,28.84612,00300
-97.16820,28.86299,00300
-97.16458,28.88549,00300
-97.15770,28.89102,00300
-97.13203,28.89036,00300
-97.12712,28.88572,00300
-97.11974,28.86329,00300
       </coordinates>
      </LinearRing>
     </innerBoundaryIs>
     <innerBoundaryIs>
      <LinearRing>
       <coordinates>
-97.21141,28.90765,00300
-97.23476,28.89805,00300
-97.25284,28.90736,00300
-97.25394,28.92983,00300
-97.26089,28.94740,00300
-97.26546,28.95222,00300
-97.26764,28.97468,00300
-97.26136,28.99679,00300
-97.23565,28.99547,00300
-97.20987,28.97508,00300
-97.20978,28.97485,00300
-97.19407,28.95272,00300
-97.19052,28.93027,00300
-97.20921,28.91026,00300
-97.21141,28.90765,00300
       </coordinates>
      </LinearRing>
     </innerBoundaryIs>
     <innerBoundaryIs>
      <LinearRing>
       <coordinates>
-97.12669,28.97562,00300
-97.13268,28.97055,00300
-97.14148,28.97553,00300
-97.13277,28.98369,00300
-97.12669,28.97562,00300
       </coordinates>
      </LinearRing>
     </innerBoundaryIs>
     <innerBoundaryIs>
      <LinearRing>
       <coordinates>
-97.03003,29.17845,00300
-97.03127,29.16097,00300
-97.04212,29.17838,00300
-97.03142,29.18226,00300
-97.03003,29.17845,00300
       </coordinates>
      </LinearRing>
     </innerBoundaryIs>
    </Polygon>
    <Polygon>
     <extrude>1</extrude>
     <altitudeMode>clampToGround</altitudeMode>
     <outerBoundaryIs>
      <LinearRing>
       <coordinates>
-97.29297,29.46897,00300
-97.29162,29.46676,00300
-97.28905,29.46900,00300
-97.29166,29.47107,00300
-97.29297,29.46897,00300
       </coordinates>
      </LinearRing>
     </outerBoundaryIs>
    </Polygon>
    <Polygon>
     <extrude>1</extrude>
     <altitudeMode>clampToGround</altitudeMode>
     <outerBoundaryIs>
      <LinearRing>
       <coordinates>
-97.03468,29.51558,00300
-97.03373,29.50816,00300
-97.01395,29.51569,00300
-97.03379,29.51711,00300
-97.03468,29.51558,00300
       </coordinates>
      </LinearRing>
     </outerBoundaryIs>
    </Polygon>
    <Polygon>
     <extrude>1</extrude>
     <altitudeMode>clampToGround</altitudeMode>
     <outerBoundaryIs>
      <LinearRing>
       <coordinates>
-97.00056,29.60568,00300
-96.98264,29.59402,00300
-96.97524,29.60580,00300
-96.97438,29.62829,00300
-96.98294,29.63961,00300
-97.00211,29.62815,00300
-97.00056,29.60568,00300
       </coordinates>
      </LinearRing>
     </outerBoundaryIs>
    </Polygon>
    <Polygon>
     <extrude>1</extrude>
     <altitudeMode>clampToGround</altitudeMode>
     <outerBoundaryIs>
      <LinearRing>
       <coordinates>
-97.09943,29.67257,00300
-97.08650,29.65369,00300
-97.07572,29.67271,00300
-97.08153,29.69516,00300
-97.07564,29.71767,00300
-97.08713,29.73476,00300
-97.09782,29.71754,00300
-97.09268,29.69509,00300
-97.09943,29.67257,00300
       </coordinates>
      </LinearRing>
     </outerBoundaryIs>
    </Polygon>
    <Polygon>
     <extrude>1</extrude>
     <altitudeMode>clampToGround</altitudeMode>
     <outerBoundaryIs>
      <LinearRing>
       <coordinates>
-96.90904,29.80844,00300
-96.90631,29.80500,00300
-96.88034,29.79338,00300
-96.86448,29.80863,00300
-96.86588,29.83110,00300
-96.87143,29.85356,00300
-96.87209,29.87603,00300
-96.88091,29.89595,00300
-96.90680,29.88750,00300
-96.91244,29.87586,00300
-96.91607,29.85336,00300
-96.91498,29.83089,00300
-96.90904,29.80844,00300
       </coordinates>
      </LinearRing>
     </outerBoundaryIs>
    </Polygon>
    <Polygon>
     <extrude>1</extrude>
     <altitudeMode>clampToGround</altitudeMode>
     <outerBoundaryIs>
      <LinearRing>
       <coordinates>
-96.88432,29.92094,00300
-96.88099,29.90946,00300
-96.87971,29.92096,00300
-96.88107,29.92266,00300
-96.88432,29.92094,00300
       </coordinates>
      </LinearRing>
     </outerBoundaryIs>
    </Polygon>
   </MultiGeometry>
  </Placemark>
  <Placemark>
   <name>Contour Level: 3.2E-14 mass/m3</name>
   <Snippet maxLines="0"></Snippet>
   <TimeSpan>
    <begin>2026-01-25T07:00:00Z</begin>
    <end>2026-01-25T08:00:00Z</end>
   </TimeSpan>
   <styleUrl>#conc4</styleUrl>
   <MultiGeometry>
    <Polygon>
     <extrude>1</extrude>
     <altitudeMode>clampToGround</altitudeMode>
     <outerBoundaryIs>
      <LinearRing>
       <coordinates>
-97.00095,28.61679,00500
-96.97619,28.60819,00500
-96.95061,28.61128,00500
-96.92503,28.61346,00500
-96.92091,28.61718,00500
-96.91868,28.63966,00500
-96.91477,28.66215,00500
-96.90746,28.68465,00500
-96.90089,28.70715,00500
-96.90000,28.71254,00500
-96.89327,28.72965,00500
-96.87836,28.75219,00500
-96.87463,28.75754,00500
-96.87131,28.75222,00500
-96.84893,28.74536,00500
-96.82333,28.74985,00500
-96.81327,28.75245,00500
-96.79774,28.75791,00500
-96.77213,28.76537,00500
-96.74834,28.77514,00500
-96.74655,28.77723,00500
-96.73856,28.79764,00500
-96.72106,28.81469,00500
-96.71839,28.82018,00500
-96.71168,28.84266,00500
-96.70617,28.86515,00500
-96.70110,28.88764,00500
-96.69576,28.90825,00500
-96.69455,28.91013,00500
-96.68874,28.93262,00500
-96.68910,28.95509,00500
-96.69600,28.97652,00500
-96.69617,28.97755,00500
-96.70535,28.99999,00500
-96.71104,29.02245,00500
-96.69622,29.03630,00500
-96.67054,29.04383,00500
-96.66422,29.04505,00500
-96.64486,29.05201,00500
-96.62562,29.06762,00500
-96.61926,29.08810,00500
-96.61887,29.09011,00500
-96.61306,29.11260,00500
-96.60664,29.13509,00500
-96.59884,29.15758,00500
-96.59378,29.17936,00500
-96.59348,29.18006,00500
-96.57157,29.20258,00500
-96.56810,29.20848,00500
-96.56145,29.22507,00500
-96.55867,29.24755,00500
-96.55663,29.27003,00500
-96.54697,29.29252,00500
-96.54256,29.30638,00500
-96.53831,29.31502,00500
-96.52731,29.33751,00500
-96.51946,29.36000,00500
-96.51691,29.37160,00500
-96.51499,29.38248,00500
-96.51121,29.40496,00500
-96.50800,29.42744,00500
-96.49613,29.44994,00500
-96.49127,29.47153,00500
-96.49106,29.47242,00500
-96.47474,29.49492,00500
-96.46990,29.51740,00500
-96.46674,29.53988,00500
-96.46555,29.54739,00500
-96.46282,29.56236,00500
-96.45641,29.58485,00500
-96.45133,29.60733,00500
-96.44797,29.62981,00500
-96.44197,29.65230,00500
-96.44382,29.67478,00500
-96.43986,29.68230,00500
-96.42599,29.69727,00500
-96.42776,29.71975,00500
-96.41924,29.74223,00500
-96.42062,29.76471,00500
-96.41405,29.77782,00500
-96.40977,29.78720,00500
-96.40188,29.80969,00500
-96.39546,29.83216,00500
-96.38820,29.85355,00500
-96.38747,29.85465,00500
-96.38820,29.86450,00500
-96.38854,29.87713,00500
-96.38821,29.87784,00500
-96.37155,29.89962,00500
-96.37261,29.92209,00500
-96.36402,29.94458,00500
-96.36230,29.96262,00500
-96.36153,29.96706,00500
-96.35345,29.98955,00500
-96.34934,30.01202,00500
-96.34653,30.03451,00500
-96.34473,30.05699,00500
-96.34319,30.07947,00500
-96.34181,30.10195,00500
-96.34038,30.12443,00500
-96.33937,30.14691,00500
-96.33793,30.16940,00500
-96.33723,30.19187,00500
-96.33636,30.20091,00500
-96.32504,30.21435,00500
-96.32139,30.23684,00500
-96.31350,30.25932,00500
-96.31033,30.27311,00500
-96.30844,30.28180,00500
-96.30527,30.30429,00500
-96.30030,30.32676,00500
-96.29662,30.34924,00500
-96.29259,30.37172,00500
-96.29038,30.39420,00500
-96.28937,30.41669,00500
-96.28719,30.43917,00500
-96.28655,30.46165,00500
-96.28579,30.48413,00500
-96.28546,30.50661,00500
-96.28511,30.52910,00500
-96.28490,30.55158,00500
-96.28483,30.57406,00500
-96.28485,30.59654,00500
-96.28492,30.61903,00500
-96.28561,30.64151,00500
-96.28819,30.66400,00500
-96.31021,30.68294,00500
-96.33546,30.66400,00500
-96.33636,30.66387,00500
-96.33726,30.66400,00500
-96.36250,30.68294,00500
-96.38452,30.66400,00500
-96.38711,30.64151,00500
-96.38779,30.61903,00500
-96.38786,30.59654,00500
-96.38789,30.57406,00500
-96.38811,30.55158,00500
-96.38857,30.54215,00500
-96.40656,30.52909,00500
-96.41466,30.52354,00500
-96.42868,30.50659,00500
-96.43369,30.48411,00500
-96.43626,30.46162,00500
-96.43760,30.43914,00500
-96.43818,30.41665,00500
-96.43919,30.39417,00500
-96.44044,30.37169,00500
-96.44059,30.37064,00500
-96.46662,30.35394,00500
-96.47102,30.34918,00500
-96.47688,30.32669,00500
-96.48353,30.30420,00500
-96.48573,30.28171,00500
-96.48781,30.25923,00500
-96.49190,30.23675,00500
-96.49249,30.23181,00500
-96.50237,30.21425,00500
-96.51158,30.19176,00500
-96.51385,30.16927,00500
-96.51837,30.16226,00500
-96.53179,30.14676,00500
-96.53989,30.12427,00500
-96.54340,30.10179,00500
-96.54424,30.09864,00500
-96.56113,30.07927,00500
-96.57014,30.06186,00500
-96.57444,30.05677,00500
-96.59605,30.03756,00500
-96.59922,30.03424,00500
-96.60796,30.01174,00500
-96.60958,29.98926,00500
-96.61278,29.96677,00500
-96.62175,29.94627,00500
-96.62345,29.94427,00500
-96.62171,29.93552,00500
-96.62087,29.92179,00500
-96.62167,29.92053,00500
-96.64755,29.90223,00500
-96.66337,29.89921,00500
-96.66962,29.87671,00500
-96.67336,29.86606,00500
-96.68040,29.85420,00500
-96.68733,29.83170,00500
-96.69554,29.80920,00500
-96.69905,29.80403,00500
-96.71049,29.78668,00500
-96.71680,29.76418,00500
-96.72475,29.75263,00500
-96.74030,29.74163,00500
-96.75053,29.72645,00500
-96.75446,29.71910,00500
-96.75041,29.69785,00500
-96.75018,29.69664,00500
-96.75040,29.69453,00500
-96.75301,29.67415,00500
-96.75822,29.65166,00500
-96.77103,29.62913,00500
-96.77592,29.61575,00500
-96.78484,29.60661,00500
-96.80168,29.59404,00500
-96.82750,29.58734,00500
-96.83400,29.58394,00500
-96.84845,29.56141,00500
-96.82726,29.53907,00500
-96.80145,29.54505,00500
-96.79266,29.53914,00500
-96.77554,29.52950,00500
-96.77034,29.51674,00500
-96.77544,29.50889,00500
-96.80122,29.49673,00500
-96.82711,29.50984,00500
-96.84605,29.49399,00500
-96.85283,29.48993,00500
-96.86469,29.47143,00500
-96.86516,29.44896,00500
-96.86143,29.42649,00500
-96.86456,29.40400,00500
-96.87385,29.38148,00500
-96.87486,29.35900,00500
-96.87087,29.33654,00500
-96.86759,29.31408,00500
-96.87557,29.29157,00500
-96.87415,29.26910,00500
-96.87740,29.26276,00500
-96.89748,29.26900,00500
-96.90322,29.27285,00500
-96.91489,29.29140,00500
-96.91877,29.31386,00500
-96.92937,29.33603,00500
-96.94738,29.31373,00500
-96.94176,29.29128,00500
-96.95478,29.27676,00500
-96.95733,29.26873,00500
-96.97003,29.24619,00500
-96.98032,29.24193,00500
-97.00153,29.22355,00500
-97.00232,29.20107,00500
-97.00567,29.18139,00500
-97.00588,29.17858,00500
-97.00564,29.17674,00500
-97.00028,29.15613,00500
-96.97964,29.13844,00500
-96.96411,29.13384,00500
-96.96297,29.11137,00500
-96.97937,29.09636,00500
-96.98618,29.08878,00500
-96.99703,29.06625,00500
-96.99693,29.04377,00500
-97.00463,29.02946,00500
-97.00876,29.02124,00500
-97.00451,29.01087,00500
-96.98399,28.99889,00500
-96.97872,28.99779,00500
-96.97534,28.99894,00500
-96.95994,29.02148,00500
-96.95322,29.02847,00500
-96.92754,29.03125,00500
-96.92027,29.02167,00500
-96.92592,28.99917,00500
-96.92731,28.99486,00500
-96.94554,28.97661,00500
-96.95288,28.97397,00500
-96.97110,28.95401,00500
-96.97840,28.94803,00500
-97.00407,28.94661,00500
-97.02980,28.95308,00500
-97.05537,28.93716,00500
-97.06004,28.93106,00500
-97.06311,28.90858,00500
-97.05505,28.89388,00500
-97.04314,28.88621,00500
-97.02917,28.86411,00500
-97.01865,28.88634,00500
-97.00372,28.89556,00500
-96.97803,28.89220,00500
-96.97420,28.88657,00500
-96.96348,28.86416,00500
-96.96206,28.84169,00500
-96.96043,28.81923,00500
-96.97745,28.80200,00500
-96.98985,28.79661,00500
-97.00301,28.78948,00500
-97.01033,28.77403,00500
-97.00803,28.75157,00500
-97.00262,28.73208,00500
-97.00040,28.72914,00500
-96.99471,28.70670,00500
-96.99459,28.68423,00500
-97.00216,28.66457,00500
-97.00287,28.66172,00500
-97.00202,28.64397,00500
-97.00158,28.63926,00500
-97.00095,28.61679,00500
       </coordinates>
      </LinearRing>
     </outerBoundaryIs>
     <innerBoundaryIs>
      <LinearRing>
       <coordinates>
-96.92083,29.15652,00500
-96.92825,29.15077,00500
-96.93894,29.15644,00500
-96.93291,29.17894,00500
-96.92844,29.18124,00500
-96.92408,29.17898,00500
-96.92083,29.15652,00500
       </coordinates>
      </LinearRing>
     </innerBoundaryIs>
     <innerBoundaryIs>
      <LinearRing>
       <coordinates>
-96.84430,29.17932,00500
-96.85110,29.16183,00500
-96.85836,29.17926,00500
-96.85124,29.18692,00500
-96.84430,29.17932,00500
       </coordinates>
      </LinearRing>
     </innerBoundaryIs>
    </Polygon>
   </MultiGeometry>
  </Placemark>
  <Placemark>
   <name>Contour Level: 1.0E-13 mass/m3</name>
   <Snippet maxLines="0"></Snippet>
   <TimeSpan>
    <begin>2026-01-25T07:00:00Z</begin>
    <end>2026-01-25T08:00:00Z</end>
   </TimeSpan>
   <styleUrl>#conc5</styleUrl>
   <MultiGeometry>
    <Polygon>
     <extrude>1</extrude>
     <altitudeMode>clampToGround</altitudeMode>
     <outerBoundaryIs>
      <LinearRing>
       <coordinates>
-96.73134,29.35952,00700
-96.72312,29.34004,00700
-96.69737,29.35108,00700
-96.68628,29.35965,00700
-96.69749,29.38130,00700
-96.70059,29.38209,00700
-96.72329,29.38370,00700
-96.72478,29.38202,00700
-96.73134,29.35952,00700
       </coordinates>
      </LinearRing>
     </outerBoundaryIs>
    </Polygon>
    <Polygon>
     <extrude>1</extrude>
     <altitudeMode>clampToGround</altitudeMode>
     <outerBoundaryIs>
      <LinearRing>
       <coordinates>
-96.64942,29.40470,00700
-96.64597,29.40226,00700
-96.64017,29.40472,00700
-96.62021,29.41701,00700
-96.61377,29.42726,00700
-96.60835,29.44975,00700
-96.60587,29.47223,00700
-96.59609,29.49473,00700
-96.59739,29.51720,00700
-96.59468,29.52163,00700
-96.56887,29.53279,00700
-96.55080,29.53977,00700
-96.54308,29.55161,00700
-96.54082,29.56226,00700
-96.52531,29.58476,00700
-96.51731,29.59345,00700
-96.50887,29.60727,00700
-96.50130,29.62976,00700
-96.49155,29.64783,00700
-96.48902,29.65225,00700
-96.48831,29.67473,00700
-96.47192,29.69723,00700
-96.46576,29.70802,00700
-96.46097,29.71972,00700
-96.45762,29.74220,00700
-96.45528,29.76468,00700
-96.44678,29.78717,00700
-96.44160,29.80966,00700
-96.44000,29.81818,00700
-96.43520,29.83214,00700
-96.42567,29.85463,00700
-96.41959,29.87711,00700
-96.41415,29.89007,00700
-96.41093,29.89960,00700
-96.40405,29.92208,00700
-96.39495,29.94457,00700
-96.39681,29.96705,00700
-96.38827,29.98274,00700
-96.38229,29.98954,00700
-96.37782,30.01202,00700
-96.36998,30.03450,00700
-96.36497,30.05698,00700
-96.36234,30.07004,00700
-96.36045,30.07946,00700
-96.35741,30.10195,00700
-96.35310,30.12443,00700
-96.35065,30.14691,00700
-96.34684,30.16939,00700
-96.34554,30.19187,00700
-96.34284,30.21435,00700
-96.34196,30.23684,00700
-96.33999,30.25932,00700
-96.33943,30.28180,00700
-96.33803,30.30429,00700
-96.33703,30.32677,00700
-96.33636,30.33280,00700
-96.32504,30.34925,00700
-96.31078,30.37173,00700
-96.31030,30.37260,00700
-96.30370,30.39421,00700
-96.30050,30.41669,00700
-96.29365,30.43917,00700
-96.29165,30.46165,00700
-96.28927,30.48413,00700
-96.28825,30.50661,00700
-96.28718,30.52910,00700
-96.28655,30.55158,00700
-96.28633,30.57406,00700
-96.28644,30.59654,00700
-96.28669,30.61903,00700
-96.28887,30.64151,00700
-96.29709,30.66400,00700
-96.31022,30.67529,00700
-96.32526,30.66400,00700
-96.33636,30.66237,00700
-96.34744,30.66400,00700
-96.36250,30.67530,00700
-96.37563,30.66400,00700
-96.38384,30.64151,00700
-96.38603,30.61903,00700
-96.38628,30.59654,00700
-96.38639,30.57406,00700
-96.38647,30.55158,00700
-96.38723,30.52910,00700
-96.38810,30.50661,00700
-96.38854,30.50543,00700
-96.41463,30.49181,00700
-96.41840,30.48412,00700
-96.42665,30.46163,00700
-96.43033,30.43915,00700
-96.43181,30.41666,00700
-96.43353,30.39418,00700
-96.43409,30.37169,00700
-96.43765,30.34921,00700
-96.44056,30.34155,00700
-96.45569,30.32671,00700
-96.46199,30.30423,00700
-96.46592,30.28174,00700
-96.46652,30.27860,00700
-96.47147,30.25925,00700
-96.47770,30.23676,00700
-96.48019,30.21428,00700
-96.48399,30.19179,00700
-96.48711,30.16931,00700
-96.49156,30.14682,00700
-96.49234,30.14529,00700
-96.50784,30.12432,00700
-96.51473,30.10183,00700
-96.51783,30.07934,00700
-96.51821,30.07734,00700
-96.52476,30.05685,00700
-96.52946,30.03436,00700
-96.53226,30.01188,00700
-96.54299,29.98938,00700
-96.54400,29.98735,00700
-96.55647,29.96688,00700
-96.55907,29.94439,00700
-96.56246,29.92190,00700
-96.56976,29.90476,00700
-96.57346,29.89940,00700
-96.58559,29.87690,00700
-96.59384,29.85440,00700
-96.59555,29.85189,00700
-96.60960,29.83189,00700
-96.61754,29.80940,00700
-96.62132,29.80180,00700
-96.62997,29.78689,00700
-96.63790,29.76439,00700
-96.63599,29.74191,00700
-96.63683,29.71943,00700
-96.63606,29.69695,00700
-96.63721,29.67447,00700
-96.63576,29.65200,00700
-96.63264,29.62952,00700
-96.63686,29.60703,00700
-96.64658,29.59723,00700
-96.65647,29.58451,00700
-96.66308,29.56201,00700
-96.66879,29.53952,00700
-96.66795,29.51704,00700
-96.67209,29.49752,00700
-96.67331,29.49455,00700
-96.67207,29.48919,00700
-96.66886,29.47208,00700
-96.66681,29.44962,00700
-96.65675,29.42716,00700
-96.64942,29.40470,00700
       </coordinates>
      </LinearRing>
     </outerBoundaryIs>
    </Polygon>
   </MultiGeometry>
  </Placemark>
  <Placemark>
   <name>Contour Level: 3.2E-13 mass/m3</name>
   <Snippet maxLines="0"></Snippet>
   <TimeSpan>
    <begin>2026-01-25T07:00:00Z</begin>
    <end>2026-01-25T08:00:00Z</end>
   </TimeSpan>
   <styleUrl>#conc6</styleUrl>
   <MultiGeometry>
    <Polygon>
     <extrude>1</extrude>
     <altitudeMode>clampToGround</altitudeMode>
     <outerBoundaryIs>
      <LinearRing>
       <coordinates>
-96.44440,30.03446,00900
-96.44021,30.01452,00900
-96.43894,30.03446,00900
-96.42776,30.05696,00900
-96.41885,30.07944,00900
-96.41431,30.08889,00900
-96.40959,30.10193,00900
-96.40281,30.12441,00900
-96.38835,30.14100,00900
-96.38489,30.14690,00900
-96.37939,30.16938,00900
-96.37344,30.19187,00900
-96.36719,30.21435,00900
-96.36284,30.23684,00900
-96.36238,30.23904,00900
-96.35950,30.25932,00900
-96.35669,30.28180,00900
-96.35444,30.30429,00900
-96.35233,30.32677,00900
-96.35097,30.34925,00900
-96.34778,30.37173,00900
-96.34401,30.39421,00900
-96.33636,30.40654,00900
-96.32845,30.41669,00900
-96.31621,30.43918,00900
-96.31028,30.45142,00900
-96.30777,30.46165,00900
-96.30026,30.48414,00900
-96.29709,30.50662,00900
-96.29371,30.52910,00900
-96.29177,30.55158,00900
-96.29108,30.57406,00900
-96.29144,30.59654,00900
-96.29227,30.61903,00900
-96.29921,30.64151,00900
-96.31022,30.65650,00900
-96.33636,30.65763,00900
-96.36250,30.65652,00900
-96.37351,30.64151,00900
-96.38046,30.61903,00900
-96.38127,30.59654,00900
-96.38165,30.57406,00900
-96.38125,30.55158,00900
-96.38046,30.52910,00900
-96.37914,30.50662,00900
-96.38699,30.48413,00900
-96.38853,30.47839,00900
-96.39708,30.46165,00900
-96.40765,30.43916,00900
-96.41259,30.41668,00900
-96.41456,30.40083,00900
-96.41563,30.39419,00900
-96.41454,30.37830,00900
-96.41422,30.37171,00900
-96.41453,30.36999,00900
-96.41990,30.34922,00900
-96.42403,30.32674,00900
-96.42595,30.30426,00900
-96.43016,30.28177,00900
-96.43237,30.25928,00900
-96.43938,30.23680,00900
-96.44044,30.23514,00900
-96.44827,30.21431,00900
-96.44514,30.19183,00900
-96.45157,30.16934,00900
-96.45087,30.14686,00900
-96.45613,30.12437,00900
-96.45643,30.10190,00900
-96.45492,30.07941,00900
-96.45491,30.05693,00900
-96.44440,30.03446,00900
       </coordinates>
      </LinearRing>
     </outerBoundaryIs>
    </Polygon>
   </MultiGeometry>
  </Placemark>
  <Placemark>
   <name>Contour Level: 1.0E-12 mass/m3</name>
   <Snippet maxLines="0"></Snippet>
   <TimeSpan>
    <begin>2026-01-25T07:00:00Z</begin>
    <end>2026-01-25T08:00:00Z</end>
   </TimeSpan>
   <styleUrl>#conc7</styleUrl>
   <MultiGeometry>
    <Polygon>
     <extrude>1</extrude>
     <altitudeMode>clampToGround</altitudeMode>
     <outerBoundaryIs>
      <LinearRing>
       <coordinates>
-96.35114,30.50662,01100
-96.33636,30.49027,01100
-96.32321,30.50662,01100
-96.31557,30.52910,01100
-96.31025,30.54310,01100
-96.30827,30.55159,01100
-96.30610,30.57407,01100
-96.30729,30.59655,01100
-96.30991,30.61903,01100
-96.31023,30.61965,01100
-96.33371,30.64152,01100
-96.33636,30.64264,01100
-96.33900,30.64152,01100
-96.36248,30.61970,01100
-96.36284,30.61903,01100
-96.36544,30.59655,01100
-96.36664,30.57407,01100
-96.36475,30.55159,01100
-96.36246,30.54108,01100
-96.35804,30.52910,01100
-96.35114,30.50662,01100
       </coordinates>
      </LinearRing>
     </outerBoundaryIs>
    </Polygon>
   </MultiGeometry>
  </Placemark>
  <Placemark>
   <name>Maximum Value Grid Cell</name>
   <Snippet maxLines="0"></Snippet>
   <description><![CDATA[<pre>
LAT:   30.5741 LON:  -96.3364
Value: 2.7E-12
      The square represents the location
      of maximum concentration and the
      size of the square represents the
      concentration grid cell size.
    </pre>]]>
   </description>
   <TimeSpan>
    <begin>2026-01-25T07:00:00Z</begin>
    <end>2026-01-25T08:00:00Z</end>
   </TimeSpan>
   <styleUrl>#maxv</styleUrl>
   <Polygon>
    <extrude>1</extrude>
    <altitudeMode>clampToGround</altitudeMode>
    <outerBoundaryIs>
     <LinearRing>
      <coordinates>
        -96.36246,30.55159,00100
        -96.31025,30.55159,00100
        -96.31024,30.59655,00100
        -96.36247,30.59655,00100
        -96.36246,30.55159,00100
      </coordinates>
     </LinearRing>
    </outerBoundaryIs>
   </Polygon>
  </Placemark>
 </Folder>
 <Folder>
  <name><![CDATA[<pre>Concentration 
(Valid:20260125 0900UTC)</pre>]]>
  </name>
  <visibility>0</visibility>
  <description><![CDATA[<pre>
Averaged from 00000 to 00100m
Valid:20260125 0900 UTC
   </pre>]]>
  </description>
  <ScreenOverlay>
   <name>Legend</name>
   <Snippet maxLines="0"></Snippet>
   <TimeSpan>
    <begin>2026-01-25T08:00:00Z</begin>
    <end>2026-01-25T09:00:00Z</end>
   </TimeSpan>
   <Icon>
    <href>GELABEL_09_22130.gif</href>
   </Icon>
   <overlayXY x="0" y="1" xunits="fraction" yunits="fraction"/>
   <screenXY x="0" y="1" xunits="fraction" yunits="fraction"/>
   <rotationXY x="0" y="0" xunits="fraction" yunits="fraction"/>
   <size x="0" y="0" xunits="pixels" yunits="pixels"/>
  </ScreenOverlay>
  <Placemark>
   <name>Contour Level: 3.2E-15 mass/m3</name>
   <Snippet maxLines="0"></Snippet>
   <TimeSpan>
    <begin>2026-01-25T08:00:00Z</begin>
    <end>2026-01-25T09:00:00Z</end>
   </TimeSpan>
   <styleUrl>#conc2</styleUrl>
   <MultiGeometry>
    <Polygon>
     <extrude>1</extrude>
     <altitudeMode>clampToGround</altitudeMode>
     <outerBoundaryIs>
      <LinearRing>
       <coordinates>
-97.11034,27.98717,00100
-97.09936,27.98668,00100
-97.07391,27.98497,00100
-97.04846,27.98364,00100
-97.02670,27.98765,00100
-97.02306,27.98859,00100
-97.00373,28.01023,00100
-96.99783,28.01711,00100
-96.97246,28.02880,00100
-96.96144,28.03291,00100
-96.94706,28.03708,00100
-96.92165,28.04221,00100
-96.89621,28.04445,00100
-96.89005,28.05569,00100
-96.87091,28.07163,00100
-96.86798,28.07825,00100
-96.84557,28.09521,00100
-96.82868,28.10087,00100
-96.82017,28.10584,00100
-96.79478,28.12280,00100
-96.79319,28.12346,00100
-96.78272,28.14596,00100
-96.79061,28.16840,00100
-96.78310,28.19089,00100
-96.79517,28.20748,00100
-96.79685,28.21330,00100
-96.79523,28.21882,00100
-96.78084,28.23582,00100
-96.76988,28.25322,00100
-96.76637,28.25833,00100
-96.75381,28.28084,00100
-96.74453,28.28833,00100
-96.71904,28.29518,00100
-96.69355,28.30043,00100
-96.69138,28.30349,00100
-96.67871,28.32598,00100
-96.66816,28.33830,00100
-96.66275,28.34850,00100
-96.65129,28.37099,00100
-96.64336,28.39347,00100
-96.64738,28.41593,00100
-96.64291,28.42655,00100
-96.63509,28.43842,00100
-96.63007,28.46090,00100
-96.61749,28.47146,00100
-96.60709,28.48342,00100
-96.59199,28.49307,00100
-96.56696,28.50597,00100
-96.56646,28.50665,00100
-96.54482,28.52847,00100
-96.54954,28.55093,00100
-96.55756,28.57339,00100
-96.56664,28.58704,00100
-96.57064,28.59583,00100
-96.59232,28.61758,00100
-96.59264,28.61826,00100
-96.59232,28.61890,00100
-96.57097,28.64077,00100
-96.56679,28.64963,00100
-96.55917,28.66326,00100
-96.54776,28.68575,00100
-96.55079,28.70821,00100
-96.54857,28.73068,00100
-96.54267,28.75317,00100
-96.54482,28.77564,00100
-96.54147,28.78485,00100
-96.53060,28.79813,00100
-96.54153,28.81780,00100
-96.54220,28.82058,00100
-96.54155,28.82413,00100
-96.53206,28.84306,00100
-96.54162,28.85606,00100
-96.54671,28.86551,00100
-96.54166,28.87924,00100
-96.53468,28.88800,00100
-96.51956,28.91050,00100
-96.51778,28.93297,00100
-96.51968,28.95544,00100
-96.51616,28.96462,00100
-96.51236,28.97793,00100
-96.49052,28.99488,00100
-96.48043,29.00044,00100
-96.46709,29.02293,00100
-96.47044,29.04540,00100
-96.47595,29.06787,00100
-96.47099,29.09035,00100
-96.48526,29.11281,00100
-96.46499,29.11928,00100
-96.43927,29.12872,00100
-96.43262,29.13533,00100
-96.41367,29.15782,00100
-96.41357,29.15834,00100
-96.40890,29.18030,00100
-96.40874,29.20277,00100
-96.40511,29.22525,00100
-96.39652,29.24773,00100
-96.39771,29.27021,00100
-96.39072,29.29268,00100
-96.39677,29.31516,00100
-96.39084,29.33764,00100
-96.39474,29.36011,00100
-96.39251,29.38259,00100
-96.39221,29.40507,00100
-96.39400,29.42755,00100
-96.38799,29.44889,00100
-96.38698,29.45003,00100
-96.38799,29.45111,00100
-96.39307,29.47250,00100
-96.38800,29.48267,00100
-96.37218,29.49499,00100
-96.37395,29.51746,00100
-96.36272,29.53994,00100
-96.36220,29.54487,00100
-96.35703,29.56242,00100
-96.34915,29.58491,00100
-96.34276,29.60738,00100
-96.33942,29.62986,00100
-96.33636,29.64225,00100
-96.32669,29.65234,00100
-96.31292,29.67482,00100
-96.31049,29.67874,00100
-96.30471,29.69730,00100
-96.30197,29.71977,00100
-96.30511,29.74225,00100
-96.31046,29.75979,00100
-96.31336,29.76474,00100
-96.31046,29.77882,00100
-96.30936,29.78721,00100
-96.30424,29.80970,00100
-96.29747,29.83217,00100
-96.29423,29.85465,00100
-96.29072,29.87713,00100
-96.28688,29.89961,00100
-96.28490,29.92209,00100
-96.28478,29.94457,00100
-96.28446,29.95243,00100
-96.27668,29.96705,00100
-96.28445,29.97764,00100
-96.28492,29.98954,00100
-96.28590,30.01201,00100
-96.28574,30.03449,00100
-96.28527,30.05698,00100
-96.28507,30.07945,00100
-96.28500,30.10194,00100
-96.28485,30.12442,00100
-96.28472,30.14690,00100
-96.28445,30.16938,00100
-96.28463,30.19186,00100
-96.28465,30.21434,00100
-96.28471,30.23683,00100
-96.28488,30.25931,00100
-96.28479,30.28179,00100
-96.28470,30.30428,00100
-96.28462,30.32676,00100
-96.28457,30.34924,00100
-96.28452,30.37172,00100
-96.28448,30.39420,00100
-96.28445,30.41669,00100
-96.28439,30.43917,00100
-96.28436,30.46165,00100
-96.28432,30.48413,00100
-96.28429,30.50661,00100
-96.28425,30.52910,00100
-96.28422,30.55158,00100
-96.28420,30.57406,00100
-96.28419,30.59654,00100
-96.28419,30.61903,00100
-96.28425,30.64151,00100
-96.28449,30.66399,00100
-96.31021,30.68613,00100
-96.33636,30.68371,00100
-96.36250,30.68613,00100
-96.38822,30.66399,00100
-96.38847,30.64151,00100
-96.38853,30.61903,00100
-96.38852,30.59654,00100
-96.38851,30.57406,00100
-96.38851,30.55158,00100
-96.38856,30.52910,00100
-96.38856,30.52880,00100
-96.41466,30.52712,00100
-96.43864,30.50658,00100
-96.44036,30.48410,00100
-96.44067,30.46162,00100
-96.44000,30.43914,00100
-96.44000,30.41665,00100
-96.44012,30.39417,00100
-96.44014,30.37169,00100
-96.44047,30.34921,00100
-96.44056,30.34541,00100
-96.46660,30.33433,00100
-96.48601,30.32668,00100
-96.49211,30.30419,00100
-96.49259,30.30049,00100
-96.49934,30.28170,00100
-96.50332,30.25921,00100
-96.51044,30.23672,00100
-96.51350,30.21424,00100
-96.51843,30.19437,00100
-96.51939,30.19175,00100
-96.51842,30.18752,00100
-96.51660,30.16927,00100
-96.51838,30.16712,00100
-96.53674,30.14676,00100
-96.54372,30.12426,00100
-96.54429,30.12103,00100
-96.55544,30.10177,00100
-96.56532,30.07926,00100
-96.57015,30.06916,00100
-96.58121,30.05676,00100
-96.59607,30.04768,00100
-96.62082,30.03419,00100
-96.62199,30.03190,00100
-96.64219,30.01167,00100
-96.64787,30.00203,00100
-96.65140,30.01164,00100
-96.66022,30.03410,00100
-96.67397,30.04017,00100
-96.69996,30.04693,00100
-96.72596,30.05468,00100
-96.75193,30.05466,00100
-96.77356,30.03377,00100
-96.77660,30.01128,00100
-96.77770,30.00970,00100
-96.80363,30.00270,00100
-96.82956,29.99692,00100
-96.85548,29.98989,00100
-96.85909,29.98849,00100
-96.87904,29.96593,00100
-96.88126,29.95911,00100
-96.88953,29.94340,00100
-96.88109,29.92773,00100
-96.87923,29.92096,00100
-96.88103,29.91731,00100
-96.90084,29.89839,00100
-96.90681,29.88934,00100
-96.91256,29.87586,00100
-96.92657,29.85332,00100
-96.93250,29.85062,00100
-96.95757,29.85317,00100
-96.95844,29.85346,00100
-96.98222,29.87553,00100
-96.98452,29.87850,00100
-96.99519,29.89795,00100
-96.99753,29.92042,00100
-96.98491,29.93681,00100
-96.97723,29.94300,00100
-96.96281,29.96555,00100
-96.96339,29.98803,00100
-96.98538,30.00722,00100
-97.01128,29.99850,00100
-97.01678,29.98776,00100
-97.02106,29.96526,00100
-97.03690,29.95165,00100
-97.05128,29.96509,00100
-97.05769,29.98754,00100
-97.06316,29.99247,00100
-97.08916,29.99887,00100
-97.11507,29.99299,00100
-97.11675,29.98720,00100
-97.11497,29.98023,00100
-97.11338,29.96474,00100
-97.08874,29.94435,00100
-97.07951,29.94246,00100
-97.06400,29.92006,00100
-97.06247,29.90031,00100
-97.06219,29.89759,00100
-97.06073,29.87512,00100
-97.06226,29.87233,00100
-97.07127,29.85258,00100
-97.08791,29.83620,00100
-97.09591,29.82995,00100
-97.10156,29.80744,00100
-97.10667,29.78493,00100
-97.11331,29.77243,00100
-97.11742,29.76238,00100
-97.13896,29.74215,00100
-97.15982,29.73964,00100
-97.16483,29.73856,00100
-97.19067,29.73324,00100
-97.21643,29.71892,00100
-97.21937,29.71677,00100
-97.23267,29.69420,00100
-97.24191,29.67602,00100
-97.24797,29.67161,00100
-97.24180,29.66341,00100
-97.23863,29.64920,00100
-97.23534,29.62674,00100
-97.22709,29.60432,00100
-97.21524,29.58723,00100
-97.18940,29.58777,00100
-97.16352,29.58485,00100
-97.15924,29.58228,00100
-97.15907,29.55981,00100
-97.16326,29.55402,00100
-97.17465,29.53723,00100
-97.18346,29.51469,00100
-97.18295,29.49222,00100
-97.18202,29.46974,00100
-97.17856,29.44729,00100
-97.17036,29.42487,00100
-97.17603,29.40235,00100
-97.18766,29.38863,00100
-97.21342,29.38372,00100
-97.23935,29.40192,00100
-97.22697,29.42449,00100
-97.23969,29.43451,00100
-97.24620,29.42435,00100
-97.23939,29.40192,00100
-97.23938,29.40191,00100
-97.21669,29.37960,00100
-97.21987,29.35710,00100
-97.21304,29.34216,00100
-97.18721,29.33665,00100
-97.18660,29.33485,00100
-97.18506,29.31238,00100
-97.18694,29.30444,00100
-97.21265,29.29806,00100
-97.21814,29.28968,00100
-97.23157,29.26711,00100
-97.23808,29.25979,00100
-97.25288,29.26697,00100
-97.26398,29.27549,00100
-97.28974,29.27432,00100
-97.31548,29.27134,00100
-97.32391,29.26644,00100
-97.34109,29.25554,00100
-97.34856,29.24377,00100
-97.36166,29.22119,00100
-97.36646,29.21774,00100
-97.39214,29.21087,00100
-97.40276,29.22086,00100
-97.40478,29.24332,00100
-97.40971,29.26575,00100
-97.41873,29.28737,00100
-97.42097,29.28814,00100
-97.44455,29.29192,00100
-97.45322,29.28786,00100
-97.46568,29.26528,00100
-97.46517,29.24280,00100
-97.46151,29.22036,00100
-97.45040,29.19798,00100
-97.44344,29.19376,00100
-97.42357,29.17573,00100
-97.43034,29.15320,00100
-97.43261,29.13070,00100
-97.43293,29.10823,00100
-97.43082,29.08576,00100
-97.42423,29.06335,00100
-97.43055,29.04082,00100
-97.43193,29.01833,00100
-97.43471,28.99583,00100
-97.44099,28.97604,00100
-97.44321,28.97329,00100
-97.44090,28.96790,00100
-97.43742,28.95086,00100
-97.43141,28.92844,00100
-97.42323,28.90603,00100
-97.41440,28.89314,00100
-97.39591,28.88379,00100
-97.38851,28.87285,00100
-97.38458,28.86141,00100
-97.38837,28.86013,00100
-97.41402,28.85908,00100
-97.43954,28.84686,00100
-97.46154,28.83828,00100
-97.46507,28.83544,00100
-97.48447,28.81561,00100
-97.49039,28.80630,00100
-97.50110,28.79299,00100
-97.51416,28.77040,00100
-97.51553,28.76417,00100
-97.52151,28.74786,00100
-97.51922,28.72541,00100
-97.52466,28.70288,00100
-97.54026,28.69053,00100
-97.55597,28.68012,00100
-97.56548,28.65913,00100
-97.56644,28.65755,00100
-97.57578,28.63499,00100
-97.57935,28.61248,00100
-97.57433,28.59006,00100
-97.56443,28.57454,00100
-97.55663,28.56777,00100
-97.53991,28.54545,00100
-97.53846,28.54246,00100
-97.53362,28.52304,00100
-97.51240,28.50183,00100
-97.51133,28.50078,00100
-97.48662,28.48343,00100
-97.48410,28.47856,00100
-97.48596,28.45607,00100
-97.47771,28.43368,00100
-97.47347,28.41125,00100
-97.47866,28.38874,00100
-97.47146,28.36633,00100
-97.46049,28.34397,00100
-97.45945,28.34215,00100
-97.44312,28.32165,00100
-97.44267,28.29919,00100
-97.43331,28.28679,00100
-97.42839,28.27685,00100
-97.42860,28.25438,00100
-97.42365,28.23196,00100
-97.42018,28.20953,00100
-97.41608,28.18710,00100
-97.40990,28.16469,00100
-97.40639,28.15694,00100
-97.39679,28.14234,00100
-97.38055,28.12179,00100
-97.37779,28.12003,00100
-97.35499,28.11337,00100
-97.32951,28.11136,00100
-97.30396,28.10338,00100
-97.29448,28.09822,00100
-97.27839,28.09166,00100
-97.25782,28.07603,00100
-97.25271,28.06809,00100
-97.23299,28.05374,00100
-97.22706,28.04664,00100
-97.20596,28.03147,00100
-97.20142,28.02485,00100
-97.17901,28.00919,00100
-97.17583,28.00684,00100
-97.15030,27.99599,00100
-97.12480,27.98890,00100
-97.11034,27.98717,00100
       </coordinates>
      </LinearRing>
     </outerBoundaryIs>
    </Polygon>
    <Polygon>
     <extrude>1</extrude>
     <altitudeMode>clampToGround</altitudeMode>
     <outerBoundaryIs>
      <LinearRing>
       <coordinates>
-97.79874,28.72252,00100
-97.79683,28.71783,00100
-97.78155,28.72272,00100
-97.79694,28.72514,00100
-97.79874,28.72252,00100
       </coordinates>
      </LinearRing>
     </outerBoundaryIs>
    </Polygon>
    <Polygon>
     <extrude>1</extrude>
     <altitudeMode>clampToGround</altitudeMode>
     <outerBoundaryIs>
      <LinearRing>
       <coordinates>
-97.65128,28.81402,00100
-97.64421,28.80275,00100
-97.61868,28.81191,00100
-97.61399,28.81439,00100
-97.59331,28.83298,00100
-97.59120,28.83708,00100
-97.57355,28.85973,00100
-97.57156,28.88222,00100
-97.59414,28.89838,00100
-97.61258,28.88182,00100
-97.61937,28.86445,00100
-97.62328,28.85924,00100
-97.64318,28.83656,00100
-97.64465,28.83564,00100
-97.65128,28.81402,00100
       </coordinates>
      </LinearRing>
     </outerBoundaryIs>
     <innerBoundaryIs>
      <LinearRing>
       <coordinates>
-97.33450,28.81687,00100
-97.33658,28.81288,00100
-97.33950,28.81683,00100
-97.33669,28.82444,00100
-97.33450,28.81687,00100
       </coordinates>
      </LinearRing>
     </innerBoundaryIs>
    </Polygon>
    <Polygon>
     <extrude>1</extrude>
     <altitudeMode>clampToGround</altitudeMode>
     <outerBoundaryIs>
      <LinearRing>
       <coordinates>
-97.63301,29.01646,00100
-97.62131,29.01292,00100
-97.59539,28.99579,00100
-97.56975,28.99996,00100
-97.56203,29.01715,00100
-97.57024,29.03909,00100
-97.57090,29.03955,00100
-97.59605,29.04802,00100
-97.61417,29.06160,00100
-97.62215,29.07775,00100
-97.64777,29.07011,00100
-97.64922,29.06125,00100
-97.64758,29.05556,00100
-97.63324,29.03893,00100
-97.63301,29.01646,00100
       </coordinates>
      </LinearRing>
     </outerBoundaryIs>
     <innerBoundaryIs>
      <LinearRing>
       <coordinates>
-97.32968,29.01916,00100
-97.33863,29.01530,00100
-97.34090,29.01907,00100
-97.33875,29.02640,00100
-97.32968,29.01916,00100
       </coordinates>
      </LinearRing>
     </innerBoundaryIs>
     <innerBoundaryIs>
      <LinearRing>
       <coordinates>
-97.22067,29.01996,00100
-97.23574,29.00520,00100
-97.25555,29.01971,00100
-97.24381,29.04227,00100
-97.25004,29.06470,00100
-97.24781,29.08719,00100
-97.25245,29.10964,00100
-97.23878,29.13221,00100
-97.23691,29.13272,00100
-97.23624,29.13222,00100
-97.23198,29.10978,00100
-97.23453,29.08728,00100
-97.23333,29.06482,00100
-97.23380,29.04234,00100
-97.22067,29.01996,00100
       </coordinates>
      </LinearRing>
     </innerBoundaryIs>
    </Polygon>
    <Polygon>
     <extrude>1</extrude>
     <altitudeMode>clampToGround</altitudeMode>
     <outerBoundaryIs>
      <LinearRing>
       <coordinates>
-97.51480,29.06255,00100
-97.49326,29.05084,00100
-97.46768,29.06283,00100
-97.46761,29.06297,00100
-97.46326,29.08549,00100
-97.45780,29.10801,00100
-97.46127,29.13046,00100
-97.46855,29.13846,00100
-97.49437,29.14570,00100
-97.51253,29.13000,00100
-97.51529,29.10750,00100
-97.51945,29.09096,00100
-97.52328,29.08495,00100
-97.51927,29.07673,00100
-97.51480,29.06255,00100
       </coordinates>
      </LinearRing>
     </outerBoundaryIs>
     <innerBoundaryIs>
      <LinearRing>
       <coordinates>
-97.30701,29.06428,00100
-97.31332,29.05410,00100
-97.33898,29.04978,00100
-97.34399,29.06400,00100
-97.33929,29.07990,00100
-97.32035,29.08666,00100
-97.31380,29.10246,00100
-97.30832,29.08675,00100
-97.30701,29.06428,00100
       </coordinates>
      </LinearRing>
     </innerBoundaryIs>
     <innerBoundaryIs>
      <LinearRing>
       <coordinates>
-97.32713,29.10908,00100
-97.33956,29.10620,00100
-97.33985,29.10898,00100
-97.33961,29.11071,00100
-97.32713,29.10908,00100
       </coordinates>
      </LinearRing>
     </innerBoundaryIs>
     <innerBoundaryIs>
      <LinearRing>
       <coordinates>
-97.07684,29.15572,00100
-97.08267,29.15166,00100
-97.08402,29.15568,00100
-97.08547,29.17814,00100
-97.08923,29.20059,00100
-97.09555,29.22303,00100
-97.08330,29.23466,00100
-97.07703,29.22314,00100
-97.07880,29.20065,00100
-97.07636,29.17819,00100
-97.07684,29.15572,00100
       </coordinates>
      </LinearRing>
     </innerBoundaryIs>
    </Polygon>
    <Polygon>
     <extrude>1</extrude>
     <altitudeMode>clampToGround</altitudeMode>
     <outerBoundaryIs>
      <LinearRing>
       <coordinates>
-97.55312,29.17457,00100
-97.54613,29.16886,00100
-97.52996,29.17479,00100
-97.52052,29.18024,00100
-97.51579,29.19739,00100
-97.51125,29.21991,00100
-97.51520,29.24235,00100
-97.52154,29.26478,00100
-97.54731,29.26531,00100
-97.54771,29.26453,00100
-97.55769,29.24196,00100
-97.56514,29.21941,00100
-97.56591,29.19693,00100
-97.55312,29.17457,00100
       </coordinates>
      </LinearRing>
     </outerBoundaryIs>
    </Polygon>
    <Polygon>
     <extrude>1</extrude>
     <altitudeMode>clampToGround</altitudeMode>
     <outerBoundaryIs>
      <LinearRing>
       <coordinates>
-97.38722,29.37833,00100
-97.36811,29.37585,00100
-97.36710,29.37849,00100
-97.34257,29.40023,00100
-97.34196,29.40117,00100
-97.33913,29.42367,00100
-97.34286,29.42886,00100
-97.36879,29.44003,00100
-97.39453,29.43333,00100
-97.39889,29.42319,00100
-97.39419,29.40161,00100
-97.39259,29.40076,00100
-97.38722,29.37833,00100
       </coordinates>
      </LinearRing>
     </outerBoundaryIs>
    </Polygon>
    <Polygon>
     <extrude>1</extrude>
     <altitudeMode>clampToGround</altitudeMode>
     <outerBoundaryIs>
      <LinearRing>
       <coordinates>
-97.24242,29.51429,00100
-97.24039,29.51147,00100
-97.22958,29.51438,00100
-97.24049,29.52164,00100
-97.24242,29.51429,00100
       </coordinates>
      </LinearRing>
     </outerBoundaryIs>
    </Polygon>
    <Polygon>
     <extrude>1</extrude>
     <altitudeMode>clampToGround</altitudeMode>
     <outerBoundaryIs>
      <LinearRing>
       <coordinates>
-97.34632,29.55848,00100
-97.34417,29.55586,00100
-97.33605,29.55856,00100
-97.33803,29.58103,00100
-97.34446,29.58415,00100
-97.34641,29.58096,00100
-97.34632,29.55848,00100
       </coordinates>
      </LinearRing>
     </outerBoundaryIs>
     <innerBoundaryIs>
      <LinearRing>
       <coordinates>
-97.12609,29.60497,00100
-97.13770,29.58818,00100
-97.15482,29.60479,00100
-97.15176,29.62729,00100
-97.14439,29.64982,00100
-97.14718,29.67228,00100
-97.13850,29.68632,00100
-97.11255,29.67634,00100
-97.08669,29.67873,00100
-97.08085,29.67268,00100
-97.08653,29.65712,00100
-97.10444,29.65006,00100
-97.11231,29.64608,00100
-97.12038,29.62748,00100
-97.12609,29.60497,00100
       </coordinates>
      </LinearRing>
     </innerBoundaryIs>
     <innerBoundaryIs>
      <LinearRing>
       <coordinates>
-96.97697,29.60580,00100
-96.98257,29.58352,00100
-97.00847,29.59076,00100
-97.01320,29.60561,00100
-97.00864,29.61503,00100
-97.00311,29.62814,00100
-96.98293,29.63722,00100
-96.97535,29.62828,00100
-96.97697,29.60580,00100
       </coordinates>
      </LinearRing>
     </innerBoundaryIs>
     <innerBoundaryIs>
      <LinearRing>
       <coordinates>
-96.76872,29.80898,00100
-96.77674,29.79678,00100
-96.80264,29.79673,00100
-96.81023,29.80884,00100
-96.80611,29.83133,00100
-96.80283,29.83467,00100
-96.77692,29.83513,00100
-96.77365,29.83144,00100
-96.76872,29.80898,00100
       </coordinates>
      </LinearRing>
     </innerBoundaryIs>
    </Polygon>
    <Polygon>
     <extrude>1</extrude>
     <altitudeMode>clampToGround</altitudeMode>
     <outerBoundaryIs>
      <LinearRing>
       <coordinates>
-96.98802,30.05536,00100
-96.98566,30.04859,00100
-96.96411,30.05547,00100
-96.97000,30.07792,00100
-96.98590,30.08587,00100
-96.98836,30.07783,00100
-96.98802,30.05536,00100
       </coordinates>
      </LinearRing>
     </outerBoundaryIs>
    </Polygon>
    <Polygon>
     <extrude>1</extrude>
     <altitudeMode>clampToGround</altitudeMode>
     <outerBoundaryIs>
      <LinearRing>
       <coordinates>
-96.84566,30.10096,00100
-96.83003,30.09062,00100
-96.81921,30.10106,00100
-96.81529,30.12355,00100
-96.83030,30.14270,00100
-96.85566,30.12339,00100
-96.84566,30.10096,00100
       </coordinates>
      </LinearRing>
     </outerBoundaryIs>
    </Polygon>
    <Polygon>
     <extrude>1</extrude>
     <altitudeMode>clampToGround</altitudeMode>
     <outerBoundaryIs>
      <LinearRing>
       <coordinates>
-96.75298,30.12376,00100
-96.75222,30.12140,00100
-96.72618,30.11027,00100
-96.71877,30.12387,00100
-96.72630,30.13946,00100
-96.75224,30.12589,00100
-96.75298,30.12376,00100
       </coordinates>
      </LinearRing>
     </outerBoundaryIs>
    </Polygon>
    <Polygon>
     <extrude>1</extrude>
     <altitudeMode>clampToGround</altitudeMode>
     <outerBoundaryIs>
      <LinearRing>
       <coordinates>
-96.98966,30.16775,00100
-96.98640,30.15958,00100
-96.98245,30.16779,00100
-96.98649,30.17375,00100
-96.98966,30.16775,00100
       </coordinates>
      </LinearRing>
     </outerBoundaryIs>
    </Polygon>
    <Polygon>
     <extrude>1</extrude>
     <altitudeMode>clampToGround</altitudeMode>
     <outerBoundaryIs>
      <LinearRing>
       <coordinates>
-96.72822,30.16880,00100
-96.72640,30.16616,00100
-96.72612,30.16881,00100
-96.72642,30.16920,00100
-96.72822,30.16880,00100
       </coordinates>
      </LinearRing>
     </outerBoundaryIs>
    </Polygon>
    <Polygon>
     <extrude>1</extrude>
     <altitudeMode>clampToGround</altitudeMode>
     <outerBoundaryIs>
      <LinearRing>
       <coordinates>
-96.73631,30.32615,00100
-96.72702,30.31890,00100
-96.72453,30.32619,00100
-96.72706,30.32929,00100
-96.73631,30.32615,00100
       </coordinates>
      </LinearRing>
     </outerBoundaryIs>
    </Polygon>
    <Polygon>
     <extrude>1</extrude>
     <altitudeMode>clampToGround</altitudeMode>
     <outerBoundaryIs>
      <LinearRing>
       <coordinates>
-95.78926,30.86520,00100
-95.78636,30.86064,00100
-95.78342,30.86517,00100
-95.78631,30.86915,00100
-95.78926,30.86520,00100
       </coordinates>
      </LinearRing>
     </outerBoundaryIs>
    </Polygon>
    <Polygon>
     <extrude>1</extrude>
     <altitudeMode>clampToGround</altitudeMode>
     <outerBoundaryIs>
      <LinearRing>
       <coordinates>
-95.89777,31.02298,00100
-95.89046,31.00238,00100
-95.87814,31.02291,00100
-95.89029,31.04124,00100
-95.89777,31.02298,00100
       </coordinates>
      </LinearRing>
     </outerBoundaryIs>
    </Polygon>
    <Polygon>
     <extrude>1</extrude>
     <altitudeMode>clampToGround</altitudeMode>
     <outerBoundaryIs>
      <LinearRing>
       <coordinates>
-95.89291,31.06793,00100
-95.89022,31.05493,00100
-95.88557,31.06791,00100
-95.89014,31.07275,00100
-95.89291,31.06793,00100
       </coordinates>
      </LinearRing>
     </outerBoundaryIs>
    </Polygon>
    <Polygon>
     <extrude>1</extrude>
     <altitudeMode>clampToGround</altitudeMode>
     <outerBoundaryIs>
      <LinearRing>
       <coordinates>
-95.64232,31.11181,00100
-95.62746,31.09943,00100
-95.62351,31.11171,00100
-95.62727,31.12553,00100
-95.64232,31.11181,00100
       </coordinates>
      </LinearRing>
     </outerBoundaryIs>
    </Polygon>
    <Polygon>
     <extrude>1</extrude>
     <altitudeMode>clampToGround</altitudeMode>
     <outerBoundaryIs>
      <LinearRing>
       <coordinates>
-96.33782,31.22605,00100
-96.33636,31.22277,00100
-96.33489,31.22605,00100
-96.33636,31.22749,00100
-96.33782,31.22605,00100
       </coordinates>
      </LinearRing>
     </outerBoundaryIs>
    </Polygon>
   </MultiGeometry>
  </Placemark>
  <Placemark>
   <name>Contour Level: 1.0E-14 mass/m3</name>
   <Snippet maxLines="0"></Snippet>
   <TimeSpan>
    <begin>2026-01-25T08:00:00Z</begin>
    <end>2026-01-25T09:00:00Z</end>
   </TimeSpan>
   <styleUrl>#conc3</styleUrl>
   <MultiGeometry>
    <Polygon>
     <extrude>1</extrude>
     <altitudeMode>clampToGround</altitudeMode>
     <outerBoundaryIs>
      <LinearRing>
       <coordinates>
-96.96400,28.14520,00300
-96.94772,28.14363,00300
-96.93576,28.14534,00300
-96.92226,28.14740,00300
-96.89687,28.16093,00300
-96.88823,28.16801,00300
-96.87528,28.19053,00300
-96.87157,28.19486,00300
-96.86427,28.21304,00300
-96.86367,28.23550,00300
-96.86286,28.25797,00300
-96.86092,28.28044,00300
-96.85487,28.30293,00300
-96.85054,28.32541,00300
-96.84679,28.32996,00300
-96.82729,28.34797,00300
-96.82139,28.35555,00300
-96.81269,28.37049,00300
-96.81300,28.39295,00300
-96.81136,28.41543,00300
-96.80677,28.43791,00300
-96.80065,28.46040,00300
-96.79638,28.46778,00300
-96.77157,28.48297,00300
-96.77089,28.48319,00300
-96.74537,28.49312,00300
-96.71983,28.49726,00300
-96.69427,28.49994,00300
-96.68394,28.50570,00300
-96.66878,28.52070,00300
-96.66449,28.52822,00300
-96.65512,28.55071,00300
-96.65317,28.57319,00300
-96.65577,28.59565,00300
-96.66086,28.61810,00300
-96.65223,28.64059,00300
-96.64758,28.66307,00300
-96.64368,28.67444,00300
-96.63505,28.68557,00300
-96.61816,28.70733,00300
-96.59254,28.70313,00300
-96.58649,28.70814,00300
-96.57965,28.73063,00300
-96.57693,28.75310,00300
-96.57269,28.77559,00300
-96.57021,28.79806,00300
-96.56718,28.81470,00300
-96.56631,28.82054,00300
-96.56720,28.82267,00300
-96.57746,28.84299,00300
-96.59293,28.85655,00300
-96.59714,28.86542,00300
-96.59299,28.87984,00300
-96.58738,28.88791,00300
-96.59304,28.89826,00300
-96.59516,28.91037,00300
-96.59311,28.92395,00300
-96.58740,28.93286,00300
-96.57584,28.95535,00300
-96.56841,28.97784,00300
-96.56757,28.97970,00300
-96.55800,29.00033,00300
-96.55144,29.02281,00300
-96.54199,29.03524,00300
-96.52866,29.04532,00300
-96.51811,29.06782,00300
-96.51636,29.07533,00300
-96.51367,29.09029,00300
-96.50978,29.11278,00300
-96.49866,29.13527,00300
-96.49076,29.14724,00300
-96.47697,29.15777,00300
-96.46506,29.17201,00300
-96.45700,29.18026,00300
-96.44743,29.20275,00300
-96.44628,29.22522,00300
-96.43938,29.23505,00300
-96.42763,29.24771,00300
-96.42145,29.27019,00300
-96.41959,29.29267,00300
-96.41785,29.31515,00300
-96.41686,29.33763,00300
-96.41473,29.36010,00300
-96.41426,29.38258,00300
-96.41388,29.40506,00300
-96.41376,29.40645,00300
-96.41206,29.42754,00300
-96.41039,29.45002,00300
-96.40768,29.47249,00300
-96.40208,29.49497,00300
-96.40154,29.51745,00300
-96.38803,29.53903,00300
-96.38720,29.53993,00300
-96.38803,29.54192,00300
-96.39097,29.56241,00300
-96.38805,29.57068,00300
-96.37611,29.58490,00300
-96.37102,29.60738,00300
-96.36267,29.62986,00300
-96.36222,29.63093,00300
-96.35336,29.65234,00300
-96.34526,29.67482,00300
-96.34003,29.69730,00300
-96.33636,29.71294,00300
-96.33183,29.71978,00300
-96.33636,29.72605,00300
-96.33872,29.74226,00300
-96.33964,29.76474,00300
-96.33846,29.78722,00300
-96.33661,29.80970,00300
-96.33636,29.82578,00300
-96.33450,29.83218,00300
-96.31484,29.85466,00300
-96.31043,29.86255,00300
-96.30459,29.87713,00300
-96.29784,29.89962,00300
-96.29230,29.92209,00300
-96.29029,29.94457,00300
-96.28873,29.96705,00300
-96.28894,29.98954,00300
-96.28984,30.01202,00300
-96.28937,30.03450,00300
-96.28868,30.05698,00300
-96.28798,30.07946,00300
-96.28748,30.10194,00300
-96.28704,30.12442,00300
-96.28677,30.14690,00300
-96.28633,30.16938,00300
-96.28627,30.19187,00300
-96.28616,30.21434,00300
-96.28605,30.23683,00300
-96.28618,30.25931,00300
-96.28587,30.28179,00300
-96.28561,30.30428,00300
-96.28539,30.32676,00300
-96.28526,30.34924,00300
-96.28512,30.37172,00300
-96.28500,30.39420,00300
-96.28496,30.41669,00300
-96.28479,30.43917,00300
-96.28473,30.46165,00300
-96.28461,30.48413,00300
-96.28456,30.50661,00300
-96.28445,30.52910,00300
-96.28438,30.55158,00300
-96.28435,30.57406,00300
-96.28435,30.59654,00300
-96.28436,30.61903,00300
-96.28457,30.64151,00300
-96.28538,30.66399,00300
-96.31021,30.68537,00300
-96.33636,30.67773,00300
-96.36250,30.68537,00300
-96.38734,30.66399,00300
-96.38815,30.64151,00300
-96.38835,30.61903,00300
-96.38837,30.59654,00300
-96.38837,30.57406,00300
-96.38835,30.55158,00300
-96.38835,30.52910,00300
-96.38855,30.51178,00300
-96.41465,30.51504,00300
-96.42451,30.50659,00300
-96.43375,30.48411,00300
-96.43722,30.46162,00300
-96.43769,30.43914,00300
-96.43835,30.41665,00300
-96.43888,30.39417,00300
-96.43896,30.37169,00300
-96.43955,30.34921,00300
-96.44009,30.32673,00300
-96.44053,30.31306,00300
-96.46580,30.30422,00300
-96.46656,30.30394,00300
-96.47797,30.28172,00300
-96.48370,30.25924,00300
-96.48669,30.23675,00300
-96.48917,30.21427,00300
-96.49039,30.19178,00300
-96.49239,30.17157,00300
-96.49339,30.16930,00300
-96.51142,30.14679,00300
-96.51739,30.12430,00300
-96.51830,30.12219,00300
-96.53187,30.10181,00300
-96.53952,30.07931,00300
-96.54323,30.05682,00300
-96.54414,30.05378,00300
-96.56290,30.03431,00300
-96.57005,30.02759,00300
-96.58800,30.01178,00300
-96.59596,30.00529,00300
-96.60899,29.98926,00300
-96.61584,29.96676,00300
-96.62177,29.95338,00300
-96.63277,29.94424,00300
-96.63916,29.92175,00300
-96.64761,29.91889,00300
-96.65388,29.92171,00300
-96.67362,29.94098,00300
-96.67934,29.94413,00300
-96.69962,29.95701,00300
-96.70829,29.96653,00300
-96.71883,29.98898,00300
-96.72577,30.00633,00300
-96.74316,29.98891,00300
-96.75164,29.98579,00300
-96.76300,29.96636,00300
-96.77740,29.94383,00300
-96.79556,29.92129,00300
-96.77721,29.90026,00300
-96.77663,29.89887,00300
-96.75845,29.87645,00300
-96.75112,29.86336,00300
-96.74488,29.85401,00300
-96.72543,29.83159,00300
-96.72506,29.82950,00300
-96.72381,29.80912,00300
-96.72496,29.80410,00300
-96.73327,29.78661,00300
-96.72655,29.76415,00300
-96.73376,29.74165,00300
-96.72467,29.73061,00300
-96.72153,29.71921,00300
-96.72459,29.71236,00300
-96.74697,29.69665,00300
-96.75040,29.69341,00300
-96.76691,29.67410,00300
-96.77612,29.65808,00300
-96.79256,29.65154,00300
-96.80193,29.64754,00300
-96.81879,29.65144,00300
-96.81524,29.67393,00300
-96.81677,29.69641,00300
-96.81525,29.71889,00300
-96.82822,29.73205,00300
-96.85410,29.72897,00300
-96.86288,29.71871,00300
-96.87419,29.69618,00300
-96.87977,29.69115,00300
-96.90249,29.67358,00300
-96.90551,29.66780,00300
-96.91258,29.65106,00300
-96.93121,29.63878,00300
-96.93829,29.62846,00300
-96.94059,29.60597,00300
-96.94466,29.58347,00300
-96.95391,29.56095,00300
-96.95654,29.55532,00300
-96.97125,29.53839,00300
-96.98222,29.53040,00300
-96.99889,29.51577,00300
-96.98203,29.50229,00300
-96.96819,29.49345,00300
-96.95604,29.47597,00300
-96.95142,29.47105,00300
-96.95129,29.44857,00300
-96.92997,29.43427,00300
-96.92676,29.42621,00300
-96.92987,29.41882,00300
-96.95571,29.42422,00300
-96.95702,29.42607,00300
-96.98164,29.44321,00300
-97.00735,29.42791,00300
-97.00819,29.42581,00300
-97.01219,29.40331,00300
-97.01893,29.38080,00300
-97.02517,29.35829,00300
-97.03263,29.35320,00300
-97.05673,29.33564,00300
-97.05826,29.33231,00300
-97.06335,29.31313,00300
-97.06670,29.29063,00300
-97.06615,29.26816,00300
-97.06162,29.24570,00300
-97.05847,29.22325,00300
-97.05744,29.22087,00300
-97.04053,29.20087,00300
-97.03152,29.19620,00300
-97.00583,29.17858,00300
-97.00558,29.15611,00300
-97.01505,29.13358,00300
-97.02808,29.11104,00300
-97.03089,29.10840,00300
-97.05649,29.09077,00300
-97.06171,29.08837,00300
-97.08208,29.07494,00300
-97.10783,29.07888,00300
-97.12007,29.08803,00300
-97.13367,29.09330,00300
-97.15941,29.09628,00300
-97.17032,29.11019,00300
-97.18446,29.13258,00300
-97.18545,29.13297,00300
-97.18605,29.13256,00300
-97.19117,29.11006,00300
-97.18510,29.09318,00300
-97.17405,29.08769,00300
-97.17075,29.06524,00300
-97.15903,29.05130,00300
-97.15042,29.04289,00300
-97.13313,29.02754,00300
-97.10746,29.03102,00300
-97.08183,29.04174,00300
-97.05604,29.02986,00300
-97.03028,29.02188,00300
-97.02998,29.02112,00300
-97.03027,29.02051,00300
-97.05594,29.01629,00300
-97.08156,29.00551,00300
-97.09106,28.99831,00300
-97.10075,28.97578,00300
-97.10396,28.95329,00300
-97.10615,28.93080,00300
-97.10667,28.92981,00300
-97.12309,28.90822,00300
-97.12156,28.88576,00300
-97.12179,28.86329,00300
-97.13168,28.84851,00300
-97.15299,28.86309,00300
-97.15014,28.88558,00300
-97.14291,28.90810,00300
-97.15796,28.92249,00300
-97.16297,28.93044,00300
-97.18382,28.94456,00300
-97.20126,28.93019,00300
-97.20923,28.91353,00300
-97.21161,28.90765,00300
-97.21321,28.88517,00300
-97.21374,28.86269,00300
-97.21482,28.84021,00300
-97.21499,28.81774,00300
-97.21430,28.79527,00300
-97.21371,28.77281,00300
-97.20969,28.75036,00300
-97.20770,28.74091,00300
-97.20318,28.72793,00300
-97.20634,28.70544,00300
-97.20737,28.70362,00300
-97.22211,28.68286,00300
-97.23026,28.66034,00300
-97.23255,28.65539,00300
-97.24142,28.63779,00300
-97.24264,28.61531,00300
-97.25760,28.59501,00300
-97.25883,28.59272,00300
-97.27018,28.57018,00300
-97.27884,28.54764,00300
-97.27596,28.52519,00300
-97.27821,28.50271,00300
-97.27254,28.48028,00300
-97.27063,28.45783,00300
-97.26904,28.43537,00300
-97.26652,28.41293,00300
-97.26698,28.39045,00300
-97.26299,28.36802,00300
-97.25533,28.35126,00300
-97.25193,28.34563,00300
-97.23064,28.32331,00300
-97.22952,28.31979,00300
-97.22321,28.30090,00300
-97.20695,28.27855,00300
-97.20356,28.26959,00300
-97.19474,28.25617,00300
-97.18857,28.23375,00300
-97.18143,28.21133,00300
-97.17752,28.20699,00300
-97.15189,28.19031,00300
-97.14994,28.18908,00300
-97.12629,28.17605,00300
-97.10084,28.17915,00300
-97.07531,28.17345,00300
-97.06104,28.16714,00300
-97.04976,28.16370,00300
-97.02425,28.15855,00300
-96.99871,28.15028,00300
-96.97321,28.14662,00300
-96.96400,28.14520,00300
       </coordinates>
      </LinearRing>
     </outerBoundaryIs>
     <innerBoundaryIs>
      <LinearRing>
       <coordinates>
-97.12352,28.72845,00300
-97.13058,28.71141,00300
-97.15633,28.72626,00300
-97.15784,28.72823,00300
-97.15674,28.75071,00300
-97.15767,28.77318,00300
-97.15675,28.77752,00300
-97.13123,28.79243,00300
-97.11774,28.77343,00300
-97.12016,28.75093,00300
-97.12352,28.72845,00300
       </coordinates>
      </LinearRing>
     </innerBoundaryIs>
    </Polygon>
    <Polygon>
     <extrude>1</extrude>
     <altitudeMode>clampToGround</altitudeMode>
     <outerBoundaryIs>
      <LinearRing>
       <coordinates>
-97.29472,28.81717,00300
-97.28521,28.80545,00300
-97.26752,28.81737,00300
-97.26229,28.83987,00300
-97.26402,28.86234,00300
-97.26698,28.88479,00300
-97.28316,28.90714,00300
-97.28626,28.91437,00300
-97.28751,28.90711,00300
-97.30254,28.88452,00300
-97.30596,28.86202,00300
-97.29773,28.83961,00300
-97.29472,28.81717,00300
       </coordinates>
      </LinearRing>
     </outerBoundaryIs>
    </Polygon>
    <Polygon>
     <extrude>1</extrude>
     <altitudeMode>clampToGround</altitudeMode>
     <outerBoundaryIs>
      <LinearRing>
       <coordinates>
-97.39948,29.06355,00300
-97.39037,29.04709,00300
-97.37347,29.06376,00300
-97.37269,29.08625,00300
-97.36524,29.10187,00300
-97.36400,29.10879,00300
-97.36205,29.13128,00300
-97.35886,29.15379,00300
-97.36588,29.16369,00300
-97.37677,29.17612,00300
-97.39179,29.17937,00300
-97.39509,29.17597,00300
-97.39566,29.15349,00300
-97.40434,29.13094,00300
-97.40501,29.10846,00300
-97.39902,29.08603,00300
-97.39948,29.06355,00300
       </coordinates>
      </LinearRing>
     </outerBoundaryIs>
    </Polygon>
    <Polygon>
     <extrude>1</extrude>
     <altitudeMode>clampToGround</altitudeMode>
     <outerBoundaryIs>
      <LinearRing>
       <coordinates>
-97.16232,29.22262,00300
-97.16045,29.22092,00300
-97.13456,29.20292,00300
-97.12608,29.22285,00300
-97.13486,29.24032,00300
-97.16048,29.22406,00300
-97.16232,29.22262,00300
       </coordinates>
      </LinearRing>
     </outerBoundaryIs>
     <innerBoundaryIs>
      <LinearRing>
       <coordinates>
-96.97810,29.22367,00300
-96.98016,29.21790,00300
-96.99147,29.22360,00300
-96.99245,29.24608,00300
-97.00620,29.26031,00300
-97.00762,29.26848,00300
-97.00629,29.27386,00300
-96.98064,29.29063,00300
-96.96751,29.26868,00300
-96.97694,29.24615,00300
-96.97810,29.22367,00300
       </coordinates>
      </LinearRing>
     </innerBoundaryIs>
    </Polygon>
    <Polygon>
     <extrude>1</extrude>
     <altitudeMode>clampToGround</altitudeMode>
     <outerBoundaryIs>
      <LinearRing>
       <coordinates>
-97.14218,29.31266,00300
-97.13534,29.29924,00300
-97.12709,29.31275,00300
-97.12901,29.33521,00300
-97.13581,29.35729,00300
-97.13948,29.33515,00300
-97.14218,29.31266,00300
       </coordinates>
      </LinearRing>
     </outerBoundaryIs>
    </Polygon>
    <Polygon>
     <extrude>1</extrude>
     <altitudeMode>clampToGround</altitudeMode>
     <outerBoundaryIs>
      <LinearRing>
       <coordinates>
-97.10889,29.40277,00300
-97.08450,29.39160,00300
-97.07268,29.40298,00300
-97.06653,29.42550,00300
-97.05911,29.44775,00300
-97.05894,29.44802,00300
-97.05376,29.47052,00300
-97.05933,29.47752,00300
-97.07434,29.49289,00300
-97.08530,29.49687,00300
-97.10128,29.49273,00300
-97.11106,29.48895,00300
-97.13680,29.47795,00300
-97.14278,29.46999,00300
-97.13665,29.45994,00300
-97.12331,29.44764,00300
-97.11584,29.42521,00300
-97.11040,29.40513,00300
-97.10889,29.40277,00300
       </coordinates>
      </LinearRing>
     </outerBoundaryIs>
     <innerBoundaryIs>
      <LinearRing>
       <coordinates>
-96.81583,29.60649,00300
-96.82751,29.58985,00300
-96.85335,29.58759,00300
-96.87028,29.60628,00300
-96.87138,29.62875,00300
-96.85368,29.64920,00300
-96.82781,29.64986,00300
-96.81199,29.62899,00300
-96.81583,29.60649,00300
       </coordinates>
      </LinearRing>
     </innerBoundaryIs>
    </Polygon>
    <Polygon>
     <extrude>1</extrude>
     <altitudeMode>clampToGround</altitudeMode>
     <outerBoundaryIs>
      <LinearRing>
       <coordinates>
-96.93254,29.71841,00300
-96.93169,29.71712,00300
-96.93076,29.71841,00300
-96.93170,29.71978,00300
-96.93254,29.71841,00300
       </coordinates>
      </LinearRing>
     </outerBoundaryIs>
    </Polygon>
   </MultiGeometry>
  </Placemark>
  <Placemark>
   <name>Contour Level: 3.2E-14 mass/m3</name>
   <Snippet maxLines="0"></Snippet>
   <TimeSpan>
    <begin>2026-01-25T08:00:00Z</begin>
    <end>2026-01-25T09:00:00Z</end>
   </TimeSpan>
   <styleUrl>#conc4</styleUrl>
   <MultiGeometry>
    <Polygon>
     <extrude>1</extrude>
     <altitudeMode>clampToGround</altitudeMode>
     <outerBoundaryIs>
      <LinearRing>
       <coordinates>
-96.90742,28.61724,00500
-96.89944,28.61488,00500
-96.88309,28.61735,00500
-96.87389,28.62277,00500
-96.86786,28.63988,00500
-96.85582,28.66240,00500
-96.84853,28.66723,00500
-96.82294,28.67225,00500
-96.79739,28.68350,00500
-96.79498,28.68510,00500
-96.77186,28.70265,00500
-96.74621,28.69418,00500
-96.72063,28.70307,00500
-96.71674,28.70783,00500
-96.71243,28.73031,00500
-96.71494,28.75277,00500
-96.71355,28.77525,00500
-96.71010,28.79773,00500
-96.70710,28.82021,00500
-96.69549,28.83631,00500
-96.67978,28.84275,00500
-96.66988,28.84784,00500
-96.65200,28.86530,00500
-96.64432,28.87794,00500
-96.63855,28.88780,00500
-96.62899,28.91030,00500
-96.62758,28.93277,00500
-96.62922,28.95524,00500
-96.62296,28.97773,00500
-96.61896,28.98495,00500
-96.61424,29.00022,00500
-96.60811,29.02271,00500
-96.60345,29.04519,00500
-96.60352,29.06767,00500
-96.59352,29.08209,00500
-96.58329,29.09018,00500
-96.56787,29.10956,00500
-96.56593,29.11269,00500
-96.55225,29.13519,00500
-96.54224,29.15145,00500
-96.53745,29.15769,00500
-96.52816,29.18018,00500
-96.52032,29.20266,00500
-96.51661,29.21030,00500
-96.50806,29.22515,00500
-96.49672,29.24764,00500
-96.49751,29.27012,00500
-96.49098,29.28859,00500
-96.48779,29.29261,00500
-96.49100,29.29789,00500
-96.49522,29.31507,00500
-96.49105,29.33217,00500
-96.48757,29.33756,00500
-96.49107,29.34320,00500
-96.49504,29.36003,00500
-96.49113,29.37891,00500
-96.48855,29.38251,00500
-96.47202,29.40501,00500
-96.46539,29.42355,00500
-96.46367,29.42750,00500
-96.45574,29.44999,00500
-96.45171,29.47246,00500
-96.44279,29.49495,00500
-96.44667,29.51742,00500
-96.43969,29.52661,00500
-96.42611,29.53992,00500
-96.41720,29.56240,00500
-96.41389,29.57167,00500
-96.40899,29.58488,00500
-96.40312,29.60737,00500
-96.39759,29.62985,00500
-96.38809,29.65036,00500
-96.38647,29.65233,00500
-96.38809,29.65934,00500
-96.38939,29.67481,00500
-96.38810,29.67689,00500
-96.36711,29.69730,00500
-96.36224,29.71120,00500
-96.35818,29.71978,00500
-96.35635,29.74225,00500
-96.35385,29.76474,00500
-96.34828,29.78722,00500
-96.34438,29.80970,00500
-96.34266,29.83218,00500
-96.34039,29.85466,00500
-96.33898,29.87714,00500
-96.33636,29.89780,00500
-96.33474,29.89962,00500
-96.31750,29.92210,00500
-96.31042,29.93542,00500
-96.30772,29.94458,00500
-96.30380,29.96706,00500
-96.30164,29.98954,00500
-96.30233,30.01202,00500
-96.30081,30.03450,00500
-96.29946,30.05698,00500
-96.29716,30.07946,00500
-96.29532,30.10195,00500
-96.29397,30.12442,00500
-96.29324,30.14690,00500
-96.29227,30.16938,00500
-96.29144,30.19187,00500
-96.29093,30.21435,00500
-96.29027,30.23683,00500
-96.29028,30.25931,00500
-96.28931,30.28179,00500
-96.28851,30.30428,00500
-96.28783,30.32676,00500
-96.28741,30.34924,00500
-96.28702,30.37172,00500
-96.28669,30.39420,00500
-96.28656,30.41669,00500
-96.28606,30.43917,00500
-96.28588,30.46165,00500
-96.28557,30.48413,00500
-96.28540,30.50661,00500
-96.28511,30.52910,00500
-96.28490,30.55158,00500
-96.28481,30.57406,00500
-96.28484,30.59654,00500
-96.28491,30.61903,00500
-96.28560,30.64151,00500
-96.28818,30.66400,00500
-96.31021,30.68296,00500
-96.33547,30.66400,00500
-96.33636,30.66387,00500
-96.33724,30.66400,00500
-96.36250,30.68296,00500
-96.38454,30.66400,00500
-96.38712,30.64151,00500
-96.38780,30.61903,00500
-96.38787,30.59654,00500
-96.38790,30.57406,00500
-96.38784,30.55158,00500
-96.38770,30.52910,00500
-96.38779,30.50661,00500
-96.38854,30.49951,00500
-96.41355,30.48412,00500
-96.41462,30.48249,00500
-96.42629,30.46163,00500
-96.43037,30.43915,00500
-96.43310,30.41666,00500
-96.43496,30.39418,00500
-96.43522,30.37169,00500
-96.43667,30.34921,00500
-96.43711,30.32673,00500
-96.43819,30.30425,00500
-96.44050,30.28675,00500
-96.44698,30.28176,00500
-96.45436,30.25927,00500
-96.46050,30.23678,00500
-96.46552,30.21429,00500
-96.46643,30.21190,00500
-96.47381,30.19180,00500
-96.47397,30.16932,00500
-96.48361,30.14683,00500
-96.49046,30.12434,00500
-96.49163,30.10186,00500
-96.49227,30.09945,00500
-96.50525,30.07936,00500
-96.51089,30.05687,00500
-96.51771,30.03438,00500
-96.51813,30.03289,00500
-96.52621,30.01188,00500
-96.54041,29.98939,00500
-96.54399,29.98199,00500
-96.55878,29.96687,00500
-96.56985,29.94516,00500
-96.57031,29.94437,00500
-96.58115,29.92187,00500
-96.59344,29.89937,00500
-96.59566,29.89577,00500
-96.62064,29.87683,00500
-96.62154,29.87589,00500
-96.64480,29.85429,00500
-96.64738,29.84832,00500
-96.65242,29.83179,00500
-96.65453,29.80931,00500
-96.64721,29.79604,00500
-96.64375,29.78685,00500
-96.64261,29.76438,00500
-96.64709,29.75551,00500
-96.66507,29.74184,00500
-96.66900,29.71935,00500
-96.67283,29.71217,00500
-96.67947,29.69684,00500
-96.67543,29.67438,00500
-96.68945,29.65186,00500
-96.69844,29.63869,00500
-96.70364,29.62934,00500
-96.71085,29.60684,00500
-96.72411,29.59124,00500
-96.73479,29.58429,00500
-96.74932,29.56176,00500
-96.74287,29.53931,00500
-96.74550,29.51682,00500
-96.72533,29.49441,00500
-96.72372,29.49339,00500
-96.71309,29.47196,00500
-96.72356,29.45335,00500
-96.73206,29.44943,00500
-96.74933,29.44007,00500
-96.76917,29.44931,00500
-96.77522,29.45763,00500
-96.80099,29.45066,00500
-96.80207,29.44920,00500
-96.82671,29.43114,00500
-96.83452,29.42660,00500
-96.84341,29.40409,00500
-96.84776,29.38159,00500
-96.85220,29.36965,00500
-96.85441,29.35909,00500
-96.86222,29.33658,00500
-96.87636,29.31404,00500
-96.87299,29.29158,00500
-96.86652,29.26913,00500
-96.87737,29.25744,00500
-96.88367,29.24658,00500
-96.87723,29.23097,00500
-96.87628,29.22414,00500
-96.87715,29.21790,00500
-96.88398,29.20163,00500
-96.87700,29.19064,00500
-96.87328,29.17920,00500
-96.86792,29.15675,00500
-96.85098,29.13798,00500
-96.84766,29.13436,00500
-96.83965,29.11191,00500
-96.85078,29.09942,00500
-96.87647,29.09411,00500
-96.90221,29.09715,00500
-96.91694,29.11159,00500
-96.92815,29.13262,00500
-96.95164,29.11143,00500
-96.95370,29.10447,00500
-96.95808,29.08892,00500
-96.97919,29.06975,00500
-96.98195,29.06633,00500
-96.98692,29.04382,00500
-96.99179,29.02133,00500
-96.99542,28.99883,00500
-97.00433,28.98462,00500
-97.00755,28.97630,00500
-97.00903,28.95382,00500
-97.00909,28.93134,00500
-97.00994,28.90887,00500
-97.01273,28.88638,00500
-97.01402,28.86390,00500
-97.00340,28.84742,00500
-96.99555,28.84152,00500
-96.97762,28.82732,00500
-96.97332,28.81917,00500
-96.97753,28.81503,00500
-97.00305,28.79674,00500
-97.00313,28.79654,00500
-97.01131,28.77403,00500
-97.00565,28.75159,00500
-97.00271,28.74586,00500
-96.97698,28.73098,00500
-96.97181,28.72929,00500
-96.95995,28.70687,00500
-96.95111,28.69121,00500
-96.94225,28.68449,00500
-96.92961,28.66208,00500
-96.92961,28.63961,00500
-96.92516,28.63365,00500
-96.90742,28.61724,00500
       </coordinates>
      </LinearRing>
     </outerBoundaryIs>
    </Polygon>
   </MultiGeometry>
  </Placemark>
  <Placemark>
   <name>Contour Level: 1.0E-13 mass/m3</name>
   <Snippet maxLines="0"></Snippet>
   <TimeSpan>
    <begin>2026-01-25T08:00:00Z</begin>
    <end>2026-01-25T09:00:00Z</end>
   </TimeSpan>
   <styleUrl>#conc5</styleUrl>
   <MultiGeometry>
    <Polygon>
     <extrude>1</extrude>
     <altitudeMode>clampToGround</altitudeMode>
     <outerBoundaryIs>
      <LinearRing>
       <coordinates>
-96.59996,29.31490,00700
-96.59410,29.30412,00700
-96.58730,29.31493,00700
-96.58147,29.33742,00700
-96.56892,29.35991,00700
-96.56846,29.36042,00700
-96.55878,29.38241,00700
-96.54275,29.39636,00700
-96.53617,29.40493,00700
-96.52891,29.42741,00700
-96.52390,29.44990,00700
-96.51707,29.46416,00700
-96.51448,29.47239,00700
-96.51041,29.49488,00700
-96.50563,29.51736,00700
-96.49138,29.53882,00700
-96.49039,29.53985,00700
-96.47749,29.56235,00700
-96.46560,29.58333,00700
-96.46482,29.58484,00700
-96.45445,29.60733,00700
-96.44842,29.62981,00700
-96.43981,29.64223,00700
-96.43234,29.65231,00700
-96.42740,29.67479,00700
-96.41720,29.69728,00700
-96.41399,29.70267,00700
-96.40604,29.71976,00700
-96.39519,29.74224,00700
-96.39337,29.76473,00700
-96.38815,29.77336,00700
-96.37820,29.78721,00700
-96.36800,29.80970,00700
-96.36292,29.83218,00700
-96.36227,29.83687,00700
-96.36009,29.85466,00700
-96.35621,29.87714,00700
-96.35303,29.89962,00700
-96.34867,29.92210,00700
-96.34597,29.94458,00700
-96.33854,29.96706,00700
-96.34062,29.98955,00700
-96.33767,30.01202,00700
-96.33823,30.03451,00700
-96.33636,30.04866,00700
-96.33315,30.05699,00700
-96.32944,30.07947,00700
-96.32097,30.10195,00700
-96.31562,30.12443,00700
-96.31476,30.14691,00700
-96.31105,30.16939,00700
-96.31035,30.17377,00700
-96.30781,30.19187,00700
-96.30602,30.21435,00700
-96.30361,30.23684,00700
-96.30325,30.25931,00700
-96.30018,30.28180,00700
-96.29765,30.30428,00700
-96.29552,30.32676,00700
-96.29424,30.34924,00700
-96.29304,30.37172,00700
-96.29201,30.39420,00700
-96.29162,30.41669,00700
-96.29008,30.43917,00700
-96.28954,30.46165,00700
-96.28857,30.48413,00700
-96.28807,30.50661,00700
-96.28717,30.52910,00700
-96.28651,30.55158,00700
-96.28628,30.57406,00700
-96.28640,30.59654,00700
-96.28667,30.61903,00700
-96.28886,30.64151,00700
-96.29704,30.66400,00700
-96.31022,30.67534,00700
-96.32533,30.66400,00700
-96.33636,30.66238,00700
-96.34738,30.66400,00700
-96.36250,30.67534,00700
-96.37569,30.66400,00700
-96.38386,30.64151,00700
-96.38605,30.61903,00700
-96.38631,30.59654,00700
-96.38644,30.57406,00700
-96.38622,30.55158,00700
-96.38564,30.52910,00700
-96.38513,30.50661,00700
-96.38731,30.48413,00700
-96.38848,30.46165,00700
-96.38852,30.46138,00700
-96.40782,30.43916,00700
-96.41457,30.42271,00700
-96.41650,30.41667,00700
-96.42255,30.39418,00700
-96.42341,30.37170,00700
-96.42754,30.34922,00700
-96.42768,30.32673,00700
-96.43002,30.30425,00700
-96.43280,30.28176,00700
-96.43365,30.25928,00700
-96.43457,30.23680,00700
-96.43540,30.21432,00700
-96.43740,30.19184,00700
-96.44038,30.17619,00700
-96.44421,30.16935,00700
-96.44539,30.14687,00700
-96.45609,30.12437,00700
-96.46152,30.10189,00700
-96.46548,30.07940,00700
-96.46626,30.07579,00700
-96.47163,30.05692,00700
-96.47670,30.03443,00700
-96.48051,30.01195,00700
-96.48619,29.98946,00700
-96.49207,29.97272,00700
-96.49560,29.96696,00700
-96.50007,29.94448,00700
-96.50858,29.92199,00700
-96.51423,29.89950,00700
-96.51749,29.87701,00700
-96.51784,29.87615,00700
-96.53043,29.85451,00700
-96.54369,29.84151,00700
-96.55170,29.83200,00700
-96.55735,29.80951,00700
-96.56252,29.78702,00700
-96.56418,29.76454,00700
-96.56479,29.74206,00700
-96.56158,29.71958,00700
-96.56927,29.70344,00700
-96.57338,29.69708,00700
-96.57890,29.67459,00700
-96.58530,29.65210,00700
-96.59196,29.62961,00700
-96.59493,29.61775,00700
-96.59796,29.60712,00700
-96.61196,29.58461,00700
-96.61536,29.56212,00700
-96.62057,29.54074,00700
-96.62105,29.53963,00700
-96.62055,29.53601,00700
-96.61902,29.51716,00700
-96.62048,29.51135,00700
-96.62748,29.49467,00700
-96.62912,29.47218,00700
-96.63392,29.44969,00700
-96.64458,29.42719,00700
-96.64601,29.41739,00700
-96.64733,29.40471,00700
-96.65536,29.38221,00700
-96.65484,29.35973,00700
-96.64579,29.34807,00700
-96.62333,29.33733,00700
-96.61996,29.33394,00700
-96.59996,29.31490,00700
       </coordinates>
      </LinearRing>
     </outerBoundaryIs>
    </Polygon>
   </MultiGeometry>
  </Placemark>
  <Placemark>
   <name>Contour Level: 3.2E-13 mass/m3</name>
   <Snippet maxLines="0"></Snippet>
   <TimeSpan>
    <begin>2026-01-25T08:00:00Z</begin>
    <end>2026-01-25T09:00:00Z</end>
   </TimeSpan>
   <styleUrl>#conc6</styleUrl>
   <MultiGeometry>
    <Polygon>
     <extrude>1</extrude>
     <altitudeMode>clampToGround</altitudeMode>
     <outerBoundaryIs>
      <LinearRing>
       <coordinates>
-96.39780,30.01201,00900
-96.38828,30.00190,00900
-96.38375,30.01201,00900
-96.38147,30.03450,00900
-96.37083,30.05698,00900
-96.36671,30.07946,00900
-96.36493,30.10195,00900
-96.36234,30.11203,00900
-96.36028,30.12443,00900
-96.35867,30.14691,00900
-96.35394,30.16939,00900
-96.35349,30.19187,00900
-96.34615,30.21435,00900
-96.34750,30.23684,00900
-96.34222,30.25932,00900
-96.34058,30.28180,00900
-96.33636,30.28761,00900
-96.32632,30.30429,00900
-96.32037,30.32677,00900
-96.31700,30.34925,00900
-96.31200,30.37173,00900
-96.31030,30.38329,00900
-96.30883,30.39421,00900
-96.30763,30.41669,00900
-96.30282,30.43917,00900
-96.30110,30.46165,00900
-96.29806,30.48414,00900
-96.29652,30.50662,00900
-96.29368,30.52910,00900
-96.29165,30.55158,00900
-96.29093,30.57406,00900
-96.29134,30.59654,00900
-96.29219,30.61903,00900
-96.29915,30.64151,00900
-96.31022,30.65659,00900
-96.33636,30.65765,00900
-96.36250,30.65660,00900
-96.37357,30.64151,00900
-96.38053,30.61903,00900
-96.38139,30.59654,00900
-96.38179,30.57406,00900
-96.38109,30.55158,00900
-96.37911,30.52910,00900
-96.37673,30.50662,00900
-96.37719,30.48414,00900
-96.37614,30.46165,00900
-96.37781,30.43917,00900
-96.38039,30.41669,00900
-96.38342,30.39420,00900
-96.38848,30.38726,00900
-96.39849,30.37172,00900
-96.39698,30.34923,00900
-96.40306,30.32675,00900
-96.40425,30.30427,00900
-96.40790,30.28178,00900
-96.40910,30.25930,00900
-96.40818,30.23682,00900
-96.40836,30.21433,00900
-96.40894,30.19185,00900
-96.40964,30.16937,00900
-96.40932,30.14689,00900
-96.40826,30.12441,00900
-96.40869,30.10193,00900
-96.41012,30.07944,00900
-96.40970,30.05697,00900
-96.40199,30.03449,00900
-96.39780,30.01201,00900
       </coordinates>
      </LinearRing>
     </outerBoundaryIs>
    </Polygon>
   </MultiGeometry>
  </Placemark>
  <Placemark>
   <name>Contour Level: 1.0E-12 mass/m3</name>
   <Snippet maxLines="0"></Snippet>
   <TimeSpan>
    <begin>2026-01-25T08:00:00Z</begin>
    <end>2026-01-25T09:00:00Z</end>
   </TimeSpan>
   <styleUrl>#conc7</styleUrl>
   <MultiGeometry>
    <Polygon>
     <extrude>1</extrude>
     <altitudeMode>clampToGround</altitudeMode>
     <outerBoundaryIs>
      <LinearRing>
       <coordinates>
-96.34013,30.46166,01100
-96.33636,30.45627,01100
-96.33302,30.46166,01100
-96.33315,30.48414,01100
-96.32249,30.50662,01100
-96.31558,30.52910,01100
-96.31025,30.54194,01100
-96.30787,30.55158,01100
-96.30563,30.57407,01100
-96.30694,30.59655,01100
-96.30968,30.61903,01100
-96.31023,30.62006,01100
-96.33350,30.64152,01100
-96.33636,30.64273,01100
-96.33921,30.64152,01100
-96.36248,30.62011,01100
-96.36306,30.61903,01100
-96.36579,30.59655,01100
-96.36711,30.57407,01100
-96.36488,30.55158,01100
-96.36246,30.54177,01100
-96.35719,30.52910,01100
-96.35054,30.50662,01100
-96.33984,30.48414,01100
-96.34013,30.46166,01100
       </coordinates>
      </LinearRing>
     </outerBoundaryIs>
    </Polygon>
   </MultiGeometry>
  </Placemark>
  <Placemark>
   <name>Maximum Value Grid Cell</name>
   <Snippet maxLines="0"></Snippet>
   <description><![CDATA[<pre>
LAT:   30.5741 LON:  -96.3364
Value: 2.8E-12
      The square represents the location
      of maximum concentration and the
      size of the square represents the
      concentration grid cell size.
    </pre>]]>
   </description>
   <TimeSpan>
    <begin>2026-01-25T08:00:00Z</begin>
    <end>2026-01-25T09:00:00Z</end>
   </TimeSpan>
   <styleUrl>#maxv</styleUrl>
   <Polygon>
    <extrude>1</extrude>
    <altitudeMode>clampToGround</altitudeMode>
    <outerBoundaryIs>
     <LinearRing>
      <coordinates>
        -96.36246,30.55159,00100
        -96.31025,30.55159,00100
        -96.31024,30.59655,00100
        -96.36247,30.59655,00100
        -96.36246,30.55159,00100
      </coordinates>
     </LinearRing>
    </outerBoundaryIs>
   </Polygon>
  </Placemark>
 </Folder>
 <Folder>
  <name><![CDATA[<pre>Concentration 
(Valid:20260125 1000UTC)</pre>]]>
  </name>
  <visibility>0</visibility>
  <description><![CDATA[<pre>
Averaged from 00000 to 00100m
Valid:20260125 1000 UTC
   </pre>]]>
  </description>
  <ScreenOverlay>
   <name>Legend</name>
   <Snippet maxLines="0"></Snippet>
   <TimeSpan>
    <begin>2026-01-25T09:00:00Z</begin>
    <end>2026-01-25T10:00:00Z</end>
   </TimeSpan>
   <Icon>
    <href>GELABEL_10_22130.gif</href>
   </Icon>
   <overlayXY x="0" y="1" xunits="fraction" yunits="fraction"/>
   <screenXY x="0" y="1" xunits="fraction" yunits="fraction"/>
   <rotationXY x="0" y="0" xunits="fraction" yunits="fraction"/>
   <size x="0" y="0" xunits="pixels" yunits="pixels"/>
  </ScreenOverlay>
  <Placemark>
   <name>Contour Level: 3.2E-15 mass/m3</name>
   <Snippet maxLines="0"></Snippet>
   <TimeSpan>
    <begin>2026-01-25T09:00:00Z</begin>
    <end>2026-01-25T10:00:00Z</end>
   </TimeSpan>
   <styleUrl>#conc2</styleUrl>
   <MultiGeometry>
    <Polygon>
     <extrude>1</extrude>
     <altitudeMode>clampToGround</altitudeMode>
     <outerBoundaryIs>
      <LinearRing>
       <coordinates>
-97.19617,27.89678,00100
-97.17485,27.89114,00100
-97.14943,27.88944,00100
-97.12401,27.88798,00100
-97.09858,27.88541,00100
-97.07317,27.88479,00100
-97.04776,27.88509,00100
-97.02239,27.89040,00100
-97.00269,27.89794,00100
-96.99704,27.89963,00100
-96.97166,27.90497,00100
-96.94628,27.91027,00100
-96.92088,27.91168,00100
-96.90301,27.92089,00100
-96.89553,27.92373,00100
-96.87021,27.94147,00100
-96.86891,27.94349,00100
-96.84538,27.96604,00100
-96.84492,27.96690,00100
-96.82984,27.98857,00100
-96.82410,28.01105,00100
-96.81980,28.03138,00100
-96.81951,28.03352,00100
-96.81088,28.05602,00100
-96.80006,28.07852,00100
-96.79459,28.08268,00100
-96.76917,28.09113,00100
-96.74375,28.10028,00100
-96.74011,28.10118,00100
-96.71833,28.11139,00100
-96.69289,28.11785,00100
-96.68696,28.12380,00100
-96.68172,28.14628,00100
-96.67454,28.16876,00100
-96.67611,28.19122,00100
-96.67233,28.21368,00100
-96.66778,28.22416,00100
-96.66468,28.23617,00100
-96.65512,28.25866,00100
-96.64735,28.28114,00100
-96.64249,28.28946,00100
-96.62987,28.30364,00100
-96.61707,28.32070,00100
-96.61325,28.32614,00100
-96.59319,28.34865,00100
-96.59216,28.37112,00100
-96.59168,28.37317,00100
-96.58301,28.39360,00100
-96.59176,28.40379,00100
-96.59599,28.41604,00100
-96.59182,28.42588,00100
-96.57800,28.43854,00100
-96.56731,28.46103,00100
-96.56635,28.46181,00100
-96.54594,28.48353,00100
-96.54085,28.48649,00100
-96.51529,28.48874,00100
-96.48974,28.49287,00100
-96.46418,28.49885,00100
-96.43862,28.50207,00100
-96.43522,28.50614,00100
-96.43084,28.52861,00100
-96.42965,28.55107,00100
-96.43234,28.57354,00100
-96.43870,28.57900,00100
-96.46428,28.57550,00100
-96.48988,28.58393,00100
-96.51546,28.58190,00100
-96.53709,28.59589,00100
-96.54108,28.59765,00100
-96.55704,28.61832,00100
-96.55327,28.64080,00100
-96.55187,28.66327,00100
-96.54971,28.68575,00100
-96.55377,28.70821,00100
-96.54883,28.73068,00100
-96.54137,28.73893,00100
-96.52683,28.75319,00100
-96.51581,28.77286,00100
-96.51464,28.77568,00100
-96.50601,28.79816,00100
-96.49960,28.82064,00100
-96.49027,28.83740,00100
-96.48391,28.84313,00100
-96.49030,28.85393,00100
-96.49223,28.86559,00100
-96.49033,28.86959,00100
-96.47001,28.88809,00100
-96.46471,28.90246,00100
-96.46042,28.91057,00100
-96.45538,28.93305,00100
-96.44997,28.95553,00100
-96.44606,28.97800,00100
-96.43912,28.98438,00100
-96.42369,29.00049,00100
-96.41346,29.01779,00100
-96.41123,29.02297,00100
-96.40240,29.04545,00100
-96.40161,29.06793,00100
-96.39359,29.09040,00100
-96.39328,29.11288,00100
-96.38799,29.13536,00100
-96.39416,29.15783,00100
-96.39281,29.18031,00100
-96.39066,29.20278,00100
-96.39373,29.22525,00100
-96.38787,29.23887,00100
-96.37715,29.24774,00100
-96.38789,29.26242,00100
-96.38959,29.27021,00100
-96.38789,29.27471,00100
-96.36713,29.29269,00100
-96.38791,29.31171,00100
-96.38893,29.31516,00100
-96.38792,29.31746,00100
-96.36214,29.32443,00100
-96.35779,29.31517,00100
-96.33636,29.30406,00100
-96.32442,29.31517,00100
-96.32986,29.33765,00100
-96.33531,29.36013,00100
-96.33196,29.38260,00100
-96.31456,29.40508,00100
-96.31055,29.41310,00100
-96.30525,29.42756,00100
-96.30000,29.45003,00100
-96.29493,29.47250,00100
-96.29103,29.49499,00100
-96.28825,29.51746,00100
-96.28823,29.53994,00100
-96.28830,29.56242,00100
-96.28722,29.58489,00100
-96.28465,29.60092,00100
-96.27721,29.60737,00100
-96.25877,29.62758,00100
-96.25734,29.62984,00100
-96.24800,29.65231,00100
-96.24466,29.67479,00100
-96.24384,29.69727,00100
-96.24251,29.71975,00100
-96.23976,29.74222,00100
-96.23884,29.76470,00100
-96.23579,29.78718,00100
-96.23273,29.80387,00100
-96.22545,29.80966,00100
-96.22189,29.83213,00100
-96.21761,29.85460,00100
-96.21861,29.87709,00100
-96.23264,29.88983,00100
-96.23384,29.89958,00100
-96.23488,29.92206,00100
-96.23453,29.94454,00100
-96.23434,29.96702,00100
-96.23431,29.98950,00100
-96.23451,30.01198,00100
-96.23444,30.03447,00100
-96.23466,30.05695,00100
-96.23461,30.07942,00100
-96.23441,30.10191,00100
-96.23447,30.12439,00100
-96.23432,30.14687,00100
-96.23458,30.16935,00100
-96.23435,30.19184,00100
-96.23455,30.21432,00100
-96.23434,30.23680,00100
-96.23440,30.25928,00100
-96.23441,30.28176,00100
-96.23450,30.30425,00100
-96.23498,30.32673,00100
-96.23515,30.34921,00100
-96.23628,30.37169,00100
-96.23602,30.39417,00100
-96.23666,30.41666,00100
-96.23708,30.43914,00100
-96.23830,30.46162,00100
-96.24116,30.48411,00100
-96.24722,30.50659,00100
-96.25806,30.52068,00100
-96.26779,30.52909,00100
-96.28415,30.54111,00100
-96.28419,30.55158,00100
-96.28420,30.57406,00100
-96.28419,30.59654,00100
-96.28419,30.61903,00100
-96.28425,30.64151,00100
-96.28451,30.66399,00100
-96.31021,30.68612,00100
-96.33636,30.68362,00100
-96.36250,30.68612,00100
-96.38821,30.66399,00100
-96.38847,30.64151,00100
-96.38852,30.61903,00100
-96.38852,30.59654,00100
-96.38851,30.57406,00100
-96.38849,30.55158,00100
-96.38846,30.52910,00100
-96.38846,30.50661,00100
-96.38854,30.49678,00100
-96.40916,30.48412,00100
-96.41462,30.47612,00100
-96.42290,30.46163,00100
-96.42870,30.43915,00100
-96.43401,30.41666,00100
-96.43655,30.39417,00100
-96.43716,30.37169,00100
-96.43870,30.34921,00100
-96.43949,30.32673,00100
-96.43970,30.30425,00100
-96.44009,30.28176,00100
-96.44028,30.25928,00100
-96.44046,30.25333,00100
-96.45197,30.23679,00100
-96.46088,30.21430,00100
-96.46642,30.20524,00100
-96.47527,30.19180,00100
-96.48606,30.16931,00100
-96.48840,30.14682,00100
-96.49231,30.12616,00100
-96.49322,30.12434,00100
-96.51109,30.10183,00100
-96.51825,30.09715,00100
-96.54421,30.08506,00100
-96.57019,30.08524,00100
-96.59617,30.08363,00100
-96.60155,30.07920,00100
-96.61208,30.05669,00100
-96.62203,30.04312,00100
-96.63825,30.03416,00100
-96.64795,30.02635,00100
-96.67390,30.02401,00100
-96.68229,30.03404,00100
-96.69997,30.04920,00100
-96.70264,30.05647,00100
-96.70679,30.07894,00100
-96.72613,30.09590,00100
-96.75211,30.09741,00100
-96.77264,30.10122,00100
-96.77819,30.11785,00100
-96.78085,30.10119,00100
-96.77807,30.09114,00100
-96.77634,30.07872,00100
-96.77795,30.06420,00100
-96.78061,30.05623,00100
-96.77789,30.05110,00100
-96.77492,30.03377,00100
-96.77369,30.01129,00100
-96.77769,30.00674,00100
-96.79868,30.01120,00100
-96.80370,30.01565,00100
-96.81062,30.03364,00100
-96.82980,30.04288,00100
-96.85578,30.04622,00100
-96.88177,30.04935,00100
-96.90105,30.03328,00100
-96.90320,30.01079,00100
-96.88145,29.99347,00100
-96.86961,29.98845,00100
-96.85539,29.97367,00100
-96.84818,29.96605,00100
-96.83478,29.94362,00100
-96.82927,29.93926,00100
-96.82036,29.92120,00100
-96.81947,29.89872,00100
-96.81039,29.87627,00100
-96.81432,29.85378,00100
-96.82875,29.83681,00100
-96.84122,29.83120,00100
-96.85457,29.81861,00100
-96.86726,29.83109,00100
-96.88056,29.83352,00100
-96.90651,29.83842,00100
-96.93248,29.84691,00100
-96.95543,29.85318,00100
-96.95847,29.85963,00100
-96.96199,29.87563,00100
-96.96618,29.89809,00100
-96.96933,29.92056,00100
-96.98495,29.94267,00100
-97.00706,29.92037,00100
-97.01059,29.89863,00100
-97.01074,29.89787,00100
-97.01131,29.87538,00100
-97.01041,29.87320,00100
-97.00079,29.85295,00100
-96.98429,29.84350,00100
-96.96628,29.83065,00100
-96.96351,29.80818,00100
-96.95808,29.79756,00100
-96.93212,29.78909,00100
-96.92331,29.78589,00100
-96.91096,29.76347,00100
-96.90600,29.75077,00100
-96.88007,29.74451,00100
-96.86386,29.76366,00100
-96.86050,29.78616,00100
-96.85448,29.80064,00100
-96.82858,29.80129,00100
-96.82191,29.78631,00100
-96.81824,29.76384,00100
-96.82829,29.74440,00100
-96.83746,29.74129,00100
-96.85406,29.72340,00100
-96.85613,29.71873,00100
-96.87984,29.70327,00100
-96.90411,29.69606,00100
-96.90567,29.69536,00100
-96.91327,29.67353,00100
-96.91515,29.65105,00100
-96.91585,29.62856,00100
-96.91906,29.60607,00100
-96.93094,29.59439,00100
-96.94343,29.60596,00100
-96.94772,29.62842,00100
-96.94690,29.65090,00100
-96.95381,29.67335,00100
-96.94289,29.69588,00100
-96.93167,29.71426,00100
-96.92671,29.71844,00100
-96.93173,29.72442,00100
-96.95771,29.73977,00100
-96.95917,29.74076,00100
-96.98371,29.75614,00100
-96.99446,29.76307,00100
-97.00972,29.77290,00100
-97.02598,29.78539,00100
-97.03573,29.78843,00100
-97.06178,29.80740,00100
-97.06186,29.80767,00100
-97.06635,29.83013,00100
-97.06931,29.85259,00100
-97.07033,29.87506,00100
-97.08228,29.89748,00100
-97.08474,29.91994,00100
-97.08857,29.92250,00100
-97.09087,29.91991,00100
-97.09412,29.89741,00100
-97.11325,29.87481,00100
-97.11411,29.87250,00100
-97.12258,29.85228,00100
-97.12015,29.82981,00100
-97.11462,29.80737,00100
-97.11357,29.80496,00100
-97.09976,29.78497,00100
-97.09053,29.76254,00100
-97.08732,29.75996,00100
-97.06133,29.74720,00100
-97.05205,29.74028,00100
-97.03531,29.72917,00100
-97.03025,29.71792,00100
-97.03518,29.71147,00100
-97.06104,29.70871,00100
-97.08686,29.70042,00100
-97.10182,29.69504,00100
-97.11263,29.68705,00100
-97.12268,29.67243,00100
-97.12728,29.64993,00100
-97.12437,29.62746,00100
-97.12788,29.60496,00100
-97.13409,29.58244,00100
-97.13693,29.55995,00100
-97.13747,29.55946,00100
-97.13960,29.55993,00100
-97.16348,29.58002,00100
-97.18415,29.55965,00100
-97.18914,29.55814,00100
-97.21488,29.54716,00100
-97.22249,29.53691,00100
-97.22823,29.51439,00100
-97.22996,29.49191,00100
-97.23330,29.46940,00100
-97.23987,29.45476,00100
-97.24439,29.44685,00100
-97.25668,29.42428,00100
-97.25253,29.40183,00100
-97.24085,29.37944,00100
-97.23910,29.37121,00100
-97.23536,29.35699,00100
-97.22795,29.33457,00100
-97.22839,29.31209,00100
-97.22643,29.28963,00100
-97.22486,29.26716,00100
-97.21699,29.24474,00100
-97.21203,29.22855,00100
-97.21035,29.22230,00100
-97.20788,29.19985,00100
-97.20736,29.17737,00100
-97.20549,29.15491,00100
-97.18549,29.13824,00100
-97.17789,29.13262,00100
-97.17264,29.11018,00100
-97.18522,29.10641,00100
-97.20114,29.10999,00100
-97.21106,29.11973,00100
-97.23473,29.10976,00100
-97.23669,29.10924,00100
-97.23728,29.10974,00100
-97.24111,29.13219,00100
-97.26080,29.15453,00100
-97.26288,29.15792,00100
-97.27769,29.17688,00100
-97.28783,29.19928,00100
-97.28645,29.22177,00100
-97.28925,29.22408,00100
-97.29147,29.22173,00100
-97.29063,29.19926,00100
-97.30812,29.17665,00100
-97.31451,29.17341,00100
-97.34010,29.15891,00100
-97.35249,29.15384,00100
-97.36478,29.13126,00100
-97.36542,29.11923,00100
-97.36620,29.10878,00100
-97.36683,29.08629,00100
-97.36507,29.06383,00100
-97.39039,29.04808,00100
-97.41619,29.05680,00100
-97.44186,29.05323,00100
-97.45527,29.04060,00100
-97.45962,29.01809,00100
-97.44871,28.99571,00100
-97.44115,28.98961,00100
-97.41762,28.97350,00100
-97.41521,28.96708,00100
-97.40851,28.95111,00100
-97.40931,28.92862,00100
-97.40968,28.90615,00100
-97.41438,28.89188,00100
-97.44007,28.89379,00100
-97.45857,28.88326,00100
-97.46548,28.87180,00100
-97.47356,28.86065,00100
-97.49085,28.84613,00100
-97.50104,28.83793,00100
-97.50814,28.81540,00100
-97.51262,28.79289,00100
-97.51394,28.77040,00100
-97.50808,28.74798,00100
-97.48949,28.73009,00100
-97.48730,28.72570,00100
-97.48693,28.70323,00100
-97.48911,28.69723,00100
-97.50731,28.68057,00100
-97.51434,28.66470,00100
-97.51945,28.65799,00100
-97.52422,28.63548,00100
-97.52331,28.61301,00100
-97.52401,28.59054,00100
-97.52098,28.56810,00100
-97.52634,28.54558,00100
-97.53542,28.52303,00100
-97.52202,28.50068,00100
-97.51220,28.48565,00100
-97.50674,28.47835,00100
-97.50140,28.45594,00100
-97.49026,28.43357,00100
-97.48595,28.42586,00100
-97.48286,28.41117,00100
-97.48571,28.40542,00100
-97.50019,28.38854,00100
-97.49966,28.36608,00100
-97.50368,28.34358,00100
-97.49939,28.32115,00100
-97.50306,28.29865,00100
-97.49883,28.27623,00100
-97.49947,28.25376,00100
-97.49064,28.23137,00100
-97.48381,28.20897,00100
-97.48559,28.18649,00100
-97.48313,28.18310,00100
-97.47525,28.16412,00100
-97.46279,28.14177,00100
-97.45702,28.12741,00100
-97.45215,28.11940,00100
-97.43468,28.09709,00100
-97.43118,28.09454,00100
-97.41510,28.07480,00100
-97.40540,28.05242,00100
-97.40527,28.05181,00100
-97.39807,28.03002,00100
-97.39107,28.00761,00100
-97.38270,27.98523,00100
-97.37903,27.97713,00100
-97.35352,27.96956,00100
-97.34380,27.96308,00100
-97.32798,27.95860,00100
-97.30250,27.95300,00100
-97.27953,27.94111,00100
-97.27695,27.94014,00100
-97.25139,27.92540,00100
-97.22617,27.91904,00100
-97.22591,27.91882,00100
-97.20032,27.89759,00100
-97.19617,27.89678,00100
       </coordinates>
      </LinearRing>
     </outerBoundaryIs>
    </Polygon>
    <Polygon>
     <extrude>1</extrude>
     <altitudeMode>clampToGround</altitudeMode>
     <outerBoundaryIs>
      <LinearRing>
       <coordinates>
-97.67802,28.58902,00100
-97.66694,28.58645,00100
-97.64127,28.57994,00100
-97.61575,28.58611,00100
-97.60957,28.58972,00100
-97.60072,28.61228,00100
-97.59324,28.63482,00100
-97.59092,28.64524,00100
-97.58689,28.65735,00100
-97.58817,28.67981,00100
-97.59141,28.68356,00100
-97.59635,28.70220,00100
-97.59853,28.72465,00100
-97.59201,28.73139,00100
-97.56650,28.74010,00100
-97.55953,28.74750,00100
-97.55195,28.77005,00100
-97.55193,28.79252,00100
-97.55788,28.81494,00100
-97.55756,28.83741,00100
-97.55375,28.85992,00100
-97.55740,28.88235,00100
-97.56840,28.89212,00100
-97.59404,28.89052,00100
-97.60106,28.88193,00100
-97.60636,28.85941,00100
-97.61120,28.83688,00100
-97.61459,28.81438,00100
-97.61858,28.80389,00100
-97.62788,28.79178,00100
-97.63546,28.76923,00100
-97.64371,28.76438,00100
-97.65308,28.76905,00100
-97.66953,28.77799,00100
-97.69524,28.78327,00100
-97.70792,28.79095,00100
-97.71938,28.81330,00100
-97.72138,28.81931,00100
-97.74714,28.82668,00100
-97.75004,28.81296,00100
-97.74738,28.79052,00100
-97.75353,28.76798,00100
-97.74602,28.74863,00100
-97.74039,28.74565,00100
-97.72008,28.72615,00100
-97.71313,28.72347,00100
-97.71976,28.70415,00100
-97.72034,28.70092,00100
-97.73627,28.67828,00100
-97.74027,28.65576,00100
-97.74453,28.64442,00100
-97.74689,28.63322,00100
-97.74961,28.61072,00100
-97.74391,28.60080,00100
-97.71816,28.58994,00100
-97.69260,28.59132,00100
-97.67802,28.58902,00100
       </coordinates>
      </LinearRing>
     </outerBoundaryIs>
     <innerBoundaryIs>
      <LinearRing>
       <coordinates>
-97.22421,28.70532,00100
-97.23297,28.70099,00100
-97.24017,28.70520,00100
-97.24753,28.72762,00100
-97.23338,28.74573,00100
-97.21255,28.72787,00100
-97.22421,28.70532,00100
       </coordinates>
      </LinearRing>
     </innerBoundaryIs>
     <innerBoundaryIs>
      <LinearRing>
       <coordinates>
-97.37799,28.77158,00100
-97.38725,28.75473,00100
-97.39671,28.77142,00100
-97.39070,28.79395,00100
-97.39838,28.81635,00100
-97.40341,28.83878,00100
-97.40974,28.86120,00100
-97.41171,28.88366,00100
-97.38876,28.89616,00100
-97.36305,28.89252,00100
-97.33734,28.88837,00100
-97.33038,28.88431,00100
-97.32851,28.86185,00100
-97.33704,28.85836,00100
-97.36263,28.85128,00100
-97.37651,28.83900,00100
-97.38206,28.81649,00100
-97.38567,28.79399,00100
-97.37799,28.77158,00100
       </coordinates>
      </LinearRing>
     </innerBoundaryIs>
     <innerBoundaryIs>
      <LinearRing>
       <coordinates>
-97.17989,28.77303,00100
-97.18231,28.76904,00100
-97.18779,28.77298,00100
-97.18236,28.77438,00100
-97.17989,28.77303,00100
       </coordinates>
      </LinearRing>
     </innerBoundaryIs>
     <innerBoundaryIs>
      <LinearRing>
       <coordinates>
-97.07740,28.86355,00100
-97.08044,28.85717,00100
-97.09968,28.86342,00100
-97.08061,28.87960,00100
-97.07740,28.86355,00100
       </coordinates>
      </LinearRing>
     </innerBoundaryIs>
     <innerBoundaryIs>
      <LinearRing>
       <coordinates>
-97.30869,28.97437,00100
-97.31252,28.97362,00100
-97.31571,28.97432,00100
-97.33839,28.99108,00100
-97.34026,28.99660,00100
-97.35033,29.01900,00100
-97.33881,29.03270,00100
-97.31315,29.03705,00100
-97.30650,29.04181,00100
-97.29379,29.06438,00100
-97.28776,29.06948,00100
-97.28220,29.06447,00100
-97.28126,29.04200,00100
-97.27650,29.01956,00100
-97.28165,28.99705,00100
-97.28690,28.98031,00100
-97.30869,28.97437,00100
       </coordinates>
      </LinearRing>
     </innerBoundaryIs>
     <innerBoundaryIs>
      <LinearRing>
       <coordinates>
-97.12798,28.97561,00100
-97.13266,28.96901,00100
-97.13920,28.97555,00100
-97.14048,28.99801,00100
-97.14610,29.02045,00100
-97.13554,29.04299,00100
-97.13336,29.05586,00100
-97.12896,29.04302,00100
-97.12134,29.02060,00100
-97.12655,28.99810,00100
-97.12798,28.97561,00100
       </coordinates>
      </LinearRing>
     </innerBoundaryIs>
    </Polygon>
    <Polygon>
     <extrude>1</extrude>
     <altitudeMode>clampToGround</altitudeMode>
     <outerBoundaryIs>
      <LinearRing>
       <coordinates>
-97.71329,29.15048,00100
-97.70010,29.13554,00100
-97.67438,29.13585,00100
-97.66423,29.15100,00100
-97.66033,29.17352,00100
-97.67513,29.19114,00100
-97.70087,29.19096,00100
-97.71844,29.17290,00100
-97.71329,29.15048,00100
       </coordinates>
      </LinearRing>
     </outerBoundaryIs>
    </Polygon>
    <Polygon>
     <extrude>1</extrude>
     <altitudeMode>clampToGround</altitudeMode>
     <outerBoundaryIs>
      <LinearRing>
       <coordinates>
-97.43988,29.17559,00100
-97.41743,29.16951,00100
-97.40379,29.17590,00100
-97.39178,29.17880,00100
-97.36610,29.18409,00100
-97.36068,29.19872,00100
-97.35840,29.22121,00100
-97.35732,29.24370,00100
-97.35735,29.26618,00100
-97.36276,29.28861,00100
-97.36728,29.29677,00100
-97.39315,29.30515,00100
-97.41238,29.28821,00100
-97.41798,29.26569,00100
-97.41847,29.26417,00100
-97.42601,29.24314,00100
-97.43063,29.22062,00100
-97.42766,29.19817,00100
-97.43988,29.17559,00100
       </coordinates>
      </LinearRing>
     </outerBoundaryIs>
    </Polygon>
    <Polygon>
     <extrude>1</extrude>
     <altitudeMode>clampToGround</altitudeMode>
     <outerBoundaryIs>
      <LinearRing>
       <coordinates>
-97.55103,29.21954,00100
-97.54663,29.21019,00100
-97.52097,29.21749,00100
-97.52004,29.21983,00100
-97.52071,29.24231,00100
-97.51351,29.26485,00100
-97.51878,29.28728,00100
-97.52186,29.29132,00100
-97.54763,29.29097,00100
-97.55071,29.28698,00100
-97.55829,29.26443,00100
-97.55096,29.24202,00100
-97.55103,29.21954,00100
       </coordinates>
      </LinearRing>
     </outerBoundaryIs>
     <innerBoundaryIs>
      <LinearRing>
       <coordinates>
-97.12582,29.22285,00100
-97.13460,29.20839,00100
-97.15316,29.22268,00100
-97.13480,29.23271,00100
-97.12582,29.22285,00100
       </coordinates>
      </LinearRing>
     </innerBoundaryIs>
     <innerBoundaryIs>
      <LinearRing>
       <coordinates>
-97.08085,29.35798,00100
-97.08421,29.35320,00100
-97.08922,29.35793,00100
-97.08943,29.38041,00100
-97.08444,29.38454,00100
-97.08118,29.38046,00100
-97.08085,29.35798,00100
       </coordinates>
      </LinearRing>
     </innerBoundaryIs>
    </Polygon>
    <Polygon>
     <extrude>1</extrude>
     <altitudeMode>clampToGround</altitudeMode>
     <outerBoundaryIs>
      <LinearRing>
       <coordinates>
-97.36462,29.46842,00100
-97.34310,29.45225,00100
-97.31744,29.46724,00100
-97.31607,29.46880,00100
-97.31748,29.47164,00100
-97.34348,29.48917,00100
-97.36462,29.46842,00100
       </coordinates>
      </LinearRing>
     </outerBoundaryIs>
     <innerBoundaryIs>
      <LinearRing>
       <coordinates>
-97.07699,29.47039,00100
-97.08507,29.46630,00100
-97.08757,29.47033,00100
-97.08513,29.47470,00100
-97.07699,29.47039,00100
       </coordinates>
      </LinearRing>
     </innerBoundaryIs>
    </Polygon>
    <Polygon>
     <extrude>1</extrude>
     <altitudeMode>clampToGround</altitudeMode>
     <outerBoundaryIs>
      <LinearRing>
       <coordinates>
-97.30304,29.55881,00100
-97.29241,29.54806,00100
-97.26662,29.55388,00100
-97.26222,29.55911,00100
-97.25698,29.58163,00100
-97.25850,29.60410,00100
-97.26100,29.62656,00100
-97.26744,29.63941,00100
-97.28796,29.64885,00100
-97.29343,29.65250,00100
-97.30110,29.64875,00100
-97.31245,29.62618,00100
-97.31183,29.60371,00100
-97.30648,29.58127,00100
-97.30304,29.55881,00100
       </coordinates>
      </LinearRing>
     </outerBoundaryIs>
     <innerBoundaryIs>
      <LinearRing>
       <coordinates>
-97.02838,29.56057,00100
-97.03407,29.55544,00100
-97.03912,29.56051,00100
-97.03423,29.57908,00100
-97.02838,29.56057,00100
       </coordinates>
      </LinearRing>
     </innerBoundaryIs>
    </Polygon>
    <Polygon>
     <extrude>1</extrude>
     <altitudeMode>clampToGround</altitudeMode>
     <outerBoundaryIs>
      <LinearRing>
       <coordinates>
-97.20516,29.60447,00100
-97.18938,29.58510,00100
-97.16353,29.58569,00100
-97.15614,29.60479,00100
-97.15881,29.62724,00100
-97.16394,29.63448,00100
-97.18987,29.64153,00100
-97.20458,29.62695,00100
-97.20516,29.60447,00100
       </coordinates>
      </LinearRing>
     </outerBoundaryIs>
     <innerBoundaryIs>
      <LinearRing>
       <coordinates>
-96.69312,29.85417,00100
-96.69923,29.85211,00100
-96.70004,29.85415,00100
-96.70235,29.87662,00100
-96.69937,29.88963,00100
-96.68701,29.89915,00100
-96.69946,29.91204,00100
-96.70128,29.92159,00100
-96.69954,29.93583,00100
-96.68970,29.94410,00100
-96.69959,29.94848,00100
-96.70607,29.96654,00100
-96.70026,29.98904,00100
-96.69975,29.99092,00100
-96.67379,29.99050,00100
-96.67358,29.98911,00100
-96.66859,29.96664,00100
-96.66876,29.94415,00100
-96.65302,29.92171,00100
-96.66372,29.89921,00100
-96.66713,29.87672,00100
-96.67334,29.85997,00100
-96.69312,29.85417,00100
       </coordinates>
      </LinearRing>
     </innerBoundaryIs>
    </Polygon>
    <Polygon>
     <extrude>1</extrude>
     <altitudeMode>clampToGround</altitudeMode>
     <outerBoundaryIs>
      <LinearRing>
       <coordinates>
-96.88754,30.10079,00100
-96.88203,30.09539,00100
-96.87750,30.10083,00100
-96.87125,30.12333,00100
-96.88224,30.13336,00100
-96.89722,30.12322,00100
-96.88754,30.10079,00100
       </coordinates>
      </LinearRing>
     </outerBoundaryIs>
    </Polygon>
    <Polygon>
     <extrude>1</extrude>
     <altitudeMode>clampToGround</altitudeMode>
     <outerBoundaryIs>
      <LinearRing>
       <coordinates>
-96.88403,30.32562,00100
-96.88332,30.32406,00100
-96.88281,30.32562,00100
-96.88332,30.32612,00100
-96.88403,30.32562,00100
       </coordinates>
      </LinearRing>
     </outerBoundaryIs>
    </Polygon>
    <Polygon>
     <extrude>1</extrude>
     <altitudeMode>clampToGround</altitudeMode>
     <outerBoundaryIs>
      <LinearRing>
       <coordinates>
-95.79408,30.77529,00100
-95.78693,30.76029,00100
-95.77925,30.77522,00100
-95.78681,30.78162,00100
-95.79408,30.77529,00100
       </coordinates>
      </LinearRing>
     </outerBoundaryIs>
    </Polygon>
    <Polygon>
     <extrude>1</extrude>
     <altitudeMode>clampToGround</altitudeMode>
     <outerBoundaryIs>
      <LinearRing>
       <coordinates>
-95.68482,30.81976,00100
-95.68189,30.81732,00100
-95.68007,30.81973,00100
-95.68186,30.82194,00100
-95.68482,30.81976,00100
       </coordinates>
      </LinearRing>
     </outerBoundaryIs>
    </Polygon>
    <Polygon>
     <extrude>1</extrude>
     <altitudeMode>clampToGround</altitudeMode>
     <outerBoundaryIs>
      <LinearRing>
       <coordinates>
-96.33963,30.86634,00100
-96.33636,30.85970,00100
-96.33308,30.86634,00100
-96.33636,30.87203,00100
-96.33963,30.86634,00100
       </coordinates>
      </LinearRing>
     </outerBoundaryIs>
    </Polygon>
    <Polygon>
     <extrude>1</extrude>
     <altitudeMode>clampToGround</altitudeMode>
     <outerBoundaryIs>
      <LinearRing>
       <coordinates>
-96.34029,31.24853,00100
-96.33636,31.24518,00100
-96.33242,31.24853,00100
-96.32009,31.27101,00100
-96.33636,31.28761,00100
-96.35264,31.27101,00100
-96.34029,31.24853,00100
       </coordinates>
      </LinearRing>
     </outerBoundaryIs>
    </Polygon>
   </MultiGeometry>
  </Placemark>
  <Placemark>
   <name>Contour Level: 1.0E-14 mass/m3</name>
   <Snippet maxLines="0"></Snippet>
   <TimeSpan>
    <begin>2026-01-25T09:00:00Z</begin>
    <end>2026-01-25T10:00:00Z</end>
   </TimeSpan>
   <styleUrl>#conc3</styleUrl>
   <MultiGeometry>
    <Polygon>
     <extrude>1</extrude>
     <altitudeMode>clampToGround</altitudeMode>
     <outerBoundaryIs>
      <LinearRing>
       <coordinates>
-97.17743,28.09905,00300
-97.17661,28.09877,00300
-97.15111,28.09510,00300
-97.12563,28.09203,00300
-97.10015,28.09007,00300
-97.07468,28.08913,00300
-97.04922,28.08854,00300
-97.02377,28.09032,00300
-96.99834,28.09504,00300
-96.97290,28.09834,00300
-96.94745,28.10022,00300
-96.94646,28.10036,00300
-96.92201,28.10460,00300
-96.89659,28.11112,00300
-96.87119,28.12233,00300
-96.87049,28.12316,00300
-96.85992,28.14567,00300
-96.85374,28.16815,00300
-96.84604,28.18488,00300
-96.84239,28.19067,00300
-96.84332,28.21312,00300
-96.83485,28.23562,00300
-96.82880,28.25811,00300
-96.82100,28.27568,00300
-96.81934,28.28060,00300
-96.80331,28.30313,00300
-96.79568,28.31648,00300
-96.77251,28.32570,00300
-96.77020,28.32615,00300
-96.74474,28.33851,00300
-96.71924,28.34541,00300
-96.70721,28.34837,00300
-96.69373,28.35266,00300
-96.67452,28.37093,00300
-96.67364,28.39339,00300
-96.66839,28.40482,00300
-96.66538,28.41589,00300
-96.66448,28.43835,00300
-96.66075,28.46083,00300
-96.65253,28.48331,00300
-96.64313,28.49629,00300
-96.63366,28.50583,00300
-96.62276,28.52832,00300
-96.61808,28.55080,00300
-96.61772,28.55319,00300
-96.61502,28.57327,00300
-96.61781,28.58158,00300
-96.62215,28.59573,00300
-96.62578,28.61819,00300
-96.62099,28.64067,00300
-96.61800,28.64789,00300
-96.61250,28.66315,00300
-96.60533,28.68564,00300
-96.60247,28.70811,00300
-96.60011,28.73059,00300
-96.59266,28.75194,00300
-96.59177,28.75308,00300
-96.59269,28.76169,00300
-96.59342,28.77555,00300
-96.59273,28.77688,00300
-96.57224,28.79806,00300
-96.56715,28.80489,00300
-96.55441,28.82056,00300
-96.54156,28.82920,00300
-96.52454,28.84307,00300
-96.51595,28.85310,00300
-96.51063,28.86557,00300
-96.50220,28.88805,00300
-96.49741,28.91053,00300
-96.49512,28.93300,00300
-96.49818,28.95547,00300
-96.49841,28.97795,00300
-96.49052,28.99857,00300
-96.48902,29.00043,00300
-96.49053,29.00305,00300
-96.49380,29.02290,00300
-96.49058,29.03049,00300
-96.46827,29.04540,00300
-96.46490,29.05297,00300
-96.43919,29.05727,00300
-96.43366,29.06791,00300
-96.43216,29.09038,00300
-96.43925,29.10560,00300
-96.44199,29.11285,00300
-96.43926,29.11738,00300
-96.42721,29.13533,00300
-96.41968,29.15782,00300
-96.41586,29.18029,00300
-96.41360,29.20046,00300
-96.41331,29.20277,00300
-96.40929,29.22525,00300
-96.40458,29.24773,00300
-96.40266,29.27020,00300
-96.39668,29.29268,00300
-96.39977,29.31516,00300
-96.38990,29.33764,00300
-96.39156,29.36011,00300
-96.38794,29.37308,00300
-96.37596,29.38260,00300
-96.36216,29.39738,00300
-96.35542,29.40508,00300
-96.34386,29.42756,00300
-96.33636,29.44879,00300
-96.33532,29.45004,00300
-96.31943,29.47251,00300
-96.31053,29.48965,00300
-96.30888,29.49499,00300
-96.30435,29.51746,00300
-96.30082,29.53994,00300
-96.30028,29.56242,00300
-96.29775,29.58490,00300
-96.29436,29.60738,00300
-96.29050,29.62985,00300
-96.28463,29.64522,00300
-96.27591,29.65233,00300
-96.26720,29.67480,00300
-96.26900,29.69728,00300
-96.26358,29.71976,00300
-96.25870,29.73032,00300
-96.25483,29.74223,00300
-96.25195,29.76471,00300
-96.24518,29.78719,00300
-96.24125,29.80967,00300
-96.23918,29.83214,00300
-96.23783,29.85462,00300
-96.23730,29.87710,00300
-96.23946,29.89959,00300
-96.24085,29.92207,00300
-96.23991,29.94455,00300
-96.24025,29.96703,00300
-96.23940,29.98951,00300
-96.23977,30.01199,00300
-96.23927,30.03447,00300
-96.23951,30.05695,00300
-96.23931,30.07943,00300
-96.23875,30.10192,00300
-96.23898,30.12439,00300
-96.23854,30.14687,00300
-96.23941,30.16936,00300
-96.23875,30.19184,00300
-96.23943,30.21432,00300
-96.23883,30.23680,00300
-96.23905,30.25928,00300
-96.23916,30.28176,00300
-96.23949,30.30425,00300
-96.24104,30.32673,00300
-96.24165,30.34921,00300
-96.24528,30.37170,00300
-96.24450,30.39418,00300
-96.24660,30.41666,00300
-96.24794,30.43915,00300
-96.25187,30.46163,00300
-96.25809,30.47874,00300
-96.26001,30.48412,00300
-96.28417,30.50316,00300
-96.28426,30.50661,00300
-96.28429,30.52910,00300
-96.28436,30.55158,00300
-96.28436,30.57406,00300
-96.28436,30.59654,00300
-96.28438,30.61903,00300
-96.28458,30.64151,00300
-96.28542,30.66399,00300
-96.31021,30.68533,00300
-96.33636,30.67744,00300
-96.36250,30.68533,00300
-96.38729,30.66399,00300
-96.38813,30.64151,00300
-96.38834,30.61903,00300
-96.38835,30.59654,00300
-96.38835,30.57406,00300
-96.38832,30.55158,00300
-96.38825,30.52910,00300
-96.38820,30.50661,00300
-96.38837,30.48413,00300
-96.38845,30.46165,00300
-96.38852,30.45596,00300
-96.40388,30.43916,00300
-96.41457,30.42654,00300
-96.41967,30.41667,00300
-96.42774,30.39418,00300
-96.42975,30.37170,00300
-96.43403,30.34921,00300
-96.43510,30.32673,00300
-96.43598,30.30425,00300
-96.43638,30.28176,00300
-96.43678,30.25928,00300
-96.43779,30.23680,00300
-96.43835,30.21432,00300
-96.43908,30.19183,00300
-96.44035,30.16935,00300
-96.44037,30.16625,00300
-96.44304,30.14687,00300
-96.45586,30.12437,00300
-96.46154,30.10189,00300
-96.46626,30.08288,00300
-96.46735,30.07940,00300
-96.48260,30.05691,00300
-96.49218,30.04163,00300
-96.51762,30.03438,00300
-96.51814,30.03417,00300
-96.54409,30.02910,00300
-96.55585,30.01184,00300
-96.56216,29.98935,00300
-96.56611,29.96686,00300
-96.56989,29.96053,00300
-96.58638,29.94434,00300
-96.59577,29.93532,00300
-96.60337,29.92183,00300
-96.61366,29.89933,00300
-96.62156,29.88187,00300
-96.62518,29.87682,00300
-96.63713,29.85431,00300
-96.64735,29.83763,00300
-96.65067,29.83180,00300
-96.65739,29.80930,00300
-96.67310,29.79152,00300
-96.68666,29.78674,00300
-96.69896,29.77981,00300
-96.70845,29.76420,00300
-96.69887,29.75459,00300
-96.67296,29.74883,00300
-96.66304,29.74185,00300
-96.65887,29.71938,00300
-96.65871,29.69690,00300
-96.66242,29.67441,00300
-96.67264,29.65765,00300
-96.69853,29.66434,00300
-96.70573,29.67429,00300
-96.72131,29.69673,00300
-96.72457,29.70615,00300
-96.75045,29.70525,00300
-96.75499,29.69662,00300
-96.76382,29.67411,00300
-96.77362,29.65161,00300
-96.77589,29.62911,00300
-96.77597,29.62572,00300
-96.77827,29.60663,00300
-96.77588,29.60488,00300
-96.77010,29.58418,00300
-96.76657,29.56171,00300
-96.77560,29.54275,00300
-96.78741,29.53916,00300
-96.80138,29.53124,00300
-96.81430,29.51659,00300
-96.81150,29.49412,00300
-96.81004,29.47164,00300
-96.80902,29.44917,00300
-96.81057,29.42669,00300
-96.82217,29.40417,00300
-96.82657,29.40202,00300
-96.83935,29.40410,00300
-96.85241,29.40912,00300
-96.86494,29.42648,00300
-96.86225,29.44897,00300
-96.85935,29.47145,00300
-96.85320,29.49396,00300
-96.85460,29.51643,00300
-96.85994,29.53889,00300
-96.87897,29.54583,00300
-96.89708,29.53873,00300
-96.90473,29.53400,00300
-96.91303,29.51618,00300
-96.91979,29.49368,00300
-96.92735,29.47116,00300
-96.93014,29.46206,00300
-96.93742,29.44864,00300
-96.92994,29.43003,00300
-96.92905,29.42620,00300
-96.92988,29.41919,00300
-96.93555,29.40369,00300
-96.92977,29.40157,00300
-96.92314,29.38127,00300
-96.92329,29.35879,00300
-96.92937,29.33683,00300
-96.93277,29.33627,00300
-96.92937,29.33518,00300
-96.92575,29.31383,00300
-96.92917,29.30269,00300
-96.95496,29.30587,00300
-96.95734,29.31368,00300
-96.95898,29.33615,00300
-96.96180,29.35861,00300
-96.96351,29.38108,00300
-96.98135,29.39837,00300
-96.99548,29.40340,00300
-97.00724,29.41133,00300
-97.02098,29.42575,00300
-97.03319,29.43239,00300
-97.04533,29.42562,00300
-97.04919,29.40311,00300
-97.04919,29.38064,00300
-97.05008,29.35815,00300
-97.05312,29.33566,00300
-97.05816,29.31808,00300
-97.05959,29.31314,00300
-97.05805,29.30391,00300
-97.04620,29.29074,00300
-97.03216,29.28747,00300
-97.01434,29.26844,00300
-97.00742,29.24600,00300
-97.00605,29.23715,00300
-97.00263,29.22355,00300
-96.98008,29.20555,00300
-96.96983,29.22371,00300
-96.95691,29.24625,00300
-96.95462,29.25137,00300
-96.95141,29.24628,00300
-96.92879,29.23972,00300
-96.92305,29.22393,00300
-96.92819,29.20143,00300
-96.92855,29.20041,00300
-96.95277,29.17884,00300
-96.94715,29.15639,00300
-96.92823,29.14655,00300
-96.92115,29.13404,00300
-96.92125,29.11157,00300
-96.92794,29.09936,00300
-96.94479,29.08898,00300
-96.95351,29.07505,00300
-96.96635,29.06640,00300
-96.97912,29.05838,00300
-97.00008,29.06623,00300
-96.99004,29.08876,00300
-96.97943,29.10632,00300
-96.97755,29.11130,00300
-96.97952,29.11909,00300
-96.99377,29.13369,00300
-97.00537,29.13758,00300
-97.03118,29.14946,00300
-97.05685,29.14091,00300
-97.06942,29.13328,00300
-97.07709,29.11076,00300
-97.06236,29.08837,00300
-97.05785,29.06592,00300
-97.05627,29.06055,00300
-97.03793,29.04355,00300
-97.03041,29.03993,00300
-97.01019,29.02123,00300
-97.00452,29.01391,00300
-96.99467,28.99884,00300
-96.97865,28.98626,00300
-96.97392,28.97647,00300
-96.97845,28.95499,00300
-96.97907,28.95397,00300
-96.99102,28.93144,00300
-97.00385,28.91395,00300
-97.00655,28.90888,00300
-97.02937,28.89163,00300
-97.03917,28.88623,00300
-97.05269,28.86369,00300
-97.05011,28.84123,00300
-97.05321,28.81874,00300
-97.04907,28.79630,00300
-97.02855,28.77580,00300
-97.02786,28.77394,00300
-97.02851,28.77067,00300
-97.05116,28.75134,00300
-97.05398,28.74702,00300
-97.07964,28.75095,00300
-97.10522,28.74507,00300
-97.13078,28.73603,00300
-97.14190,28.72833,00300
-97.15062,28.70580,00300
-97.15140,28.68333,00300
-97.15583,28.66688,00300
-97.15722,28.66082,00300
-97.15904,28.63834,00300
-97.16493,28.61583,00300
-97.18085,28.59749,00300
-97.19618,28.59316,00300
-97.20635,28.58760,00300
-97.23189,28.58172,00300
-97.24037,28.57039,00300
-97.24478,28.54789,00300
-97.24771,28.52540,00300
-97.24920,28.50292,00300
-97.25220,28.48043,00300
-97.25274,28.45796,00300
-97.25127,28.43550,00300
-97.25372,28.41302,00300
-97.25285,28.39056,00300
-97.25560,28.38040,00300
-97.25802,28.36805,00300
-97.25532,28.35045,00300
-97.25423,28.34562,00300
-97.25521,28.33889,00300
-97.25700,28.32313,00300
-97.25491,28.30532,00300
-97.25417,28.30068,00300
-97.25481,28.29578,00300
-97.25652,28.27820,00300
-97.25498,28.25575,00300
-97.25434,28.24466,00300
-97.25361,28.23329,00300
-97.25388,28.21083,00300
-97.24816,28.18841,00300
-97.24471,28.16597,00300
-97.23605,28.14357,00300
-97.22781,28.13063,00300
-97.22009,28.12122,00300
-97.20215,28.10834,00300
-97.17743,28.09905,00300
       </coordinates>
      </LinearRing>
     </outerBoundaryIs>
    </Polygon>
    <Polygon>
     <extrude>1</extrude>
     <altitudeMode>clampToGround</altitudeMode>
     <outerBoundaryIs>
      <LinearRing>
       <coordinates>
-97.44023,28.70364,00300
-97.43792,28.70155,00300
-97.43433,28.70369,00300
-97.42608,28.72623,00300
-97.43839,28.74391,00300
-97.44810,28.72604,00300
-97.44023,28.70364,00300
       </coordinates>
      </LinearRing>
     </outerBoundaryIs>
    </Polygon>
    <Polygon>
     <extrude>1</extrude>
     <altitudeMode>clampToGround</altitudeMode>
     <outerBoundaryIs>
      <LinearRing>
       <coordinates>
-97.34249,28.81680,00300
-97.33650,28.80530,00300
-97.32919,28.81691,00300
-97.33668,28.82331,00300
-97.34249,28.81680,00300
       </coordinates>
      </LinearRing>
     </outerBoundaryIs>
    </Polygon>
    <Polygon>
     <extrude>1</extrude>
     <altitudeMode>clampToGround</altitudeMode>
     <outerBoundaryIs>
      <LinearRing>
       <coordinates>
-97.23305,28.86255,00300
-97.20869,28.85327,00300
-97.18293,28.84083,00300
-97.16695,28.86300,00300
-97.16950,28.88546,00300
-97.18305,28.90784,00300
-97.18352,28.90872,00300
-97.18394,28.90784,00300
-97.20901,28.88867,00300
-97.21603,28.88515,00300
-97.23305,28.86255,00300
       </coordinates>
      </LinearRing>
     </outerBoundaryIs>
    </Polygon>
    <Polygon>
     <extrude>1</extrude>
     <altitudeMode>clampToGround</altitudeMode>
     <outerBoundaryIs>
      <LinearRing>
       <coordinates>
-97.18537,29.02019,00300
-97.18447,29.01980,00300
-97.18421,29.02020,00300
-97.18449,29.02143,00300
-97.18537,29.02019,00300
       </coordinates>
      </LinearRing>
     </outerBoundaryIs>
    </Polygon>
    <Polygon>
     <extrude>1</extrude>
     <altitudeMode>clampToGround</altitudeMode>
     <outerBoundaryIs>
      <LinearRing>
       <coordinates>
-97.19689,29.06507,00300
-97.18475,29.05267,00300
-97.17889,29.06519,00300
-97.18493,29.07314,00300
-97.19689,29.06507,00300
       </coordinates>
      </LinearRing>
     </outerBoundaryIs>
    </Polygon>
    <Polygon>
     <extrude>1</extrude>
     <altitudeMode>clampToGround</altitudeMode>
     <outerBoundaryIs>
      <LinearRing>
       <coordinates>
-97.13469,29.17784,00300
-97.13434,29.17600,00300
-97.13403,29.17785,00300
-97.13435,29.17800,00300
-97.13469,29.17784,00300
       </coordinates>
      </LinearRing>
     </outerBoundaryIs>
    </Polygon>
    <Polygon>
     <extrude>1</extrude>
     <altitudeMode>clampToGround</altitudeMode>
     <outerBoundaryIs>
      <LinearRing>
       <coordinates>
-97.08458,29.24557,00300
-97.08335,29.24166,00300
-97.08154,29.24559,00300
-97.06708,29.26815,00300
-97.08371,29.28843,00300
-97.10084,29.26796,00300
-97.08458,29.24557,00300
       </coordinates>
      </LinearRing>
     </outerBoundaryIs>
    </Polygon>
    <Polygon>
     <extrude>1</extrude>
     <altitudeMode>clampToGround</altitudeMode>
     <outerBoundaryIs>
      <LinearRing>
       <coordinates>
-97.14879,29.35757,00300
-97.13571,29.34486,00300
-97.12820,29.35769,00300
-97.12946,29.38017,00300
-97.13605,29.38622,00300
-97.14510,29.38007,00300
-97.14879,29.35757,00300
       </coordinates>
      </LinearRing>
     </outerBoundaryIs>
    </Polygon>
    <Polygon>
     <extrude>1</extrude>
     <altitudeMode>clampToGround</altitudeMode>
     <outerBoundaryIs>
      <LinearRing>
       <coordinates>
-97.13805,29.47002,00300
-97.13673,29.46881,00300
-97.13593,29.47004,00300
-97.13675,29.47166,00300
-97.13805,29.47002,00300
       </coordinates>
      </LinearRing>
     </outerBoundaryIs>
    </Polygon>
    <Polygon>
     <extrude>1</extrude>
     <altitudeMode>clampToGround</altitudeMode>
     <outerBoundaryIs>
      <LinearRing>
       <coordinates>
-96.98981,29.62821,00300
-96.98277,29.61285,00300
-96.98062,29.62826,00300
-96.98291,29.63531,00300
-96.98981,29.62821,00300
       </coordinates>
      </LinearRing>
     </outerBoundaryIs>
     <innerBoundaryIs>
      <LinearRing>
       <coordinates>
-96.54340,29.87697,00300
-96.54376,29.87511,00300
-96.54433,29.87697,00300
-96.54377,29.87753,00300
-96.54340,29.87697,00300
       </coordinates>
      </LinearRing>
     </innerBoundaryIs>
    </Polygon>
   </MultiGeometry>
  </Placemark>
  <Placemark>
   <name>Contour Level: 3.2E-14 mass/m3</name>
   <Snippet maxLines="0"></Snippet>
   <TimeSpan>
    <begin>2026-01-25T09:00:00Z</begin>
    <end>2026-01-25T10:00:00Z</end>
   </TimeSpan>
   <styleUrl>#conc4</styleUrl>
   <MultiGeometry>
    <Polygon>
     <extrude>1</extrude>
     <altitudeMode>clampToGround</altitudeMode>
     <outerBoundaryIs>
      <LinearRing>
       <coordinates>
-96.85590,28.66240,00500
-96.84842,28.64622,00500
-96.82281,28.64394,00500
-96.80655,28.66259,00500
-96.79730,28.66551,00500
-96.77171,28.66781,00500
-96.74615,28.67979,00500
-96.74346,28.68528,00500
-96.74619,28.69094,00500
-96.74821,28.70773,00500
-96.74633,28.72465,00500
-96.74306,28.73022,00500
-96.72263,28.75275,00500
-96.72083,28.75560,00500
-96.71616,28.75277,00500
-96.69513,28.73797,00500
-96.68394,28.75286,00500
-96.66960,28.76534,00500
-96.66588,28.77538,00500
-96.65343,28.79788,00500
-96.64993,28.82036,00500
-96.64418,28.83353,00500
-96.63689,28.84286,00500
-96.63493,28.86534,00500
-96.62878,28.88782,00500
-96.63094,28.91029,00500
-96.61890,28.93279,00500
-96.61881,28.93289,00500
-96.59319,28.95271,00500
-96.58862,28.95533,00500
-96.56755,28.97232,00500
-96.56414,28.97785,00500
-96.54192,28.99747,00500
-96.53927,29.00036,00500
-96.53369,29.02284,00500
-96.53097,29.04532,00500
-96.54205,29.06112,00500
-96.54398,29.06778,00500
-96.54207,29.07264,00500
-96.52614,29.09028,00500
-96.52387,29.11276,00500
-96.51644,29.11911,00500
-96.49824,29.13527,00500
-96.49075,29.14003,00500
-96.47186,29.15777,00500
-96.46506,29.17521,00500
-96.46325,29.18025,00500
-96.45969,29.20273,00500
-96.45411,29.22521,00500
-96.44302,29.24770,00500
-96.44469,29.27018,00500
-96.43943,29.28159,00500
-96.43171,29.29266,00500
-96.43687,29.31513,00500
-96.42157,29.33762,00500
-96.41386,29.36010,00500
-96.41373,29.36047,00500
-96.40566,29.38258,00500
-96.39495,29.40507,00500
-96.39175,29.42755,00500
-96.38797,29.43318,00500
-96.37072,29.45003,00500
-96.36217,29.46876,00500
-96.36008,29.47251,00500
-96.35294,29.49499,00500
-96.34202,29.51747,00500
-96.34178,29.53995,00500
-96.33636,29.56005,00500
-96.33518,29.56242,00500
-96.33636,29.57375,00500
-96.33678,29.58491,00500
-96.33636,29.58751,00500
-96.32777,29.60738,00500
-96.31901,29.62986,00500
-96.31049,29.64128,00500
-96.30578,29.65234,00500
-96.29694,29.67481,00500
-96.29488,29.69729,00500
-96.29142,29.71977,00500
-96.28903,29.74225,00500
-96.28457,29.75755,00500
-96.27902,29.76473,00500
-96.27835,29.78720,00500
-96.26766,29.80968,00500
-96.26325,29.83216,00500
-96.25903,29.85464,00500
-96.25859,29.86306,00500
-96.25776,29.87711,00500
-96.25725,29.89960,00500
-96.25855,29.91174,00500
-96.25938,29.92208,00500
-96.25854,29.93119,00500
-96.25695,29.94456,00500
-96.25851,29.96252,00500
-96.25880,29.96704,00500
-96.25851,29.96951,00500
-96.25547,29.98952,00500
-96.25639,30.01200,00500
-96.25455,30.03448,00500
-96.25484,30.05696,00500
-96.25417,30.07944,00500
-96.25245,30.10193,00500
-96.25324,30.12440,00500
-96.25190,30.14688,00500
-96.25470,30.16937,00500
-96.25267,30.19184,00500
-96.25484,30.21433,00500
-96.25302,30.23681,00500
-96.25377,30.25929,00500
-96.25417,30.28177,00500
-96.25525,30.30426,00500
-96.25822,30.31874,00500
-96.25950,30.32675,00500
-96.26289,30.34923,00500
-96.26785,30.37171,00500
-96.27306,30.39420,00500
-96.27183,30.41668,00500
-96.28185,30.43917,00500
-96.28420,30.44652,00500
-96.28434,30.46165,00500
-96.28457,30.48413,00500
-96.28508,30.50661,00500
-96.28497,30.52910,00500
-96.28491,30.55158,00500
-96.28487,30.57406,00500
-96.28488,30.59654,00500
-96.28495,30.61903,00500
-96.28565,30.64151,00500
-96.28831,30.66400,00500
-96.31021,30.68285,00500
-96.33532,30.66400,00500
-96.33636,30.66385,00500
-96.33739,30.66400,00500
-96.36250,30.68285,00500
-96.38441,30.66400,00500
-96.38707,30.64151,00500
-96.38776,30.61903,00500
-96.38783,30.59654,00500
-96.38785,30.57406,00500
-96.38777,30.55158,00500
-96.38759,30.52910,00500
-96.38737,30.50661,00500
-96.38747,30.48413,00500
-96.38742,30.46165,00500
-96.38768,30.43917,00500
-96.38795,30.41669,00500
-96.38849,30.40280,00500
-96.39781,30.39420,00500
-96.41032,30.37171,00500
-96.41452,30.36000,00500
-96.41927,30.34922,00500
-96.42120,30.32674,00500
-96.42422,30.30426,00500
-96.42462,30.28177,00500
-96.42574,30.25929,00500
-96.42789,30.23681,00500
-96.42831,30.21432,00500
-96.42974,30.19184,00500
-96.42949,30.16936,00500
-96.43196,30.14688,00500
-96.43328,30.12439,00500
-96.43459,30.10192,00500
-96.43564,30.07943,00500
-96.43679,30.05695,00500
-96.44023,30.03789,00500
-96.44419,30.03446,00500
-96.45691,30.01197,00500
-96.46614,29.99491,00500
-96.46851,29.98948,00500
-96.47562,29.96699,00500
-96.48393,29.94450,00500
-96.49091,29.92201,00500
-96.49197,29.91443,00500
-96.49795,29.89952,00500
-96.50850,29.87703,00500
-96.51355,29.85454,00500
-96.51777,29.84024,00500
-96.52135,29.83205,00500
-96.52923,29.80956,00500
-96.53893,29.78706,00500
-96.54353,29.76830,00500
-96.54586,29.76457,00500
-96.54651,29.74209,00500
-96.55466,29.71960,00500
-96.56927,29.70399,00500
-96.57719,29.69708,00500
-96.59511,29.68368,00500
-96.60116,29.67455,00500
-96.59616,29.65208,00500
-96.59501,29.64846,00500
-96.58417,29.62962,00500
-96.58944,29.60714,00500
-96.59488,29.59947,00500
-96.60654,29.58462,00500
-96.61958,29.56211,00500
-96.62062,29.56035,00500
-96.63214,29.53961,00500
-96.63775,29.51712,00500
-96.64629,29.50647,00500
-96.67210,29.50109,00500
-96.68107,29.49453,00500
-96.69788,29.48594,00500
-96.70837,29.47197,00500
-96.70370,29.44952,00500
-96.69766,29.42811,00500
-96.69739,29.42706,00500
-96.69765,29.42571,00500
-96.70161,29.40456,00500
-96.71509,29.38205,00500
-96.71863,29.35956,00500
-96.72314,29.34698,00500
-96.73127,29.33704,00500
-96.73865,29.31454,00500
-96.74777,29.29204,00500
-96.74870,29.29067,00500
-96.76162,29.26952,00500
-96.74851,29.24751,00500
-96.74821,29.24709,00500
-96.72266,29.22486,00500
-96.72261,29.22469,00500
-96.72266,29.22430,00500
-96.73315,29.20218,00500
-96.73363,29.17970,00500
-96.74817,29.16406,00500
-96.76707,29.17960,00500
-96.77401,29.18805,00500
-96.79972,29.18149,00500
-96.80135,29.17948,00500
-96.82022,29.15693,00500
-96.82531,29.15003,00500
-96.83527,29.13440,00500
-96.84161,29.11190,00500
-96.84603,29.08941,00500
-96.85063,29.07139,00500
-96.87637,29.07615,00500
-96.88517,29.06677,00500
-96.87623,29.05053,00500
-96.86256,29.04439,00500
-96.85775,29.02194,00500
-96.85551,28.99947,00500
-96.85860,28.97699,00500
-96.85456,28.95453,00500
-96.84999,28.94820,00500
-96.83593,28.93213,00500
-96.82413,28.91251,00500
-96.82361,28.90971,00500
-96.82403,28.89227,00500
-96.82460,28.88723,00500
-96.82401,28.88652,00500
-96.81561,28.86479,00500
-96.82079,28.84230,00500
-96.81813,28.81985,00500
-96.82357,28.79947,00500
-96.82487,28.79735,00500
-96.82355,28.79488,00500
-96.81990,28.77489,00500
-96.82335,28.75365,00500
-96.82399,28.75240,00500
-96.82332,28.74797,00500
-96.82216,28.72994,00500
-96.82127,28.70747,00500
-96.82307,28.69827,00500
-96.84133,28.68493,00500
-96.84856,28.67439,00500
-96.85590,28.66240,00500
       </coordinates>
      </LinearRing>
     </outerBoundaryIs>
    </Polygon>
    <Polygon>
     <extrude>1</extrude>
     <altitudeMode>clampToGround</altitudeMode>
     <outerBoundaryIs>
      <LinearRing>
       <coordinates>
-96.94647,28.86424,00500
-96.92650,28.85897,00500
-96.91930,28.86436,00500
-96.92664,28.88331,00500
-96.94647,28.86424,00500
       </coordinates>
      </LinearRing>
     </outerBoundaryIs>
    </Polygon>
   </MultiGeometry>
  </Placemark>
  <Placemark>
   <name>Contour Level: 1.0E-13 mass/m3</name>
   <Snippet maxLines="0"></Snippet>
   <TimeSpan>
    <begin>2026-01-25T09:00:00Z</begin>
    <end>2026-01-25T10:00:00Z</end>
   </TimeSpan>
   <styleUrl>#conc5</styleUrl>
   <MultiGeometry>
    <Polygon>
     <extrude>1</extrude>
     <altitudeMode>clampToGround</altitudeMode>
     <outerBoundaryIs>
      <LinearRing>
       <coordinates>
-96.60733,29.15756,00700
-96.59367,29.13615,00700
-96.57825,29.15762,00700
-96.56802,29.17346,00700
-96.56573,29.18011,00700
-96.55569,29.20261,00700
-96.55078,29.22509,00700
-96.54243,29.24300,00700
-96.53992,29.24758,00700
-96.53070,29.27007,00700
-96.53233,29.29255,00700
-96.53355,29.31502,00700
-96.51682,29.32401,00700
-96.49345,29.33755,00700
-96.49106,29.33903,00700
-96.48529,29.36004,00700
-96.47562,29.38253,00700
-96.46535,29.39694,00700
-96.46073,29.40502,00700
-96.45177,29.42751,00700
-96.43960,29.43998,00700
-96.43170,29.45000,00700
-96.42181,29.47248,00700
-96.41467,29.49497,00700
-96.41383,29.49719,00700
-96.40751,29.51745,00700
-96.39514,29.53993,00700
-96.39006,29.56241,00700
-96.38805,29.56645,00700
-96.37864,29.58490,00700
-96.36742,29.60738,00700
-96.36222,29.62481,00700
-96.36083,29.62986,00700
-96.35575,29.65234,00700
-96.34830,29.67482,00700
-96.33977,29.69730,00700
-96.33636,29.70191,00700
-96.32314,29.71978,00700
-96.32189,29.74226,00700
-96.31441,29.76474,00700
-96.31046,29.78692,00700
-96.31040,29.78721,00700
-96.30854,29.80970,00700
-96.30373,29.83217,00700
-96.29862,29.85465,00700
-96.29399,29.87713,00700
-96.29319,29.89961,00700
-96.29032,29.92209,00700
-96.29166,29.94457,00700
-96.28958,29.96705,00700
-96.29062,29.98954,00700
-96.28811,30.01201,00700
-96.28890,30.03450,00700
-96.28800,30.05698,00700
-96.28742,30.07945,00700
-96.28712,30.10194,00700
-96.28490,30.12442,00700
-96.28703,30.14690,00700
-96.28519,30.16938,00700
-96.28678,30.19187,00700
-96.28546,30.21434,00700
-96.28622,30.23683,00700
-96.28531,30.25931,00700
-96.28558,30.28179,00700
-96.28639,30.30428,00700
-96.28616,30.32676,00700
-96.28767,30.34924,00700
-96.28746,30.37172,00700
-96.28770,30.39420,00700
-96.28732,30.41669,00700
-96.28748,30.43917,00700
-96.28766,30.46165,00700
-96.28748,30.48413,00700
-96.28768,30.50661,00700
-96.28707,30.52910,00700
-96.28663,30.55158,00700
-96.28645,30.57406,00700
-96.28654,30.59654,00700
-96.28677,30.61903,00700
-96.28901,30.64151,00700
-96.29745,30.66400,00700
-96.31022,30.67498,00700
-96.32484,30.66400,00700
-96.33636,30.66231,00700
-96.34786,30.66400,00700
-96.36250,30.67499,00700
-96.37527,30.66400,00700
-96.38371,30.64151,00700
-96.38594,30.61903,00700
-96.38618,30.59654,00700
-96.38627,30.57406,00700
-96.38605,30.55158,00700
-96.38548,30.52910,00700
-96.38478,30.50661,00700
-96.38459,30.48413,00700
-96.38416,30.46165,00700
-96.38438,30.43917,00700
-96.38428,30.41669,00700
-96.38493,30.39420,00700
-96.38647,30.37172,00700
-96.38638,30.34924,00700
-96.38845,30.33067,00700
-96.39097,30.32676,00700
-96.38861,30.30428,00700
-96.39175,30.28179,00700
-96.39421,30.25931,00700
-96.39716,30.23683,00700
-96.40213,30.21434,00700
-96.39792,30.19186,00700
-96.40164,30.16938,00700
-96.40305,30.14689,00700
-96.40833,30.12441,00700
-96.41196,30.10193,00700
-96.41380,30.07944,00700
-96.41429,30.07550,00700
-96.41711,30.05696,00700
-96.42038,30.03448,00700
-96.42255,30.01200,00700
-96.42693,29.98952,00700
-96.43109,29.96703,00700
-96.43345,29.94455,00700
-96.44012,29.93002,00700
-96.44516,29.92206,00700
-96.44222,29.89958,00700
-96.45026,29.87709,00700
-96.45445,29.85460,00700
-96.46294,29.83212,00700
-96.46590,29.81671,00700
-96.46766,29.80964,00700
-96.47329,29.78715,00700
-96.48342,29.76465,00700
-96.49171,29.74596,00700
-96.49296,29.74216,00700
-96.50429,29.71967,00700
-96.50408,29.69719,00700
-96.50695,29.67471,00700
-96.50813,29.65223,00700
-96.51004,29.62975,00700
-96.51250,29.60726,00700
-96.51731,29.59122,00700
-96.52090,29.58477,00700
-96.52856,29.56228,00700
-96.54305,29.53995,00700
-96.54316,29.53978,00700
-96.55865,29.51727,00700
-96.56470,29.49479,00700
-96.56534,29.47231,00700
-96.56868,29.45222,00700
-96.56953,29.44983,00700
-96.56866,29.44141,00700
-96.56742,29.42735,00700
-96.56860,29.41619,00700
-96.57106,29.40487,00700
-96.59315,29.38235,00700
-96.59431,29.38068,00700
-96.59992,29.35986,00700
-96.60458,29.33737,00700
-96.60943,29.31488,00700
-96.59408,29.29307,00700
-96.59234,29.29244,00700
-96.57848,29.26999,00700
-96.59399,29.25820,00700
-96.59663,29.24748,00700
-96.60924,29.22498,00700
-96.61028,29.20250,00700
-96.60889,29.18003,00700
-96.60733,29.15756,00700
       </coordinates>
      </LinearRing>
     </outerBoundaryIs>
    </Polygon>
   </MultiGeometry>
  </Placemark>
  <Placemark>
   <name>Contour Level: 3.2E-13 mass/m3</name>
   <Snippet maxLines="0"></Snippet>
   <TimeSpan>
    <begin>2026-01-25T09:00:00Z</begin>
    <end>2026-01-25T10:00:00Z</end>
   </TimeSpan>
   <styleUrl>#conc6</styleUrl>
   <MultiGeometry>
    <Polygon>
     <extrude>1</extrude>
     <altitudeMode>clampToGround</altitudeMode>
     <outerBoundaryIs>
      <LinearRing>
       <coordinates>
-96.34321,29.92210,00900
-96.33636,29.91715,00900
-96.33368,29.92210,00900
-96.33636,29.93015,00900
-96.34321,29.92210,00900
       </coordinates>
      </LinearRing>
     </outerBoundaryIs>
    </Polygon>
    <Polygon>
     <extrude>1</extrude>
     <altitudeMode>clampToGround</altitudeMode>
     <outerBoundaryIs>
      <LinearRing>
       <coordinates>
-96.34701,29.96706,00900
-96.33636,29.95710,00900
-96.33262,29.96706,00900
-96.33636,29.98081,00900
-96.34701,29.96706,00900
       </coordinates>
      </LinearRing>
     </outerBoundaryIs>
    </Polygon>
    <Polygon>
     <extrude>1</extrude>
     <altitudeMode>clampToGround</altitudeMode>
     <outerBoundaryIs>
      <LinearRing>
       <coordinates>
-96.35226,30.01202,00900
-96.33636,29.99566,00900
-96.33006,30.01202,00900
-96.33278,30.03451,00900
-96.32825,30.05699,00900
-96.32651,30.07947,00900
-96.32565,30.10195,00900
-96.32021,30.12443,00900
-96.31646,30.14691,00900
-96.31112,30.16939,00900
-96.31035,30.17685,00900
-96.30894,30.19187,00900
-96.30793,30.21435,00900
-96.30517,30.23684,00900
-96.30386,30.25931,00900
-96.30289,30.28180,00900
-96.30294,30.30428,00900
-96.30280,30.32676,00900
-96.30270,30.34924,00900
-96.30186,30.37173,00900
-96.30013,30.39421,00900
-96.29929,30.41669,00900
-96.29806,30.43917,00900
-96.29814,30.46165,00900
-96.29669,30.48414,00900
-96.29591,30.50662,00900
-96.29375,30.52910,00900
-96.29207,30.55158,00900
-96.29146,30.57406,00900
-96.29177,30.59654,00900
-96.29255,30.61903,00900
-96.29964,30.64151,00900
-96.31022,30.65593,00900
-96.33636,30.65744,00900
-96.36250,30.65594,00900
-96.37309,30.64151,00900
-96.38017,30.61903,00900
-96.38095,30.59654,00900
-96.38126,30.57406,00900
-96.38062,30.55158,00900
-96.37884,30.52910,00900
-96.37658,30.50662,00900
-96.37550,30.48414,00900
-96.37385,30.46165,00900
-96.37395,30.43917,00900
-96.37266,30.41669,00900
-96.37253,30.39421,00900
-96.37161,30.37173,00900
-96.37109,30.34924,00900
-96.37154,30.32676,00900
-96.37132,30.30428,00900
-96.37122,30.28180,00900
-96.37053,30.25931,00900
-96.37006,30.23684,00900
-96.36837,30.21435,00900
-96.36676,30.19187,00900
-96.36491,30.16939,00900
-96.36236,30.14903,00900
-96.36190,30.14691,00900
-96.35813,30.12443,00900
-96.35455,30.10195,00900
-96.35507,30.07947,00900
-96.35431,30.05699,00900
-96.34811,30.03451,00900
-96.35226,30.01202,00900
       </coordinates>
      </LinearRing>
     </outerBoundaryIs>
    </Polygon>
   </MultiGeometry>
  </Placemark>
  <Placemark>
   <name>Contour Level: 1.0E-12 mass/m3</name>
   <Snippet maxLines="0"></Snippet>
   <TimeSpan>
    <begin>2026-01-25T09:00:00Z</begin>
    <end>2026-01-25T10:00:00Z</end>
   </TimeSpan>
   <styleUrl>#conc7</styleUrl>
   <MultiGeometry>
    <Polygon>
     <extrude>1</extrude>
     <altitudeMode>clampToGround</altitudeMode>
     <outerBoundaryIs>
      <LinearRing>
       <coordinates>
-96.34086,30.41669,01100
-96.33636,30.40841,01100
-96.33179,30.41669,01100
-96.33636,30.43405,01100
-96.34086,30.41669,01100
       </coordinates>
      </LinearRing>
     </outerBoundaryIs>
    </Polygon>
    <Polygon>
     <extrude>1</extrude>
     <altitudeMode>clampToGround</altitudeMode>
     <outerBoundaryIs>
      <LinearRing>
       <coordinates>
-96.34324,30.46166,01100
-96.33636,30.44278,01100
-96.32935,30.46166,01100
-96.32983,30.48414,01100
-96.32152,30.50662,01100
-96.31599,30.52910,01100
-96.31025,30.54696,01100
-96.30928,30.55159,01100
-96.30729,30.57407,01100
-96.30831,30.59655,01100
-96.31023,30.61429,01100
-96.31076,30.61903,01100
-96.33517,30.64152,01100
-96.33636,30.64202,01100
-96.33754,30.64152,01100
-96.36198,30.61903,01100
-96.36248,30.61451,01100
-96.36442,30.59655,01100
-96.36545,30.57407,01100
-96.36343,30.55159,01100
-96.36246,30.54704,01100
-96.35667,30.52910,01100
-96.35110,30.50662,01100
-96.34277,30.48414,01100
-96.34324,30.46166,01100
       </coordinates>
      </LinearRing>
     </outerBoundaryIs>
    </Polygon>
   </MultiGeometry>
  </Placemark>
  <Placemark>
   <name>Maximum Value Grid Cell</name>
   <Snippet maxLines="0"></Snippet>
   <description><![CDATA[<pre>
LAT:   30.5741 LON:  -96.3364
Value: 2.5E-12
      The square represents the location
      of maximum concentration and the
      size of the square represents the
      concentration grid cell size.
    </pre>]]>
   </description>
   <TimeSpan>
    <begin>2026-01-25T09:00:00Z</begin>
    <end>2026-01-25T10:00:00Z</end>
   </TimeSpan>
   <styleUrl>#maxv</styleUrl>
   <Polygon>
    <extrude>1</extrude>
    <altitudeMode>clampToGround</altitudeMode>
    <outerBoundaryIs>
     <LinearRing>
      <coordinates>
        -96.36246,30.55159,00100
        -96.31025,30.55159,00100
        -96.31024,30.59655,00100
        -96.36247,30.59655,00100
        -96.36246,30.55159,00100
      </coordinates>
     </LinearRing>
    </outerBoundaryIs>
   </Polygon>
  </Placemark>
 </Folder>
 <Folder>
  <name><![CDATA[<pre>Concentration 
(Valid:20260125 1100UTC)</pre>]]>
  </name>
  <visibility>0</visibility>
  <description><![CDATA[<pre>
Averaged from 00000 to 00100m
Valid:20260125 1100 UTC
   </pre>]]>
  </description>
  <ScreenOverlay>
   <name>Legend</name>
   <Snippet maxLines="0"></Snippet>
   <TimeSpan>
    <begin>2026-01-25T10:00:00Z</begin>
    <end>2026-01-25T11:00:00Z</end>
   </TimeSpan>
   <Icon>
    <href>GELABEL_11_22130.gif</href>
   </Icon>
   <overlayXY x="0" y="1" xunits="fraction" yunits="fraction"/>
   <screenXY x="0" y="1" xunits="fraction" yunits="fraction"/>
   <rotationXY x="0" y="0" xunits="fraction" yunits="fraction"/>
   <size x="0" y="0" xunits="pixels" yunits="pixels"/>
  </ScreenOverlay>
  <Placemark>
   <name>Contour Level: 3.2E-15 mass/m3</name>
   <Snippet maxLines="0"></Snippet>
   <TimeSpan>
    <begin>2026-01-25T10:00:00Z</begin>
    <end>2026-01-25T11:00:00Z</end>
   </TimeSpan>
   <styleUrl>#conc2</styleUrl>
   <MultiGeometry>
    <Polygon>
     <extrude>1</extrude>
     <altitudeMode>clampToGround</altitudeMode>
     <outerBoundaryIs>
      <LinearRing>
       <coordinates>
-97.05339,27.69556,00100
-97.04640,27.69473,00100
-97.02104,27.69506,00100
-97.01227,27.69579,00100
-96.99570,27.69732,00100
-96.97037,27.70171,00100
-96.94501,27.70305,00100
-96.91969,27.70910,00100
-96.89434,27.71190,00100
-96.88499,27.71886,00100
-96.86909,27.73301,00100
-96.86166,27.74141,00100
-96.85316,27.76390,00100
-96.84466,27.78639,00100
-96.84402,27.79133,00100
-96.84142,27.80886,00100
-96.83535,27.83134,00100
-96.82520,27.85384,00100
-96.81899,27.86404,00100
-96.81342,27.87634,00100
-96.79565,27.89886,00100
-96.79377,27.90367,00100
-96.76843,27.92084,00100
-96.76777,27.92142,00100
-96.74311,27.94377,00100
-96.74261,27.94395,00100
-96.71775,27.95915,00100
-96.69232,27.95846,00100
-96.68457,27.96659,00100
-96.67992,27.98906,00100
-96.67662,28.01152,00100
-96.66714,28.03091,00100
-96.66618,28.03401,00100
-96.65469,28.05650,00100
-96.64451,28.07899,00100
-96.64185,28.08122,00100
-96.61642,28.09304,00100
-96.59985,28.10155,00100
-96.59101,28.11296,00100
-96.57925,28.12405,00100
-96.57131,28.14653,00100
-96.56982,28.16899,00100
-96.56992,28.19146,00100
-96.57913,28.21390,00100
-96.56582,28.23166,00100
-96.56296,28.23639,00100
-96.55095,28.25888,00100
-96.54112,28.28135,00100
-96.54043,28.28195,00100
-96.51492,28.28510,00100
-96.48943,28.29336,00100
-96.47444,28.30391,00100
-96.46394,28.31183,00100
-96.45129,28.32639,00100
-96.43845,28.33411,00100
-96.42802,28.34888,00100
-96.41997,28.37135,00100
-96.42006,28.39381,00100
-96.41942,28.41628,00100
-96.41628,28.43875,00100
-96.41302,28.45539,00100
-96.41193,28.46122,00100
-96.40128,28.48369,00100
-96.38749,28.50482,00100
-96.38589,28.50617,00100
-96.38212,28.52864,00100
-96.37778,28.55110,00100
-96.38752,28.56590,00100
-96.39021,28.57357,00100
-96.40044,28.59603,00100
-96.41314,28.61453,00100
-96.41858,28.61849,00100
-96.42233,28.64095,00100
-96.42545,28.66342,00100
-96.42169,28.68589,00100
-96.42063,28.70836,00100
-96.41445,28.73084,00100
-96.41323,28.73419,00100
-96.40264,28.75331,00100
-96.39278,28.77579,00100
-96.38763,28.78018,00100
-96.37282,28.79827,00100
-96.36941,28.82074,00100
-96.36227,28.84321,00100
-96.36201,28.84485,00100
-96.35795,28.86568,00100
-96.35148,28.88816,00100
-96.34520,28.91063,00100
-96.34457,28.93310,00100
-96.34495,28.95557,00100
-96.34336,28.97805,00100
-96.34350,29.00052,00100
-96.34209,29.02299,00100
-96.33636,29.04098,00100
-96.32664,29.04547,00100
-96.31116,29.06794,00100
-96.31065,29.06923,00100
-96.30116,29.09041,00100
-96.29545,29.11289,00100
-96.29045,29.13536,00100
-96.28489,29.14606,00100
-96.27240,29.15783,00100
-96.26888,29.18030,00100
-96.26756,29.20277,00100
-96.25910,29.21808,00100
-96.25640,29.22524,00100
-96.24373,29.24771,00100
-96.23542,29.27018,00100
-96.23897,29.29266,00100
-96.24074,29.31514,00100
-96.23901,29.33761,00100
-96.23652,29.36009,00100
-96.23410,29.38256,00100
-96.23317,29.38480,00100
-96.21018,29.40502,00100
-96.20734,29.41367,00100
-96.20222,29.42749,00100
-96.19678,29.44996,00100
-96.19426,29.47243,00100
-96.19115,29.49491,00100
-96.19060,29.51739,00100
-96.18712,29.53986,00100
-96.18568,29.56233,00100
-96.18172,29.58481,00100
-96.18127,29.58564,00100
-96.15689,29.60726,00100
-96.15620,29.62973,00100
-96.16700,29.65223,00100
-96.18010,29.67472,00100
-96.17614,29.69720,00100
-96.16708,29.71967,00100
-96.16287,29.74214,00100
-96.16011,29.76462,00100
-96.16050,29.78710,00100
-96.16650,29.80959,00100
-96.17126,29.83208,00100
-96.18085,29.84766,00100
-96.18117,29.85457,00100
-96.18119,29.87704,00100
-96.18094,29.89953,00100
-96.18076,29.90628,00100
-96.17554,29.92200,00100
-96.18072,29.92841,00100
-96.18173,29.94449,00100
-96.18292,29.96697,00100
-96.18199,29.98945,00100
-96.18059,30.00800,00100
-96.17683,30.01192,00100
-96.18056,30.02381,00100
-96.18082,30.03441,00100
-96.18233,30.05689,00100
-96.18261,30.07938,00100
-96.18269,30.10186,00100
-96.18331,30.12434,00100
-96.18318,30.14682,00100
-96.18455,30.16931,00100
-96.18374,30.19178,00100
-96.18431,30.21427,00100
-96.18439,30.23675,00100
-96.18565,30.25923,00100
-96.18804,30.28172,00100
-96.19042,30.30420,00100
-96.20161,30.32670,00100
-96.20610,30.34585,00100
-96.20734,30.34919,00100
-96.23101,30.37169,00100
-96.23212,30.37290,00100
-96.23225,30.39417,00100
-96.23237,30.41665,00100
-96.23233,30.43914,00100
-96.23235,30.46162,00100
-96.23237,30.48410,00100
-96.23244,30.50658,00100
-96.23274,30.52907,00100
-96.23331,30.55155,00100
-96.24891,30.57404,00100
-96.25641,30.59653,00100
-96.25800,30.59905,00100
-96.28411,30.60927,00100
-96.28416,30.61903,00100
-96.28422,30.64151,00100
-96.28445,30.66399,00100
-96.31021,30.68613,00100
-96.33636,30.68354,00100
-96.36250,30.68611,00100
-96.38819,30.66399,00100
-96.38846,30.64151,00100
-96.38852,30.61903,00100
-96.38852,30.59654,00100
-96.38852,30.57406,00100
-96.38850,30.55158,00100
-96.38848,30.52910,00100
-96.38841,30.50661,00100
-96.38831,30.48413,00100
-96.38815,30.46165,00100
-96.38809,30.43917,00100
-96.38794,30.41669,00100
-96.38797,30.39420,00100
-96.38802,30.37172,00100
-96.38790,30.34924,00100
-96.38781,30.32676,00100
-96.38780,30.30428,00100
-96.38789,30.28179,00100
-96.38793,30.25931,00100
-96.38840,30.23727,00100
-96.38902,30.23683,00100
-96.40408,30.21434,00100
-96.40991,30.19185,00100
-96.41210,30.16937,00100
-96.41274,30.14689,00100
-96.41003,30.12441,00100
-96.41433,30.11669,00100
-96.42097,30.10193,00100
-96.42561,30.07943,00100
-96.43189,30.05695,00100
-96.44024,30.04490,00100
-96.45876,30.03445,00100
-96.46618,30.02324,00100
-96.47529,30.01195,00100
-96.49212,30.00300,00100
-96.51175,30.01190,00100
-96.51811,30.02200,00100
-96.53690,30.03435,00100
-96.54411,30.03939,00100
-96.56164,30.03431,00100
-96.57006,30.03214,00100
-96.59602,30.02888,00100
-96.61971,30.01172,00100
-96.61938,29.98924,00100
-96.61528,29.96676,00100
-96.60783,29.94430,00100
-96.59577,29.93326,00100
-96.57164,29.92189,00100
-96.56975,29.89994,00100
-96.56972,29.89941,00100
-96.56675,29.87693,00100
-96.56967,29.86993,00100
-96.59341,29.85440,00100
-96.59556,29.85409,00100
-96.62147,29.85095,00100
-96.64739,29.85300,00100
-96.64838,29.85428,00100
-96.65473,29.87675,00100
-96.66137,29.89921,00100
-96.67023,29.92167,00100
-96.67357,29.92713,00100
-96.69952,29.92833,00100
-96.70312,29.92158,00100
-96.71143,29.89908,00100
-96.71789,29.87658,00100
-96.72250,29.85409,00100
-96.72514,29.84824,00100
-96.75102,29.84173,00100
-96.75668,29.85398,00100
-96.75748,29.87646,00100
-96.75628,29.89894,00100
-96.76005,29.92141,00100
-96.77740,29.94264,00100
-96.80332,29.93805,00100
-96.81121,29.92123,00100
-96.81081,29.89875,00100
-96.81047,29.87627,00100
-96.80852,29.85380,00100
-96.80286,29.84131,00100
-96.77692,29.83629,00100
-96.76276,29.83148,00100
-96.76611,29.80899,00100
-96.77257,29.78648,00100
-96.77050,29.76401,00100
-96.77349,29.74152,00100
-96.75051,29.72126,00100
-96.74223,29.71914,00100
-96.74529,29.69665,00100
-96.75034,29.67929,00100
-96.75423,29.67414,00100
-96.75030,29.66920,00100
-96.74710,29.65169,00100
-96.74630,29.62921,00100
-96.75006,29.61413,00100
-96.75158,29.60672,00100
-96.76650,29.58419,00100
-96.77393,29.56168,00100
-96.77567,29.55946,00100
-96.80149,29.55422,00100
-96.80682,29.56157,00100
-96.82069,29.58400,00100
-96.82750,29.58747,00100
-96.85339,29.59497,00100
-96.86202,29.60632,00100
-96.86510,29.62878,00100
-96.86742,29.65125,00100
-96.86687,29.67373,00100
-96.87980,29.69588,00100
-96.90335,29.67358,00100
-96.90488,29.65109,00100
-96.90541,29.65043,00100
-96.91074,29.62859,00100
-96.91373,29.60610,00100
-96.93090,29.58784,00100
-96.94972,29.58345,00100
-96.95670,29.58103,00100
-96.96239,29.58339,00100
-96.98260,29.58730,00100
-97.00123,29.58319,00100
-97.00835,29.57460,00100
-97.01236,29.56066,00100
-97.02703,29.53810,00100
-97.03145,29.51560,00100
-97.03377,29.51335,00100
-97.03862,29.51556,00100
-97.04549,29.53800,00100
-97.05990,29.55389,00100
-97.06301,29.56038,00100
-97.06247,29.58287,00100
-97.06013,29.58642,00100
-97.03434,29.59337,00100
-97.01624,29.60560,00100
-97.01107,29.62810,00100
-97.00877,29.63366,00100
-97.00398,29.65062,00100
-97.00371,29.67310,00100
-97.00656,29.69557,00100
-97.00924,29.70299,00100
-97.02795,29.71793,00100
-97.03526,29.72234,00100
-97.04339,29.71785,00100
-97.06104,29.70880,00100
-97.06683,29.69524,00100
-97.07414,29.67272,00100
-97.07413,29.65024,00100
-97.07710,29.62774,00100
-97.07308,29.60529,00100
-97.08607,29.59727,00100
-97.09930,29.58265,00100
-97.10841,29.56012,00100
-97.11153,29.54846,00100
-97.11360,29.53761,00100
-97.11829,29.51510,00100
-97.12144,29.49261,00100
-97.13676,29.47395,00100
-97.13943,29.47002,00100
-97.13670,29.46625,00100
-97.11083,29.45925,00100
-97.08595,29.44786,00100
-97.08492,29.44763,00100
-97.05904,29.43779,00100
-97.03314,29.42590,00100
-97.03295,29.42568,00100
-97.03313,29.42465,00100
-97.04144,29.40316,00100
-97.04653,29.38065,00100
-97.05848,29.36204,00100
-97.06209,29.35808,00100
-97.06927,29.33557,00100
-97.07004,29.31309,00100
-97.07836,29.29056,00100
-97.07684,29.26810,00100
-97.08344,29.25235,00100
-97.08685,29.24556,00100
-97.08744,29.22308,00100
-97.08305,29.20067,00100
-97.08302,29.20063,00100
-97.06605,29.17825,00100
-97.06847,29.15576,00100
-97.07419,29.13326,00100
-97.07646,29.11077,00100
-97.08121,29.08826,00100
-97.07703,29.06581,00100
-97.08193,29.05470,00100
-97.10760,29.04996,00100
-97.12631,29.06552,00100
-97.13349,29.07137,00100
-97.15225,29.06536,00100
-97.15912,29.06134,00100
-97.16885,29.04278,00100
-97.17117,29.02029,00100
-97.17867,28.99776,00100
-97.17230,28.97533,00100
-97.17751,28.95283,00100
-97.18382,28.94409,00100
-97.20342,28.93018,00100
-97.20924,28.91460,00100
-97.21185,28.90765,00100
-97.23467,28.88804,00100
-97.24335,28.88495,00100
-97.25929,28.86237,00100
-97.25778,28.83990,00100
-97.24812,28.81751,00100
-97.23882,28.79510,00100
-97.23382,28.79407,00100
-97.22283,28.77274,00100
-97.22654,28.75024,00100
-97.22552,28.72778,00100
-97.23160,28.70527,00100
-97.23299,28.70378,00100
-97.25854,28.69640,00100
-97.28411,28.69131,00100
-97.30978,28.69699,00100
-97.32366,28.70459,00100
-97.32795,28.72703,00100
-97.31023,28.74241,00100
-97.29542,28.74975,00100
-97.28471,28.75339,00100
-97.27216,28.77239,00100
-97.28510,28.79388,00100
-97.28880,28.79474,00100
-97.31086,28.80589,00100
-97.33645,28.80023,00100
-97.36207,28.79783,00100
-97.36497,28.79415,00100
-97.38751,28.77941,00100
-97.39572,28.77143,00100
-97.41293,28.75947,00100
-97.42536,28.74871,00100
-97.43835,28.74041,00100
-97.44952,28.72603,00100
-97.46356,28.70373,00100
-97.46387,28.70343,00100
-97.48904,28.69124,00100
-97.51080,28.70301,00100
-97.51125,28.72548,00100
-97.51170,28.74795,00100
-97.51150,28.77043,00100
-97.51584,28.79013,00100
-97.51718,28.79284,00100
-97.51772,28.81531,00100
-97.53854,28.83759,00100
-97.54208,28.83926,00100
-97.55104,28.83747,00100
-97.56283,28.81489,00100
-97.56341,28.79241,00100
-97.56144,28.76996,00100
-97.56662,28.75001,00100
-97.56783,28.74742,00100
-97.59008,28.72474,00100
-97.57164,28.70244,00100
-97.56596,28.69766,00100
-97.54024,28.68886,00100
-97.51579,28.68050,00100
-97.51678,28.65802,00100
-97.51669,28.63555,00100
-97.51379,28.61952,00100
-97.51295,28.61311,00100
-97.50154,28.59075,00100
-97.48776,28.58165,00100
-97.46694,28.56859,00100
-97.46946,28.54609,00100
-97.47558,28.52357,00100
-97.47716,28.50109,00100
-97.48141,28.47858,00100
-97.48622,28.45607,00100
-97.48048,28.43366,00100
-97.47750,28.41122,00100
-97.48560,28.39544,00100
-97.49179,28.38862,00100
-97.48736,28.36619,00100
-97.50420,28.34358,00100
-97.51010,28.32105,00100
-97.51024,28.32050,00100
-97.51971,28.29850,00100
-97.52171,28.27602,00100
-97.52171,28.25356,00100
-97.51577,28.23114,00100
-97.50955,28.20874,00100
-97.50888,28.20539,00100
-97.50707,28.18630,00100
-97.49679,28.16393,00100
-97.48809,28.14155,00100
-97.48259,28.13625,00100
-97.47240,28.11922,00100
-97.45676,28.10458,00100
-97.45105,28.09695,00100
-97.43103,28.08051,00100
-97.42722,28.07470,00100
-97.42796,28.05222,00100
-97.42123,28.02982,00100
-97.41910,28.00738,00100
-97.41634,27.98495,00100
-97.41093,27.96253,00100
-97.40420,27.95257,00100
-97.39015,27.94024,00100
-97.37852,27.92957,00100
-97.35302,27.92083,00100
-97.34481,27.91815,00100
-97.32747,27.90746,00100
-97.31557,27.89592,00100
-97.30183,27.88430,00100
-97.28931,27.87366,00100
-97.28278,27.85126,00100
-97.27604,27.84359,00100
-97.27010,27.82889,00100
-97.26800,27.80645,00100
-97.26549,27.78401,00100
-97.26122,27.76159,00100
-97.24970,27.74124,00100
-97.24768,27.73923,00100
-97.22414,27.72018,00100
-97.21777,27.71699,00100
-97.19869,27.71050,00100
-97.17332,27.70892,00100
-97.14793,27.70590,00100
-97.12256,27.70486,00100
-97.09717,27.70103,00100
-97.07178,27.69826,00100
-97.05339,27.69556,00100
       </coordinates>
      </LinearRing>
     </outerBoundaryIs>
     <innerBoundaryIs>
      <LinearRing>
       <coordinates>
-97.07957,28.77365,00100
-97.07980,28.77215,00100
-97.08251,28.77364,00100
-97.07981,28.77400,00100
-97.07957,28.77365,00100
       </coordinates>
      </LinearRing>
     </innerBoundaryIs>
    </Polygon>
    <Polygon>
     <extrude>1</extrude>
     <altitudeMode>clampToGround</altitudeMode>
     <outerBoundaryIs>
      <LinearRing>
       <coordinates>
-97.70464,28.81346,00100
-97.69547,28.80016,00100
-97.66993,28.80813,00100
-97.66705,28.81385,00100
-97.66827,28.83631,00100
-97.66849,28.85878,00100
-97.67079,28.87161,00100
-97.68005,28.88113,00100
-97.69666,28.88639,00100
-97.69970,28.88092,00100
-97.70278,28.85842,00100
-97.70330,28.83594,00100
-97.70464,28.81346,00100
       </coordinates>
      </LinearRing>
     </outerBoundaryIs>
     <innerBoundaryIs>
      <LinearRing>
       <coordinates>
-97.12263,28.81834,00100
-97.13131,28.80158,00100
-97.14428,28.81820,00100
-97.13157,28.83371,00100
-97.12263,28.81834,00100
       </coordinates>
      </LinearRing>
     </innerBoundaryIs>
    </Polygon>
    <Polygon>
     <extrude>1</extrude>
     <altitudeMode>clampToGround</altitudeMode>
     <outerBoundaryIs>
      <LinearRing>
       <coordinates>
-97.59624,28.85951,00100
-97.59359,28.85501,00100
-97.57756,28.85969,00100
-97.59379,28.87064,00100
-97.59624,28.85951,00100
       </coordinates>
      </LinearRing>
     </outerBoundaryIs>
    </Polygon>
    <Polygon>
     <extrude>1</extrude>
     <altitudeMode>clampToGround</altitudeMode>
     <outerBoundaryIs>
      <LinearRing>
       <coordinates>
-97.34946,28.86169,00100
-97.33689,28.84435,00100
-97.31612,28.86195,00100
-97.33694,28.88426,00100
-97.33730,28.88435,00100
-97.33745,28.88426,00100
-97.34946,28.86169,00100
       </coordinates>
      </LinearRing>
     </outerBoundaryIs>
    </Polygon>
    <Polygon>
     <extrude>1</extrude>
     <altitudeMode>clampToGround</altitudeMode>
     <outerBoundaryIs>
      <LinearRing>
       <coordinates>
-97.29022,28.95204,00100
-97.28660,28.94915,00100
-97.28125,28.95210,00100
-97.26104,28.96255,00100
-97.24481,28.97484,00100
-97.23550,28.97853,00100
-97.20997,28.99704,00100
-97.20869,28.99756,00100
-97.19638,29.02012,00100
-97.19665,29.04259,00100
-97.21056,29.06401,00100
-97.21345,29.06496,00100
-97.23637,29.07357,00100
-97.26214,29.07933,00100
-97.27380,29.06453,00100
-97.28034,29.04200,00100
-97.28735,29.02655,00100
-97.29101,29.01945,00100
-97.28872,28.99700,00100
-97.30111,28.97443,00100
-97.29022,28.95204,00100
       </coordinates>
      </LinearRing>
     </outerBoundaryIs>
    </Polygon>
    <Polygon>
     <extrude>1</extrude>
     <altitudeMode>clampToGround</altitudeMode>
     <outerBoundaryIs>
      <LinearRing>
       <coordinates>
-97.70351,29.06068,00100
-97.69897,29.05411,00100
-97.67993,29.06093,00100
-97.69918,29.06889,00100
-97.70351,29.06068,00100
       </coordinates>
      </LinearRing>
     </outerBoundaryIs>
    </Polygon>
    <Polygon>
     <extrude>1</extrude>
     <altitudeMode>clampToGround</altitudeMode>
     <outerBoundaryIs>
      <LinearRing>
       <coordinates>
-97.44789,29.06315,00100
-97.44185,29.05249,00100
-97.43026,29.06330,00100
-97.43511,29.08573,00100
-97.41672,29.10448,00100
-97.41333,29.10839,00100
-97.40181,29.13096,00100
-97.40102,29.15344,00100
-97.41124,29.17583,00100
-97.41753,29.17885,00100
-97.44329,29.18031,00100
-97.44700,29.17553,00100
-97.44471,29.15308,00100
-97.44647,29.13058,00100
-97.44662,29.10811,00100
-97.44401,29.08565,00100
-97.44789,29.06315,00100
       </coordinates>
      </LinearRing>
     </outerBoundaryIs>
    </Polygon>
    <Polygon>
     <extrude>1</extrude>
     <altitudeMode>clampToGround</altitudeMode>
     <outerBoundaryIs>
      <LinearRing>
       <coordinates>
-97.30239,29.10927,00100
-97.28796,29.09028,00100
-97.26514,29.10954,00100
-97.26960,29.13199,00100
-97.28846,29.14237,00100
-97.29940,29.13177,00100
-97.30239,29.10927,00100
       </coordinates>
      </LinearRing>
     </outerBoundaryIs>
    </Polygon>
    <Polygon>
     <extrude>1</extrude>
     <altitudeMode>clampToGround</altitudeMode>
     <outerBoundaryIs>
      <LinearRing>
       <coordinates>
-97.22792,29.15476,00100
-97.21127,29.14337,00100
-97.18550,29.13925,00100
-97.16016,29.15521,00100
-97.15992,29.15661,00100
-97.15586,29.17771,00100
-97.15918,29.20017,00100
-97.16032,29.20445,00100
-97.16509,29.22260,00100
-97.16882,29.24506,00100
-97.17770,29.26748,00100
-97.18665,29.27165,00100
-97.19182,29.26738,00100
-97.21220,29.24775,00100
-97.21532,29.24475,00100
-97.23782,29.23233,00100
-97.25861,29.22197,00100
-97.24921,29.19956,00100
-97.23744,29.19053,00100
-97.23405,29.17719,00100
-97.22792,29.15476,00100
       </coordinates>
      </LinearRing>
     </outerBoundaryIs>
    </Polygon>
    <Polygon>
     <extrude>1</extrude>
     <altitudeMode>clampToGround</altitudeMode>
     <outerBoundaryIs>
      <LinearRing>
       <coordinates>
-97.34764,29.31121,00100
-97.34161,29.30714,00100
-97.33178,29.31133,00100
-97.33765,29.33377,00100
-97.34194,29.33898,00100
-97.34452,29.33371,00100
-97.34764,29.31121,00100
       </coordinates>
      </LinearRing>
     </outerBoundaryIs>
    </Polygon>
    <Polygon>
     <extrude>1</extrude>
     <altitudeMode>clampToGround</altitudeMode>
     <outerBoundaryIs>
      <LinearRing>
       <coordinates>
-97.15544,29.31257,00100
-97.13530,29.29474,00100
-97.11813,29.31280,00100
-97.12877,29.33522,00100
-97.13566,29.33809,00100
-97.14121,29.33514,00100
-97.15544,29.31257,00100
       </coordinates>
      </LinearRing>
     </outerBoundaryIs>
     <innerBoundaryIs>
      <LinearRing>
       <coordinates>
-96.53777,29.71962,00100
-96.54342,29.71471,00100
-96.54855,29.71961,00100
-96.54345,29.72697,00100
-96.53777,29.71962,00100
       </coordinates>
      </LinearRing>
     </innerBoundaryIs>
    </Polygon>
    <Polygon>
     <extrude>1</extrude>
     <altitudeMode>clampToGround</altitudeMode>
     <outerBoundaryIs>
      <LinearRing>
       <coordinates>
-97.09969,29.80746,00100
-97.08761,29.79755,00100
-97.07039,29.80762,00100
-97.06697,29.83012,00100
-97.08268,29.85251,00100
-97.08556,29.87498,00100
-97.08823,29.87887,00100
-97.09438,29.87493,00100
-97.09591,29.85244,00100
-97.10431,29.82991,00100
-97.09969,29.80746,00100
       </coordinates>
      </LinearRing>
     </outerBoundaryIs>
     <innerBoundaryIs>
      <LinearRing>
       <coordinates>
-96.54311,29.80954,00100
-96.54362,29.80934,00100
-96.54393,29.80954,00100
-96.54581,29.83201,00100
-96.54368,29.83483,00100
-96.54051,29.83202,00100
-96.54311,29.80954,00100
       </coordinates>
      </LinearRing>
     </innerBoundaryIs>
    </Polygon>
    <Polygon>
     <extrude>1</extrude>
     <altitudeMode>clampToGround</altitudeMode>
     <outerBoundaryIs>
      <LinearRing>
       <coordinates>
-96.89050,29.87596,00100
-96.88071,29.85854,00100
-96.87679,29.87601,00100
-96.88082,29.87975,00100
-96.89050,29.87596,00100
       </coordinates>
      </LinearRing>
     </outerBoundaryIs>
    </Polygon>
    <Polygon>
     <extrude>1</extrude>
     <altitudeMode>clampToGround</altitudeMode>
     <outerBoundaryIs>
      <LinearRing>
       <coordinates>
-97.09508,30.00981,00100
-97.08922,30.00670,00100
-97.08701,30.00986,00100
-97.08940,30.02995,00100
-97.09508,30.00981,00100
       </coordinates>
      </LinearRing>
     </outerBoundaryIs>
    </Polygon>
    <Polygon>
     <extrude>1</extrude>
     <altitudeMode>clampToGround</altitudeMode>
     <outerBoundaryIs>
      <LinearRing>
       <coordinates>
-96.80299,30.05615,00100
-96.77784,30.04042,00100
-96.77515,30.05625,00100
-96.77588,30.07872,00100
-96.77803,30.08260,00100
-96.79750,30.07865,00100
-96.80299,30.05615,00100
       </coordinates>
      </LinearRing>
     </outerBoundaryIs>
    </Polygon>
    <Polygon>
     <extrude>1</extrude>
     <altitudeMode>clampToGround</altitudeMode>
     <outerBoundaryIs>
      <LinearRing>
       <coordinates>
-96.68658,30.25885,00100
-96.67471,30.25488,00100
-96.66998,30.25889,00100
-96.67477,30.27205,00100
-96.68658,30.25885,00100
       </coordinates>
      </LinearRing>
     </outerBoundaryIs>
    </Polygon>
    <Polygon>
     <extrude>1</extrude>
     <altitudeMode>clampToGround</altitudeMode>
     <outerBoundaryIs>
      <LinearRing>
       <coordinates>
-96.60343,30.37146,00100
-96.59691,30.36051,00100
-96.57088,30.36925,00100
-96.56978,30.37152,00100
-96.57088,30.37320,00100
-96.59696,30.38113,00100
-96.60343,30.37146,00100
       </coordinates>
      </LinearRing>
     </outerBoundaryIs>
    </Polygon>
    <Polygon>
     <extrude>1</extrude>
     <altitudeMode>clampToGround</altitudeMode>
     <outerBoundaryIs>
      <LinearRing>
       <coordinates>
-95.74458,30.41535,00100
-95.73679,30.40840,00100
-95.72861,30.41528,00100
-95.73667,30.42719,00100
-95.74458,30.41535,00100
       </coordinates>
      </LinearRing>
     </outerBoundaryIs>
    </Polygon>
    <Polygon>
     <extrude>1</extrude>
     <altitudeMode>clampToGround</altitudeMode>
     <outerBoundaryIs>
      <LinearRing>
       <coordinates>
-96.76925,30.55087,00100
-96.75399,30.53461,00100
-96.72789,30.53550,00100
-96.71445,30.55104,00100
-96.71157,30.57353,00100
-96.72812,30.59221,00100
-96.75423,30.58956,00100
-96.76934,30.57335,00100
-96.76925,30.55087,00100
       </coordinates>
      </LinearRing>
     </outerBoundaryIs>
    </Polygon>
    <Polygon>
     <extrude>1</extrude>
     <altitudeMode>clampToGround</altitudeMode>
     <outerBoundaryIs>
      <LinearRing>
       <coordinates>
-95.84092,31.02278,00100
-95.83794,31.01681,00100
-95.83425,31.02275,00100
-95.83786,31.03204,00100
-95.84092,31.02278,00100
       </coordinates>
      </LinearRing>
     </outerBoundaryIs>
    </Polygon>
    <Polygon>
     <extrude>1</extrude>
     <altitudeMode>clampToGround</altitudeMode>
     <outerBoundaryIs>
      <LinearRing>
       <coordinates>
-95.84105,31.06775,00100
-95.83772,31.05780,00100
-95.83368,31.06771,00100
-95.83765,31.07147,00100
-95.84105,31.06775,00100
       </coordinates>
      </LinearRing>
     </outerBoundaryIs>
    </Polygon>
    <Polygon>
     <extrude>1</extrude>
     <altitudeMode>clampToGround</altitudeMode>
     <outerBoundaryIs>
      <LinearRing>
       <coordinates>
-96.28706,31.31597,00100
-96.28373,31.31277,00100
-96.28096,31.31596,00100
-96.28373,31.31977,00100
-96.28706,31.31597,00100
       </coordinates>
      </LinearRing>
     </outerBoundaryIs>
    </Polygon>
   </MultiGeometry>
  </Placemark>
  <Placemark>
   <name>Contour Level: 1.0E-14 mass/m3</name>
   <Snippet maxLines="0"></Snippet>
   <TimeSpan>
    <begin>2026-01-25T10:00:00Z</begin>
    <end>2026-01-25T11:00:00Z</end>
   </TimeSpan>
   <styleUrl>#conc3</styleUrl>
   <MultiGeometry>
    <Polygon>
     <extrude>1</extrude>
     <altitudeMode>clampToGround</altitudeMode>
     <outerBoundaryIs>
      <LinearRing>
       <coordinates>
-96.99163,27.94292,00300
-96.97188,27.93899,00300
-96.94645,27.93773,00300
-96.92104,27.94003,00300
-96.91009,27.94331,00300
-96.89567,27.94733,00300
-96.87032,27.96263,00300
-96.86748,27.96595,00300
-96.85876,27.98845,00300
-96.85371,28.01093,00300
-96.84986,28.03340,00300
-96.84566,28.05588,00300
-96.84538,28.05766,00300
-96.83763,28.07838,00300
-96.82008,28.08797,00300
-96.79789,28.10098,00300
-96.79469,28.10351,00300
-96.76928,28.11522,00300
-96.75198,28.12360,00300
-96.74387,28.12828,00300
-96.71841,28.13151,00300
-96.69299,28.14343,00300
-96.69034,28.14625,00300
-96.67721,28.16875,00300
-96.67029,28.19123,00300
-96.66769,28.19672,00300
-96.66270,28.21371,00300
-96.66110,28.23618,00300
-96.65912,28.25865,00300
-96.65607,28.28112,00300
-96.64893,28.30360,00300
-96.64648,28.32607,00300
-96.64262,28.33097,00300
-96.62357,28.34859,00300
-96.61717,28.35987,00300
-96.61155,28.37108,00300
-96.61223,28.39354,00300
-96.61075,28.41601,00300
-96.60609,28.43849,00300
-96.60005,28.46097,00300
-96.59195,28.47686,00300
-96.58264,28.48347,00300
-96.56642,28.49072,00300
-96.54088,28.50066,00300
-96.52506,28.50604,00300
-96.51534,28.51279,00300
-96.48978,28.52305,00300
-96.48347,28.52856,00300
-96.46425,28.55062,00300
-96.46399,28.55104,00300
-96.46425,28.55183,00300
-96.46783,28.57351,00300
-96.48954,28.59595,00300
-96.48990,28.59621,00300
-96.50484,28.61840,00300
-96.49712,28.64088,00300
-96.49542,28.66335,00300
-96.49068,28.68583,00300
-96.49900,28.70829,00300
-96.49532,28.73076,00300
-96.49013,28.74356,00300
-96.48015,28.75325,00300
-96.47675,28.77573,00300
-96.46455,28.78345,00300
-96.45236,28.79822,00300
-96.44567,28.82070,00300
-96.43896,28.82675,00300
-96.41331,28.83309,00300
-96.40228,28.84319,00300
-96.39427,28.86567,00300
-96.38769,28.88065,00300
-96.38312,28.88815,00300
-96.37878,28.91063,00300
-96.37679,28.93310,00300
-96.37955,28.95557,00300
-96.37605,28.97805,00300
-96.36313,29.00052,00300
-96.36205,29.00484,00300
-96.35738,29.02299,00300
-96.35413,29.04547,00300
-96.34619,29.06795,00300
-96.34226,29.09042,00300
-96.33636,29.11093,00300
-96.33507,29.11289,00300
-96.33345,29.13537,00300
-96.31693,29.15784,00300
-96.31062,29.16681,00300
-96.30389,29.18032,00300
-96.29794,29.20279,00300
-96.29322,29.22526,00300
-96.28560,29.24774,00300
-96.28484,29.24947,00300
-96.26759,29.27020,00300
-96.26666,29.29268,00300
-96.26377,29.31515,00300
-96.25900,29.33763,00300
-96.25672,29.36010,00300
-96.24875,29.38257,00300
-96.23952,29.40504,00300
-96.23523,29.42752,00300
-96.23311,29.44375,00300
-96.23061,29.45000,00300
-96.22094,29.47246,00300
-96.21875,29.49494,00300
-96.21432,29.51741,00300
-96.20718,29.53705,00300
-96.20594,29.53988,00300
-96.20443,29.56236,00300
-96.19546,29.58483,00300
-96.18342,29.60729,00300
-96.18219,29.62977,00300
-96.18968,29.65226,00300
-96.19067,29.67474,00300
-96.18849,29.69722,00300
-96.18665,29.71969,00300
-96.18507,29.74217,00300
-96.18317,29.76465,00300
-96.18384,29.78713,00300
-96.18502,29.80961,00300
-96.18539,29.83209,00300
-96.18618,29.85457,00300
-96.18651,29.87705,00300
-96.18573,29.89953,00300
-96.18615,29.92201,00300
-96.18669,29.94449,00300
-96.18895,29.96698,00300
-96.18718,29.98946,00300
-96.18629,30.01194,00300
-96.18614,30.03442,00300
-96.18763,30.05690,00300
-96.18803,30.07938,00300
-96.18772,30.10187,00300
-96.18959,30.12435,00300
-96.18925,30.14683,00300
-96.19366,30.16932,00300
-96.19119,30.19179,00300
-96.19307,30.21428,00300
-96.19338,30.23676,00300
-96.19747,30.25924,00300
-96.20510,30.28173,00300
-96.20618,30.28573,00300
-96.21346,30.30423,00300
-96.22389,30.32672,00300
-96.23216,30.33546,00300
-96.23256,30.34921,00300
-96.23277,30.37169,00300
-96.23284,30.39417,00300
-96.23302,30.41665,00300
-96.23295,30.43914,00300
-96.23303,30.46162,00300
-96.23316,30.48410,00300
-96.23344,30.50658,00300
-96.23445,30.52907,00300
-96.23631,30.55155,00300
-96.25802,30.57194,00300
-96.27101,30.57406,00300
-96.28413,30.58646,00300
-96.28423,30.59654,00300
-96.28435,30.61903,00300
-96.28457,30.64151,00300
-96.28540,30.66399,00300
-96.31021,30.68531,00300
-96.33636,30.67708,00300
-96.36250,30.68528,00300
-96.38724,30.66399,00300
-96.38811,30.64151,00300
-96.38833,30.61903,00300
-96.38835,30.59654,00300
-96.38837,30.57406,00300
-96.38832,30.55158,00300
-96.38822,30.52910,00300
-96.38802,30.50661,00300
-96.38778,30.48413,00300
-96.38737,30.46165,00300
-96.38719,30.43917,00300
-96.38673,30.41669,00300
-96.38667,30.39420,00300
-96.38651,30.37172,00300
-96.38628,30.34924,00300
-96.38612,30.32676,00300
-96.38613,30.30428,00300
-96.38622,30.28179,00300
-96.38623,30.25931,00300
-96.38663,30.23683,00300
-96.38679,30.21434,00300
-96.38684,30.19186,00300
-96.38726,30.16938,00300
-96.38677,30.14690,00300
-96.38687,30.12442,00300
-96.38728,30.10194,00300
-96.38832,30.09324,00300
-96.40145,30.07945,00300
-96.40823,30.05697,00300
-96.41427,30.04279,00300
-96.41868,30.03448,00300
-96.42950,30.01199,00300
-96.43172,29.98951,00300
-96.43347,29.96703,00300
-96.43418,29.94455,00300
-96.43330,29.92206,00300
-96.43874,29.89958,00300
-96.44008,29.89646,00300
-96.46589,29.87707,00300
-96.46599,29.87691,00300
-96.48000,29.85458,00300
-96.48262,29.83210,00300
-96.48544,29.80961,00300
-96.48660,29.78713,00300
-96.48823,29.76465,00300
-96.49172,29.75652,00300
-96.51110,29.74214,00300
-96.51206,29.71966,00300
-96.51752,29.70768,00300
-96.52962,29.69715,00300
-96.54337,29.68662,00300
-96.56923,29.68205,00300
-96.59510,29.68270,00300
-96.59717,29.67456,00300
-96.59505,29.66064,00300
-96.59353,29.65209,00300
-96.59502,29.65024,00300
-96.60170,29.62959,00300
-96.60326,29.60711,00300
-96.60932,29.58461,00300
-96.61190,29.56213,00300
-96.60178,29.53967,00300
-96.59470,29.53298,00300
-96.59153,29.51722,00300
-96.59464,29.50803,00300
-96.62047,29.50821,00300
-96.64626,29.49786,00300
-96.65374,29.49460,00300
-96.67207,29.48915,00300
-96.68144,29.49453,00300
-96.69793,29.50047,00300
-96.70544,29.51694,00300
-96.69834,29.53944,00300
-96.69807,29.53962,00300
-96.67226,29.54809,00300
-96.66316,29.56201,00300
-96.66708,29.58448,00300
-96.67245,29.60161,00300
-96.68581,29.60691,00300
-96.69834,29.61358,00300
-96.69983,29.60687,00300
-96.70856,29.58437,00300
-96.71418,29.56187,00300
-96.72395,29.55170,00300
-96.74975,29.54056,00300
-96.75082,29.53928,00300
-96.76295,29.51676,00300
-96.76576,29.49428,00300
-96.76655,29.47180,00300
-96.76930,29.44931,00300
-96.76641,29.42684,00300
-96.76997,29.40435,00300
-96.77492,29.39137,00300
-96.78221,29.38183,00300
-96.78324,29.35935,00300
-96.77474,29.33690,00300
-96.77467,29.33681,00300
-96.76968,29.31445,00300
-96.77451,29.30093,00300
-96.79190,29.29189,00300
-96.80022,29.28674,00300
-96.82043,29.26931,00300
-96.82586,29.26067,00300
-96.84222,29.24675,00300
-96.85151,29.23927,00300
-96.85701,29.22422,00300
-96.85133,29.20557,00300
-96.84570,29.20179,00300
-96.82554,29.19597,00300
-96.80766,29.20193,00300
-96.79990,29.21908,00300
-96.79636,29.20197,00300
-96.79284,29.17951,00300
-96.79967,29.17064,00300
-96.81542,29.15695,00300
-96.82533,29.15443,00300
-96.85106,29.15198,00300
-96.87676,29.14701,00300
-96.89691,29.15662,00300
-96.90258,29.16202,00300
-96.90942,29.17904,00300
-96.91252,29.20151,00300
-96.91335,29.22398,00300
-96.91285,29.24646,00300
-96.91232,29.26894,00300
-96.90329,29.28506,00300
-96.89367,29.29149,00300
-96.87759,29.29855,00300
-96.86812,29.31408,00300
-96.87384,29.33653,00300
-96.87753,29.35899,00300
-96.87801,29.37301,00300
-96.90379,29.37019,00300
-96.90829,29.35886,00300
-96.92941,29.34268,00300
-96.94974,29.33619,00300
-96.95513,29.33282,00300
-96.96596,29.31364,00300
-96.98074,29.30507,00300
-97.00214,29.29098,00300
-97.00636,29.28386,00300
-97.01029,29.26846,00300
-97.00619,29.25752,00300
-96.99866,29.24604,00300
-96.98023,29.22898,00300
-96.97437,29.22369,00300
-96.97343,29.20122,00300
-96.96584,29.17878,00300
-96.96368,29.15632,00300
-96.96274,29.13385,00300
-96.96361,29.11137,00300
-96.97427,29.08883,00300
-96.97923,29.07559,00300
-97.00494,29.07370,00300
-97.03070,29.08137,00300
-97.04147,29.06601,00300
-97.04467,29.04352,00300
-97.05514,29.02099,00300
-97.05200,28.99853,00300
-97.03965,28.97613,00300
-97.02991,28.96859,00300
-97.00418,28.96304,00300
-96.99724,28.95388,00300
-96.97835,28.94040,00300
-96.97442,28.93152,00300
-96.97091,28.90907,00300
-96.97695,28.88656,00300
-96.97514,28.86410,00300
-96.97781,28.85823,00300
-96.98708,28.84156,00300
-96.97763,28.83030,00300
-96.97542,28.81915,00300
-96.97746,28.80346,00300
-96.98162,28.79665,00300
-96.97735,28.78735,00300
-96.95165,28.77803,00300
-96.92653,28.77445,00300
-96.94702,28.75188,00300
-96.95147,28.74895,00300
-96.95489,28.75184,00300
-96.97723,28.76748,00300
-97.00278,28.75581,00300
-97.00585,28.75159,00300
-97.01420,28.72907,00300
-97.01582,28.70659,00300
-97.02351,28.68408,00300
-97.02580,28.66160,00300
-97.02772,28.65650,00300
-97.04557,28.63902,00300
-97.05312,28.62817,00300
-97.07870,28.62657,00300
-97.08912,28.61630,00300
-97.08907,28.59383,00300
-97.08022,28.57142,00300
-97.09608,28.54885,00300
-97.10355,28.52914,00300
-97.10480,28.52634,00300
-97.10381,28.50388,00300
-97.10326,28.49244,00300
-97.10283,28.48141,00300
-97.09967,28.45896,00300
-97.09225,28.43654,00300
-97.07836,28.41416,00300
-97.09937,28.39156,00300
-97.10242,28.38372,00300
-97.10950,28.36904,00300
-97.12769,28.35088,00300
-97.13954,28.34639,00300
-97.15312,28.33959,00300
-97.17857,28.33004,00300
-97.18845,28.32360,00300
-97.20387,28.30548,00300
-97.20632,28.30102,00300
-97.21630,28.27849,00300
-97.22024,28.25600,00300
-97.22225,28.23352,00300
-97.22099,28.21106,00300
-97.22231,28.18859,00300
-97.21709,28.16616,00300
-97.21419,28.14372,00300
-97.20979,28.12129,00300
-97.20216,28.10900,00300
-97.19267,28.09894,00300
-97.17645,28.08123,00300
-97.17122,28.07663,00300
-97.16593,28.05420,00300
-97.16388,28.03175,00300
-97.15434,28.00935,00300
-97.15038,28.00502,00300
-97.13264,27.98704,00300
-97.12476,27.98251,00300
-97.09928,27.97704,00300
-97.07378,27.96822,00300
-97.07027,27.96495,00300
-97.04827,27.95631,00300
-97.02280,27.95084,00300
-96.99734,27.94386,00300
-96.99163,27.94292,00300
       </coordinates>
      </LinearRing>
     </outerBoundaryIs>
    </Polygon>
    <Polygon>
     <extrude>1</extrude>
     <altitudeMode>clampToGround</altitudeMode>
     <outerBoundaryIs>
      <LinearRing>
       <coordinates>
-97.13549,28.95309,00300
-97.13251,28.95025,00300
-97.12269,28.95317,00300
-97.11890,28.97567,00300
-97.13277,28.98343,00300
-97.14005,28.97554,00300
-97.13549,28.95309,00300
       </coordinates>
      </LinearRing>
     </outerBoundaryIs>
     <innerBoundaryIs>
      <LinearRing>
       <coordinates>
-96.74075,29.26959,00300
-96.74858,29.26212,00300
-96.75460,29.26954,00300
-96.74863,29.27490,00300
-96.74075,29.26959,00300
       </coordinates>
      </LinearRing>
     </innerBoundaryIs>
    </Polygon>
    <Polygon>
     <extrude>1</extrude>
     <altitudeMode>clampToGround</altitudeMode>
     <outerBoundaryIs>
      <LinearRing>
       <coordinates>
-96.98505,29.35849,00300
-96.98105,29.35239,00300
-96.97435,29.35855,00300
-96.98028,29.38100,00300
-96.98124,29.38175,00300
-96.98185,29.38099,00300
-96.98505,29.35849,00300
       </coordinates>
      </LinearRing>
     </outerBoundaryIs>
    </Polygon>
    <Polygon>
     <extrude>1</extrude>
     <altitudeMode>clampToGround</altitudeMode>
     <outerBoundaryIs>
      <LinearRing>
       <coordinates>
-96.87975,29.40394,00300
-96.87812,29.39365,00300
-96.87760,29.40395,00300
-96.87634,29.42643,00300
-96.87831,29.42721,00300
-96.88069,29.42641,00300
-96.87975,29.40394,00300
       </coordinates>
      </LinearRing>
     </outerBoundaryIs>
    </Polygon>
    <Polygon>
     <extrude>1</extrude>
     <altitudeMode>clampToGround</altitudeMode>
     <outerBoundaryIs>
      <LinearRing>
       <coordinates>
-96.98219,29.44842,00300
-96.98167,29.44801,00300
-96.98120,29.44843,00300
-96.96947,29.47096,00300
-96.98192,29.48498,00300
-97.00098,29.47080,00300
-96.98219,29.44842,00300
       </coordinates>
      </LinearRing>
     </outerBoundaryIs>
    </Polygon>
    <Polygon>
     <extrude>1</extrude>
     <altitudeMode>clampToGround</altitudeMode>
     <outerBoundaryIs>
      <LinearRing>
       <coordinates>
-97.03748,29.67292,00300
-97.03487,29.66836,00300
-97.03287,29.67295,00300
-97.03492,29.67529,00300
-97.03748,29.67292,00300
       </coordinates>
      </LinearRing>
     </outerBoundaryIs>
    </Polygon>
    <Polygon>
     <extrude>1</extrude>
     <altitudeMode>clampToGround</altitudeMode>
     <outerBoundaryIs>
      <LinearRing>
       <coordinates>
-96.64877,29.71940,00300
-96.64697,29.71696,00300
-96.62107,29.71573,00300
-96.61450,29.71948,00300
-96.62111,29.72827,00300
-96.64700,29.72806,00300
-96.64877,29.71940,00300
       </coordinates>
      </LinearRing>
     </outerBoundaryIs>
    </Polygon>
    <Polygon>
     <extrude>1</extrude>
     <altitudeMode>clampToGround</altitudeMode>
     <outerBoundaryIs>
      <LinearRing>
       <coordinates>
-96.65087,29.76436,00300
-96.64707,29.75066,00300
-96.62120,29.75999,00300
-96.62081,29.76443,00300
-96.62122,29.76537,00300
-96.64713,29.77081,00300
-96.65087,29.76436,00300
       </coordinates>
      </LinearRing>
     </outerBoundaryIs>
    </Polygon>
   </MultiGeometry>
  </Placemark>
  <Placemark>
   <name>Contour Level: 3.2E-14 mass/m3</name>
   <Snippet maxLines="0"></Snippet>
   <TimeSpan>
    <begin>2026-01-25T10:00:00Z</begin>
    <end>2026-01-25T11:00:00Z</end>
   </TimeSpan>
   <styleUrl>#conc4</styleUrl>
   <MultiGeometry>
    <Polygon>
     <extrude>1</extrude>
     <altitudeMode>clampToGround</altitudeMode>
     <outerBoundaryIs>
      <LinearRing>
       <coordinates>
-96.75524,28.57290,00500
-96.74568,28.56735,00500
-96.72010,28.56845,00500
-96.71442,28.57302,00500
-96.69457,28.58482,00500
-96.67690,28.59559,00500
-96.66904,28.60138,00500
-96.65057,28.61813,00500
-96.64355,28.63137,00500
-96.63920,28.64063,00500
-96.64040,28.66309,00500
-96.61810,28.68397,00500
-96.61712,28.68562,00500
-96.60522,28.70811,00500
-96.59895,28.73059,00500
-96.59263,28.73903,00500
-96.56699,28.73653,00500
-96.54136,28.73145,00500
-96.52394,28.75319,00500
-96.51581,28.77171,00500
-96.51472,28.77568,00500
-96.51584,28.78826,00500
-96.51773,28.79815,00500
-96.51587,28.80777,00500
-96.51371,28.82062,00500
-96.51534,28.84309,00500
-96.51233,28.86557,00500
-96.50323,28.88805,00500
-96.49037,28.90202,00500
-96.48107,28.91055,00500
-96.46474,28.93152,00500
-96.46393,28.93304,00500
-96.45316,28.95552,00500
-96.44886,28.97800,00500
-96.43913,28.98683,00500
-96.41786,29.00050,00500
-96.41344,29.00755,00500
-96.40441,29.02297,00500
-96.40434,29.04545,00500
-96.40768,29.06792,00500
-96.39080,29.09041,00500
-96.38779,29.09400,00500
-96.37745,29.11289,00500
-96.36588,29.13537,00500
-96.36209,29.14487,00500
-96.35801,29.15784,00500
-96.35094,29.18032,00500
-96.34241,29.20279,00500
-96.33729,29.22527,00500
-96.33720,29.24775,00500
-96.33636,29.25115,00500
-96.32512,29.27022,00500
-96.32996,29.29270,00500
-96.32286,29.31517,00500
-96.31058,29.32662,00500
-96.30433,29.33764,00500
-96.29524,29.36012,00500
-96.29221,29.38260,00500
-96.28476,29.40046,00500
-96.28115,29.40507,00500
-96.27106,29.42754,00500
-96.25892,29.44931,00500
-96.25867,29.45002,00500
-96.25217,29.47248,00500
-96.24922,29.49496,00500
-96.24713,29.51744,00500
-96.24361,29.53992,00500
-96.23627,29.56239,00500
-96.23547,29.58486,00500
-96.23295,29.59741,00500
-96.22810,29.60734,00500
-96.22462,29.62981,00500
-96.21983,29.65229,00500
-96.21651,29.67476,00500
-96.21325,29.69724,00500
-96.20936,29.71972,00500
-96.20692,29.72819,00500
-96.20256,29.74219,00500
-96.20190,29.76467,00500
-96.19904,29.78715,00500
-96.20212,29.80963,00500
-96.20219,29.83211,00500
-96.20206,29.85459,00500
-96.20332,29.87707,00500
-96.20090,29.89955,00500
-96.20483,29.92203,00500
-96.20239,29.94451,00500
-96.20661,29.96217,00500
-96.20738,29.96700,00500
-96.20660,29.97346,00500
-96.20358,29.98948,00500
-96.20544,30.01196,00500
-96.20298,30.03444,00500
-96.20441,30.05692,00500
-96.20515,30.07940,00500
-96.20363,30.10188,00500
-96.20641,30.11386,00500
-96.20787,30.12437,00500
-96.20850,30.14685,00500
-96.21451,30.16934,00500
-96.21449,30.19182,00500
-96.21383,30.21430,00500
-96.21789,30.23678,00500
-96.22864,30.25928,00500
-96.23223,30.27164,00500
-96.23247,30.28176,00500
-96.23388,30.30425,00500
-96.23407,30.32673,00500
-96.23450,30.34921,00500
-96.23485,30.37169,00500
-96.23469,30.39417,00500
-96.23507,30.41666,00500
-96.23488,30.43914,00500
-96.23521,30.46162,00500
-96.23566,30.48410,00500
-96.23658,30.50659,00500
-96.23985,30.52907,00500
-96.24579,30.55156,00500
-96.25803,30.56305,00500
-96.28413,30.56818,00500
-96.28452,30.57406,00500
-96.28475,30.59654,00500
-96.28494,30.61903,00500
-96.28568,30.64151,00500
-96.28842,30.66400,00500
-96.31021,30.68271,00500
-96.33512,30.66400,00500
-96.33636,30.66382,00500
-96.33760,30.66400,00500
-96.36250,30.68269,00500
-96.38422,30.66400,00500
-96.38700,30.64151,00500
-96.38774,30.61903,00500
-96.38783,30.59654,00500
-96.38787,30.57406,00500
-96.38774,30.55158,00500
-96.38741,30.52910,00500
-96.38675,30.50661,00500
-96.38612,30.48413,00500
-96.38487,30.46165,00500
-96.38434,30.43917,00500
-96.38289,30.41669,00500
-96.38255,30.39420,00500
-96.38171,30.37172,00500
-96.38116,30.34924,00500
-96.38079,30.32676,00500
-96.38085,30.30428,00500
-96.38096,30.28179,00500
-96.38083,30.25931,00500
-96.38103,30.23683,00500
-96.38055,30.21435,00500
-96.38035,30.19187,00500
-96.38004,30.16938,00500
-96.37929,30.14690,00500
-96.37886,30.12442,00500
-96.37931,30.10195,00500
-96.38141,30.07946,00500
-96.38200,30.05698,00500
-96.38292,30.03450,00500
-96.38432,30.01201,00500
-96.38705,29.98954,00500
-96.38826,29.98028,00500
-96.39647,29.96705,00500
-96.39371,29.94457,00500
-96.40162,29.92208,00500
-96.40907,29.89960,00500
-96.41414,29.88590,00500
-96.41697,29.87711,00500
-96.42430,29.85463,00500
-96.43301,29.83214,00500
-96.43770,29.80966,00500
-96.43998,29.80095,00500
-96.44501,29.78717,00500
-96.45360,29.76468,00500
-96.46165,29.74220,00500
-96.46541,29.71972,00500
-96.46577,29.71822,00500
-96.47295,29.69723,00500
-96.47321,29.67475,00500
-96.47981,29.65226,00500
-96.48833,29.62977,00500
-96.49130,29.60729,00500
-96.49149,29.60674,00500
-96.50752,29.58479,00500
-96.51453,29.56230,00500
-96.51724,29.55432,00500
-96.52426,29.53981,00500
-96.54301,29.51815,00500
-96.54339,29.51730,00500
-96.55041,29.49481,00500
-96.56033,29.47232,00500
-96.56868,29.45154,00500
-96.56987,29.44983,00500
-96.57596,29.42734,00500
-96.58203,29.40485,00500
-96.59431,29.38372,00500
-96.59609,29.38234,00500
-96.61913,29.35982,00500
-96.62004,29.35914,00500
-96.64579,29.34621,00500
-96.65702,29.35973,00500
-96.66776,29.38218,00500
-96.67171,29.38584,00500
-96.69750,29.38597,00500
-96.69936,29.38209,00500
-96.70140,29.35961,00500
-96.69738,29.35279,00500
-96.67156,29.34325,00500
-96.66069,29.33724,00500
-96.66032,29.31477,00500
-96.66963,29.29226,00500
-96.66859,29.26979,00500
-96.67062,29.24731,00500
-96.66248,29.22486,00500
-96.66419,29.20238,00500
-96.66528,29.17990,00500
-96.66840,29.15742,00500
-96.67088,29.14390,00500
-96.67342,29.13493,00500
-96.67323,29.11245,00500
-96.68367,29.08995,00500
-96.68398,29.06748,00500
-96.68679,29.04499,00500
-96.68014,29.02253,00500
-96.69234,29.00003,00500
-96.69608,28.99559,00500
-96.71981,28.97748,00500
-96.72168,28.97412,00500
-96.74391,28.95493,00500
-96.74728,28.95279,00500
-96.77171,28.93237,00500
-96.76974,28.90990,00500
-96.74704,28.89538,00500
-96.73667,28.88753,00500
-96.72128,28.87274,00500
-96.71876,28.86512,00500
-96.71825,28.84264,00500
-96.71027,28.82020,00500
-96.71635,28.79771,00500
-96.72095,28.78766,00500
-96.74656,28.77865,00500
-96.77227,28.79619,00500
-96.79789,28.79051,00500
-96.80825,28.77494,00500
-96.81543,28.75243,00500
-96.82325,28.73402,00500
-96.82693,28.72992,00500
-96.83163,28.70743,00500
-96.82883,28.68498,00500
-96.82295,28.67365,00500
-96.81641,28.66255,00500
-96.81104,28.64010,00500
-96.80488,28.61766,00500
-96.79702,28.60528,00500
-96.78421,28.59526,00500
-96.77133,28.58340,00500
-96.75524,28.57290,00500
       </coordinates>
      </LinearRing>
     </outerBoundaryIs>
    </Polygon>
   </MultiGeometry>
  </Placemark>
  <Placemark>
   <name>Contour Level: 1.0E-13 mass/m3</name>
   <Snippet maxLines="0"></Snippet>
   <TimeSpan>
    <begin>2026-01-25T10:00:00Z</begin>
    <end>2026-01-25T11:00:00Z</end>
   </TimeSpan>
   <styleUrl>#conc5</styleUrl>
   <MultiGeometry>
    <Polygon>
     <extrude>1</extrude>
     <altitudeMode>clampToGround</altitudeMode>
     <outerBoundaryIs>
      <LinearRing>
       <coordinates>
-96.48469,29.24766,00700
-96.46515,29.24474,00700
-96.43939,29.24059,00700
-96.43534,29.24771,00700
-96.42835,29.27019,00700
-96.43317,29.29266,00700
-96.43945,29.30475,00700
-96.46523,29.30370,00700
-96.48475,29.29261,00700
-96.49098,29.29105,00700
-96.51122,29.27011,00700
-96.49092,29.24830,00700
-96.48469,29.24766,00700
       </coordinates>
      </LinearRing>
     </outerBoundaryIs>
    </Polygon>
    <Polygon>
     <extrude>1</extrude>
     <altitudeMode>clampToGround</altitudeMode>
     <outerBoundaryIs>
      <LinearRing>
       <coordinates>
-96.45100,29.33760,00700
-96.43948,29.32384,00700
-96.41370,29.32655,00700
-96.39053,29.33764,00700
-96.38792,29.33894,00700
-96.37674,29.36012,00700
-96.36272,29.38260,00700
-96.36215,29.38371,00700
-96.35794,29.40508,00700
-96.35242,29.42756,00700
-96.34433,29.45004,00700
-96.33636,29.47188,00700
-96.33559,29.47251,00700
-96.32042,29.49499,00700
-96.31052,29.51686,00700
-96.31032,29.51747,00700
-96.30231,29.53994,00700
-96.29607,29.56242,00700
-96.29024,29.58489,00700
-96.28466,29.59042,00700
-96.26999,29.60737,00700
-96.26547,29.62984,00700
-96.26296,29.65232,00700
-96.26019,29.67480,00700
-96.25874,29.68292,00700
-96.25617,29.69728,00700
-96.25181,29.71975,00700
-96.24722,29.74223,00700
-96.23405,29.76470,00700
-96.23937,29.78718,00700
-96.23905,29.80967,00700
-96.23959,29.83214,00700
-96.23878,29.85462,00700
-96.23643,29.87710,00700
-96.23870,29.89959,00700
-96.23519,29.92206,00700
-96.23930,29.94455,00700
-96.23755,29.96703,00700
-96.23885,29.98951,00700
-96.23627,30.01199,00700
-96.23690,30.03447,00700
-96.23589,30.05695,00700
-96.23542,30.07943,00700
-96.23631,30.10191,00700
-96.23493,30.12439,00700
-96.23899,30.14687,00700
-96.23981,30.16936,00700
-96.23978,30.19184,00700
-96.23879,30.21432,00700
-96.23917,30.23680,00700
-96.24042,30.25928,00700
-96.24020,30.28176,00700
-96.24088,30.30425,00700
-96.24101,30.32673,00700
-96.24068,30.34921,00700
-96.24141,30.37169,00700
-96.24054,30.39418,00700
-96.24155,30.41666,00700
-96.24100,30.43914,00700
-96.24207,30.46162,00700
-96.24356,30.48411,00700
-96.24653,30.50659,00700
-96.25691,30.52908,00700
-96.25806,30.53137,00700
-96.28414,30.54942,00700
-96.28474,30.55158,00700
-96.28609,30.57406,00700
-96.28643,30.59654,00700
-96.28682,30.61903,00700
-96.28918,30.64151,00700
-96.29797,30.66400,00700
-96.31022,30.67452,00700
-96.32421,30.66400,00700
-96.33636,30.66221,00700
-96.34852,30.66400,00700
-96.36250,30.67449,00700
-96.37469,30.66400,00700
-96.38350,30.64151,00700
-96.38586,30.61903,00700
-96.38615,30.59654,00700
-96.38630,30.57406,00700
-96.38590,30.55158,00700
-96.38485,30.52910,00700
-96.38274,30.50661,00700
-96.38087,30.48414,00700
-96.37698,30.46165,00700
-96.37532,30.43917,00700
-96.37077,30.41669,00700
-96.36952,30.39421,00700
-96.36657,30.37173,00700
-96.36494,30.34925,00700
-96.36394,30.32677,00700
-96.36414,30.30429,00700
-96.36430,30.28180,00700
-96.36377,30.25932,00700
-96.36329,30.23684,00700
-96.36238,30.22798,00700
-96.36113,30.21435,00700
-96.36073,30.19187,00700
-96.35751,30.16939,00700
-96.35821,30.14691,00700
-96.35471,30.12443,00700
-96.35695,30.10195,00700
-96.35609,30.07947,00700
-96.35706,30.05698,00700
-96.35849,30.03451,00700
-96.36067,30.01202,00700
-96.36232,30.00560,00700
-96.36591,29.98954,00700
-96.36960,29.96706,00700
-96.36943,29.94458,00700
-96.36918,29.92210,00700
-96.37166,29.89962,00700
-96.37569,29.87713,00700
-96.37640,29.85465,00700
-96.37684,29.83217,00700
-96.37791,29.80970,00700
-96.38046,29.78721,00700
-96.38327,29.76473,00700
-96.38188,29.74225,00700
-96.38414,29.71977,00700
-96.38451,29.69729,00700
-96.38811,29.68812,00700
-96.39714,29.67480,00700
-96.40561,29.65232,00700
-96.41395,29.63780,00700
-96.41706,29.62983,00700
-96.42355,29.60736,00700
-96.42921,29.58487,00700
-96.43543,29.56239,00700
-96.43433,29.53991,00700
-96.43969,29.52534,00700
-96.44280,29.51743,00700
-96.44163,29.49495,00700
-96.45293,29.47246,00700
-96.45034,29.44999,00700
-96.44914,29.42751,00700
-96.45051,29.40503,00700
-96.45841,29.38255,00700
-96.46051,29.36007,00700
-96.45100,29.33760,00700
       </coordinates>
      </LinearRing>
     </outerBoundaryIs>
    </Polygon>
   </MultiGeometry>
  </Placemark>
  <Placemark>
   <name>Contour Level: 3.2E-13 mass/m3</name>
   <Snippet maxLines="0"></Snippet>
   <TimeSpan>
    <begin>2026-01-25T10:00:00Z</begin>
    <end>2026-01-25T11:00:00Z</end>
   </TimeSpan>
   <styleUrl>#conc6</styleUrl>
   <MultiGeometry>
    <Polygon>
     <extrude>1</extrude>
     <altitudeMode>clampToGround</altitudeMode>
     <outerBoundaryIs>
      <LinearRing>
       <coordinates>
-96.29391,30.01202,00900
-96.28444,30.00198,00900
-96.27948,30.01201,00900
-96.28125,30.03449,00900
-96.27502,30.05697,00900
-96.27354,30.07945,00900
-96.27443,30.10194,00900
-96.27163,30.12441,00900
-96.27665,30.14690,00900
-96.27244,30.16938,00900
-96.27405,30.19186,00900
-96.26810,30.21434,00900
-96.26781,30.23682,00900
-96.26511,30.25930,00900
-96.26404,30.28178,00900
-96.26249,30.30426,00900
-96.26175,30.32675,00900
-96.26028,30.34923,00900
-96.26080,30.37171,00900
-96.25916,30.39419,00900
-96.26067,30.41668,00900
-96.26044,30.43916,00900
-96.26232,30.46164,00900
-96.26620,30.48412,00900
-96.27979,30.50661,00900
-96.28416,30.52366,00900
-96.28458,30.52910,00900
-96.29060,30.55158,00900
-96.29111,30.57406,00900
-96.29173,30.59654,00900
-96.29276,30.61903,00900
-96.30028,30.64151,00900
-96.31022,30.65504,00900
-96.33636,30.65713,00900
-96.36250,30.65503,00900
-96.37242,30.64151,00900
-96.37992,30.61903,00900
-96.38086,30.59654,00900
-96.38132,30.57406,00900
-96.38010,30.55158,00900
-96.37675,30.52910,00900
-96.37006,30.50662,00900
-96.36427,30.48414,00900
-96.36244,30.47945,00900
-96.35461,30.46166,00900
-96.34954,30.43918,00900
-96.33916,30.41669,00900
-96.34101,30.39421,00900
-96.33636,30.38675,00900
-96.32830,30.37173,00900
-96.33326,30.34925,00900
-96.32684,30.32677,00900
-96.32803,30.30429,00900
-96.32648,30.28180,00900
-96.32329,30.25932,00900
-96.32164,30.23684,00900
-96.31520,30.21435,00900
-96.31111,30.19187,00900
-96.31035,30.18669,00900
-96.30807,30.16939,00900
-96.30067,30.14691,00900
-96.30546,30.12442,00900
-96.30145,30.10195,00900
-96.30235,30.07946,00900
-96.30002,30.05698,00900
-96.29063,30.03450,00900
-96.29391,30.01202,00900
       </coordinates>
      </LinearRing>
     </outerBoundaryIs>
    </Polygon>
   </MultiGeometry>
  </Placemark>
  <Placemark>
   <name>Contour Level: 1.0E-12 mass/m3</name>
   <Snippet maxLines="0"></Snippet>
   <TimeSpan>
    <begin>2026-01-25T10:00:00Z</begin>
    <end>2026-01-25T11:00:00Z</end>
   </TimeSpan>
   <styleUrl>#conc7</styleUrl>
   <MultiGeometry>
    <Polygon>
     <extrude>1</extrude>
     <altitudeMode>clampToGround</altitudeMode>
     <outerBoundaryIs>
      <LinearRing>
       <coordinates>
-96.33670,30.50662,01100
-96.33636,30.50621,01100
-96.33579,30.50662,01100
-96.32394,30.52911,01100
-96.31025,30.54689,01100
-96.30910,30.55159,01100
-96.30696,30.57407,01100
-96.30851,30.59655,01100
-96.31023,30.60992,01100
-96.31149,30.61903,01100
-96.33636,30.64106,01100
-96.36121,30.61903,01100
-96.36248,30.60959,01100
-96.36413,30.59655,01100
-96.36560,30.57407,01100
-96.36246,30.55519,01100
-96.36179,30.55159,01100
-96.34482,30.52911,01100
-96.33670,30.50662,01100
       </coordinates>
      </LinearRing>
     </outerBoundaryIs>
    </Polygon>
   </MultiGeometry>
  </Placemark>
  <Placemark>
   <name>Maximum Value Grid Cell</name>
   <Snippet maxLines="0"></Snippet>
   <description><![CDATA[<pre>
LAT:   30.5741 LON:  -96.3364
Value: 2.6E-12
      The square represents the location
      of maximum concentration and the
      size of the square represents the
      concentration grid cell size.
    </pre>]]>
   </description>
   <TimeSpan>
    <begin>2026-01-25T10:00:00Z</begin>
    <end>2026-01-25T11:00:00Z</end>
   </TimeSpan>
   <styleUrl>#maxv</styleUrl>
   <Polygon>
    <extrude>1</extrude>
    <altitudeMode>clampToGround</altitudeMode>
    <outerBoundaryIs>
     <LinearRing>
      <coordinates>
        -96.36246,30.55159,00100
        -96.31025,30.55159,00100
        -96.31024,30.59655,00100
        -96.36247,30.59655,00100
        -96.36246,30.55159,00100
      </coordinates>
     </LinearRing>
    </outerBoundaryIs>
   </Polygon>
  </Placemark>
 </Folder>
 <Folder>
  <name><![CDATA[<pre>Concentration 
(Valid:20260125 1200UTC)</pre>]]>
  </name>
  <visibility>0</visibility>
  <description><![CDATA[<pre>
Averaged from 00000 to 00100m
Valid:20260125 1200 UTC
   </pre>]]>
  </description>
  <ScreenOverlay>
   <name>Legend</name>
   <Snippet maxLines="0"></Snippet>
   <TimeSpan>
    <begin>2026-01-25T11:00:00Z</begin>
    <end>2026-01-25T12:00:00Z</end>
   </TimeSpan>
   <Icon>
    <href>GELABEL_12_22130.gif</href>
   </Icon>
   <overlayXY x="0" y="1" xunits="fraction" yunits="fraction"/>
   <screenXY x="0" y="1" xunits="fraction" yunits="fraction"/>
   <rotationXY x="0" y="0" xunits="fraction" yunits="fraction"/>
   <size x="0" y="0" xunits="pixels" yunits="pixels"/>
  </ScreenOverlay>
  <Placemark>
   <name>Contour Level: 3.2E-15 mass/m3</name>
   <Snippet maxLines="0"></Snippet>
   <TimeSpan>
    <begin>2026-01-25T11:00:00Z</begin>
    <end>2026-01-25T12:00:00Z</end>
   </TimeSpan>
   <styleUrl>#conc2</styleUrl>
   <MultiGeometry>
    <Polygon>
     <extrude>1</extrude>
     <altitudeMode>clampToGround</altitudeMode>
     <outerBoundaryIs>
      <LinearRing>
       <coordinates>
-97.00877,27.56110,00100
-96.99475,27.55396,00100
-96.96942,27.55226,00100
-96.94407,27.54757,00100
-96.91877,27.55243,00100
-96.89349,27.56042,00100
-96.89201,27.56166,00100
-96.87995,27.58416,00100
-96.86839,27.60205,00100
-96.86662,27.60668,00100
-96.86060,27.62915,00100
-96.85183,27.65164,00100
-96.84584,27.67411,00100
-96.84343,27.67585,00100
-96.81812,27.68367,00100
-96.79594,27.69676,00100
-96.79283,27.69859,00100
-96.76752,27.70929,00100
-96.74490,27.71939,00100
-96.74220,27.72220,00100
-96.71686,27.72579,00100
-96.69154,27.74151,00100
-96.69121,27.74200,00100
-96.67734,27.76450,00100
-96.67163,27.78696,00100
-96.66637,27.80325,00100
-96.66489,27.80944,00100
-96.66074,27.83190,00100
-96.65518,27.85438,00100
-96.65130,27.87684,00100
-96.64127,27.89363,00100
-96.63592,27.89934,00100
-96.61967,27.92183,00100
-96.61594,27.92274,00100
-96.59058,27.94386,00100
-96.58958,27.94435,00100
-96.56553,27.96686,00100
-96.56521,27.96744,00100
-96.54255,27.98936,00100
-96.53984,27.99736,00100
-96.53378,28.01183,00100
-96.51644,28.03431,00100
-96.51448,28.03689,00100
-96.48906,28.05297,00100
-96.48668,28.05681,00100
-96.46363,28.06987,00100
-96.45445,28.07931,00100
-96.43819,28.08669,00100
-96.42299,28.10179,00100
-96.41276,28.12056,00100
-96.41059,28.12426,00100
-96.40930,28.14672,00100
-96.40842,28.16918,00100
-96.40768,28.19165,00100
-96.40856,28.21411,00100
-96.40244,28.23657,00100
-96.39596,28.25904,00100
-96.38966,28.28151,00100
-96.38737,28.28490,00100
-96.36581,28.30398,00100
-96.36187,28.30862,00100
-96.34205,28.32644,00100
-96.33636,28.33167,00100
-96.31084,28.33209,00100
-96.28531,28.34715,00100
-96.28373,28.34890,00100
-96.26577,28.37136,00100
-96.26615,28.39382,00100
-96.26411,28.41629,00100
-96.25972,28.42834,00100
-96.25632,28.43875,00100
-96.25019,28.46121,00100
-96.23942,28.48367,00100
-96.23411,28.49028,00100
-96.20853,28.50582,00100
-96.20800,28.50611,00100
-96.18987,28.52856,00100
-96.19151,28.55103,00100
-96.19269,28.57350,00100
-96.20841,28.59439,00100
-96.20937,28.59598,00100
-96.22092,28.61846,00100
-96.22331,28.64094,00100
-96.21633,28.66340,00100
-96.21368,28.68586,00100
-96.21181,28.70833,00100
-96.20827,28.73080,00100
-96.20823,28.73092,00100
-96.19537,28.75325,00100
-96.18254,28.77268,00100
-96.18066,28.77571,00100
-96.16603,28.79816,00100
-96.15942,28.82062,00100
-96.15680,28.82951,00100
-96.14706,28.84307,00100
-96.13110,28.85079,00100
-96.11745,28.86550,00100
-96.12039,28.88798,00100
-96.13000,28.91047,00100
-96.13097,28.91769,00100
-96.13158,28.93294,00100
-96.13092,28.94128,00100
-96.12759,28.95541,00100
-96.12566,28.97788,00100
-96.13081,28.99174,00100
-96.13297,29.00036,00100
-96.13076,29.01825,00100
-96.12995,29.02283,00100
-96.13071,29.03838,00100
-96.13120,29.04530,00100
-96.13070,29.04588,00100
-96.12123,29.06776,00100
-96.13021,29.09025,00100
-96.13061,29.09139,00100
-96.13275,29.11273,00100
-96.13133,29.13520,00100
-96.13050,29.14040,00100
-96.11050,29.15765,00100
-96.10469,29.17600,00100
-96.10316,29.18011,00100
-96.10467,29.18323,00100
-96.10810,29.20259,00100
-96.10523,29.22506,00100
-96.10457,29.22635,00100
-96.09586,29.24752,00100
-96.09518,29.26999,00100
-96.08934,29.29246,00100
-96.08964,29.31494,00100
-96.08604,29.33741,00100
-96.08051,29.35987,00100
-96.08182,29.38235,00100
-96.08754,29.40484,00100
-96.08956,29.42732,00100
-96.08852,29.44980,00100
-96.09086,29.47228,00100
-96.08892,29.49476,00100
-96.09399,29.51724,00100
-96.08910,29.53971,00100
-96.09195,29.56219,00100
-96.08953,29.58467,00100
-96.09105,29.60715,00100
-96.09029,29.62963,00100
-96.08754,29.65210,00100
-96.08927,29.67459,00100
-96.08588,29.69706,00100
-96.08988,29.71955,00100
-96.08784,29.74202,00100
-96.09416,29.76451,00100
-96.09173,29.78699,00100
-96.09574,29.80948,00100
-96.10104,29.83197,00100
-96.10311,29.83965,00100
-96.10761,29.85446,00100
-96.11594,29.87695,00100
-96.10929,29.89942,00100
-96.10845,29.92190,00100
-96.10677,29.94438,00100
-96.11004,29.96687,00100
-96.10949,29.98935,00100
-96.11119,30.01183,00100
-96.11649,30.03432,00100
-96.12859,30.04541,00100
-96.12978,30.05682,00100
-96.13055,30.07930,00100
-96.13094,30.10179,00100
-96.13225,30.12427,00100
-96.13170,30.14675,00100
-96.13461,30.16924,00100
-96.13364,30.19172,00100
-96.13686,30.21420,00100
-96.13844,30.23669,00100
-96.14187,30.25917,00100
-96.14854,30.28167,00100
-96.15408,30.29913,00100
-96.15648,30.30416,00100
-96.17323,30.32667,00100
-96.18007,30.33306,00100
-96.18046,30.34916,00100
-96.18108,30.37164,00100
-96.18105,30.39412,00100
-96.18166,30.41660,00100
-96.18307,30.43909,00100
-96.18718,30.46157,00100
-96.20592,30.47998,00100
-96.22334,30.48409,00100
-96.23199,30.48986,00100
-96.23211,30.50658,00100
-96.23215,30.52907,00100
-96.23219,30.55155,00100
-96.23256,30.57403,00100
-96.23288,30.59651,00100
-96.23448,30.61900,00100
-96.25797,30.63943,00100
-96.28213,30.61903,00100
-96.28411,30.61865,00100
-96.28417,30.61903,00100
-96.28426,30.64151,00100
-96.28454,30.66399,00100
-96.31021,30.68613,00100
-96.33636,30.68348,00100
-96.36250,30.68609,00100
-96.38818,30.66399,00100
-96.38845,30.64151,00100
-96.38851,30.61903,00100
-96.38851,30.59654,00100
-96.38850,30.57406,00100
-96.38846,30.55158,00100
-96.38832,30.52910,00100
-96.38740,30.50661,00100
-96.38693,30.48413,00100
-96.37302,30.46165,00100
-96.36243,30.44705,00100
-96.36230,30.43918,00100
-96.33636,30.41679,00100
-96.33632,30.41669,00100
-96.33636,30.41658,00100
-96.36182,30.39421,00100
-96.34357,30.37173,00100
-96.36148,30.34925,00100
-96.35754,30.32677,00100
-96.36086,30.30429,00100
-96.36164,30.28180,00100
-96.36176,30.25932,00100
-96.36159,30.23684,00100
-96.35143,30.21435,00100
-96.36077,30.19187,00100
-96.33926,30.16939,00100
-96.36018,30.14691,00100
-96.34636,30.12443,00100
-96.35897,30.10195,00100
-96.35470,30.07947,00100
-96.35823,30.05698,00100
-96.36199,30.03451,00100
-96.36233,30.02994,00100
-96.36804,30.01202,00100
-96.37334,29.98954,00100
-96.37958,29.96706,00100
-96.38397,29.94457,00100
-96.38824,29.93468,00100
-96.39715,29.92209,00100
-96.38823,29.90951,00100
-96.38505,29.89961,00100
-96.37632,29.87713,00100
-96.37680,29.85465,00100
-96.37850,29.83217,00100
-96.38070,29.80969,00100
-96.38568,29.78721,00100
-96.38734,29.76473,00100
-96.38693,29.74225,00100
-96.38374,29.71977,00100
-96.38811,29.70566,00100
-96.40014,29.71976,00100
-96.39430,29.74224,00100
-96.39448,29.76473,00100
-96.41405,29.77912,00100
-96.43044,29.78718,00100
-96.43997,29.79019,00100
-96.46286,29.80964,00100
-96.46251,29.83212,00100
-96.45835,29.85460,00100
-96.45925,29.87708,00100
-96.46600,29.89144,00100
-96.46996,29.89955,00100
-96.47785,29.92202,00100
-96.49201,29.93861,00100
-96.51797,29.94403,00100
-96.54391,29.94278,00100
-96.56066,29.92191,00100
-96.56097,29.89943,00100
-96.56970,29.88240,00100
-96.59563,29.88032,00100
-96.59838,29.87687,00100
-96.59760,29.85440,00100
-96.60114,29.83191,00100
-96.60167,29.80943,00100
-96.59541,29.79637,00100
-96.56950,29.79508,00100
-96.56728,29.80950,00100
-96.56856,29.83197,00100
-96.56956,29.85445,00100
-96.56612,29.87694,00100
-96.54379,29.88839,00100
-96.51785,29.87936,00100
-96.51510,29.87701,00100
-96.50666,29.85455,00100
-96.50516,29.83207,00100
-96.50537,29.80959,00100
-96.49178,29.79125,00100
-96.46587,29.79072,00100
-96.46226,29.78716,00100
-96.46587,29.78388,00100
-96.47290,29.76467,00100
-96.48268,29.74218,00100
-96.47788,29.71970,00100
-96.48644,29.69721,00100
-96.49160,29.68176,00100
-96.49942,29.69720,00100
-96.50399,29.71967,00100
-96.50313,29.74215,00100
-96.50886,29.76462,00100
-96.51765,29.77867,00100
-96.54357,29.78394,00100
-96.56944,29.77274,00100
-96.57278,29.76452,00100
-96.57816,29.74203,00100
-96.57964,29.71955,00100
-96.56928,29.70684,00100
-96.56488,29.69710,00100
-96.54608,29.67465,00100
-96.54418,29.65218,00100
-96.55910,29.62967,00100
-96.56908,29.62356,00100
-96.59492,29.61231,00100
-96.62077,29.61218,00100
-96.64668,29.62667,00100
-96.64751,29.62949,00100
-96.65759,29.65194,00100
-96.67265,29.66080,00100
-96.69853,29.66328,00100
-96.72437,29.65508,00100
-96.72858,29.65175,00100
-96.74480,29.62922,00100
-96.75005,29.61165,00100
-96.75210,29.60672,00100
-96.77585,29.59849,00100
-96.80173,29.60407,00100
-96.80342,29.60654,00100
-96.80875,29.62900,00100
-96.82777,29.64325,00100
-96.85361,29.63643,00100
-96.85988,29.62880,00100
-96.86127,29.60632,00100
-96.85339,29.59436,00100
-96.82750,29.58743,00100
-96.82117,29.58400,00100
-96.81624,29.56153,00100
-96.81438,29.53906,00100
-96.81045,29.51660,00100
-96.80122,29.49786,00100
-96.79762,29.49417,00100
-96.77531,29.47889,00100
-96.77215,29.47178,00100
-96.77524,29.46294,00100
-96.80105,29.46196,00100
-96.82689,29.46658,00100
-96.85268,29.46214,00100
-96.87843,29.44897,00100
-96.90427,29.45382,00100
-96.93015,29.46525,00100
-96.93904,29.47111,00100
-96.93584,29.49360,00100
-96.93036,29.49896,00100
-96.91987,29.51615,00100
-96.93053,29.52833,00100
-96.95635,29.52604,00100
-96.97366,29.51590,00100
-96.98210,29.51207,00100
-97.00536,29.49326,00100
-97.00778,29.49045,00100
-97.01646,29.47072,00100
-97.02417,29.44821,00100
-97.02867,29.42570,00100
-97.02914,29.40322,00100
-97.01706,29.38081,00100
-97.00690,29.36190,00100
-97.00526,29.35839,00100
-96.99803,29.33595,00100
-96.98335,29.31355,00100
-97.00654,29.30933,00100
-97.01922,29.29089,00100
-97.02057,29.26841,00100
-97.01731,29.24595,00100
-97.00843,29.22352,00100
-97.00667,29.20105,00100
-97.01258,29.17854,00100
-97.01208,29.15607,00100
-97.00635,29.13363,00100
-97.00532,29.12995,00100
-96.99723,29.11120,00100
-96.97938,29.09835,00100
-96.97080,29.08885,00100
-96.96635,29.06640,00100
-96.97072,29.04390,00100
-96.96934,29.02144,00100
-96.97282,28.99895,00100
-96.97401,28.97647,00100
-96.97854,28.96956,00100
-97.00426,28.97453,00100
-97.00571,28.97631,00100
-97.01346,28.99874,00100
-97.01883,29.02118,00100
-97.03037,29.03452,00100
-97.05600,29.02462,00100
-97.05733,29.02097,00100
-97.06174,28.99847,00100
-97.07212,28.97595,00100
-97.07291,28.95347,00100
-97.06343,28.93105,00100
-97.05521,28.91703,00100
-97.05050,28.90865,00100
-97.02940,28.89599,00100
-97.02473,28.88631,00100
-97.02125,28.86386,00100
-97.02908,28.85049,00100
-97.04803,28.84124,00100
-97.05458,28.82984,00100
-97.08022,28.82903,00100
-97.09071,28.81853,00100
-97.08009,28.81079,00100
-97.06058,28.79623,00100
-97.05425,28.78512,00100
-97.04910,28.77383,00100
-97.04240,28.75139,00100
-97.05392,28.74018,00100
-97.05689,28.72884,00100
-97.06248,28.70633,00100
-97.07919,28.69219,00100
-97.10476,28.68594,00100
-97.11244,28.68357,00100
-97.12520,28.66103,00100
-97.12423,28.63856,00100
-97.12004,28.61612,00100
-97.12965,28.59648,00100
-97.14033,28.59352,00100
-97.15513,28.58236,00100
-97.17968,28.59327,00100
-97.18082,28.59383,00100
-97.18424,28.59324,00100
-97.20637,28.58974,00100
-97.23193,28.58732,00100
-97.25401,28.57029,00100
-97.25730,28.56350,00100
-97.26559,28.54774,00100
-97.27022,28.52524,00100
-97.28002,28.50270,00100
-97.28226,28.49870,00100
-97.30770,28.48538,00100
-97.33328,28.48754,00100
-97.34924,28.47970,00100
-97.35866,28.46936,00100
-97.37331,28.45704,00100
-97.38399,28.44736,00100
-97.38859,28.43444,00100
-97.38990,28.41197,00100
-97.38628,28.38953,00100
-97.38323,28.37591,00100
-97.37820,28.36713,00100
-97.38295,28.34968,00100
-97.38345,28.34462,00100
-97.38285,28.34028,00100
-97.37623,28.32221,00100
-97.36955,28.29980,00100
-97.35676,28.28535,00100
-97.34509,28.27753,00100
-97.33833,28.25513,00100
-97.33767,28.23266,00100
-97.33533,28.21022,00100
-97.34276,28.18770,00100
-97.34612,28.16521,00100
-97.35545,28.15788,00100
-97.36480,28.14260,00100
-97.37154,28.12008,00100
-97.37831,28.09756,00100
-97.37451,28.07513,00100
-97.37834,28.05264,00100
-97.37717,28.03019,00100
-97.37704,28.00773,00100
-97.37749,27.98527,00100
-97.36911,27.96288,00100
-97.35327,27.94534,00100
-97.35062,27.94056,00100
-97.33437,27.91824,00100
-97.33159,27.89580,00100
-97.32730,27.89055,00100
-97.31629,27.87346,00100
-97.30590,27.85108,00100
-97.30144,27.84407,00100
-97.29678,27.82869,00100
-97.29187,27.80627,00100
-97.28622,27.78386,00100
-97.27533,27.76851,00100
-97.27355,27.76150,00100
-97.26851,27.73908,00100
-97.25861,27.71670,00100
-97.24937,27.70538,00100
-97.23121,27.69444,00100
-97.22387,27.68952,00100
-97.19843,27.67940,00100
-97.17303,27.67469,00100
-97.14766,27.67282,00100
-97.14612,27.67255,00100
-97.12222,27.66118,00100
-97.10219,27.65038,00100
-97.09675,27.64679,00100
-97.07223,27.62810,00100
-97.07126,27.62701,00100
-97.06036,27.60572,00100
-97.04565,27.59008,00100
-97.03647,27.58340,00100
-97.02020,27.57227,00100
-97.00877,27.56110,00100
       </coordinates>
      </LinearRing>
     </outerBoundaryIs>
    </Polygon>
    <Polygon>
     <extrude>1</extrude>
     <altitudeMode>clampToGround</altitudeMode>
     <outerBoundaryIs>
      <LinearRing>
       <coordinates>
-97.21751,28.68289,00100
-97.20708,28.66978,00100
-97.18140,28.66157,00100
-97.15585,28.66882,00100
-97.13964,28.68340,00100
-97.13765,28.70589,00100
-97.13876,28.72835,00100
-97.14742,28.75077,00100
-97.15637,28.77318,00100
-97.14951,28.79570,00100
-97.14618,28.81819,00100
-97.15717,28.82715,00100
-97.18292,28.83986,00100
-97.20843,28.84025,00100
-97.20858,28.84026,00100
-97.22111,28.86264,00100
-97.21533,28.88515,00100
-97.20905,28.89350,00100
-97.19843,28.90774,00100
-97.20274,28.93018,00100
-97.20943,28.93552,00100
-97.23525,28.95190,00100
-97.26085,28.94250,00100
-97.28643,28.93179,00100
-97.28976,28.92957,00100
-97.29306,28.90707,00100
-97.28612,28.89973,00100
-97.26309,28.88481,00100
-97.26028,28.88121,00100
-97.24644,28.86246,00100
-97.23425,28.84097,00100
-97.20877,28.84025,00100
-97.22664,28.81766,00100
-97.23389,28.80252,00100
-97.23644,28.79512,00100
-97.23376,28.78727,00100
-97.23019,28.77269,00100
-97.23076,28.75022,00100
-97.21903,28.72783,00100
-97.21748,28.70536,00100
-97.21751,28.68289,00100
       </coordinates>
      </LinearRing>
     </outerBoundaryIs>
     <innerBoundaryIs>
      <LinearRing>
       <coordinates>
-96.97540,28.72927,00100
-96.97691,28.71999,00100
-97.00247,28.71008,00100
-97.01287,28.72907,00100
-97.00444,28.75159,00100
-97.00275,28.75198,00100
-97.00226,28.75160,00100
-96.97701,28.73461,00100
-96.97540,28.72927,00100
       </coordinates>
      </LinearRing>
     </innerBoundaryIs>
    </Polygon>
    <Polygon>
     <extrude>1</extrude>
     <altitudeMode>clampToGround</altitudeMode>
     <outerBoundaryIs>
      <LinearRing>
       <coordinates>
-97.15297,28.99793,00100
-97.13284,28.99125,00100
-97.11649,28.99815,00100
-97.10952,29.02067,00100
-97.10754,29.04155,00100
-97.10696,29.04316,00100
-97.08199,29.06264,00100
-97.07925,29.06580,00100
-97.08205,29.06915,00100
-97.10774,29.06709,00100
-97.11102,29.06561,00100
-97.13339,29.05992,00100
-97.15903,29.05027,00100
-97.16513,29.04280,00100
-97.17245,29.02028,00100
-97.15862,29.00191,00100
-97.15297,28.99793,00100
       </coordinates>
      </LinearRing>
     </outerBoundaryIs>
    </Polygon>
    <Polygon>
     <extrude>1</extrude>
     <altitudeMode>clampToGround</altitudeMode>
     <outerBoundaryIs>
      <LinearRing>
       <coordinates>
-97.18623,29.11009,00100
-97.18524,29.10875,00100
-97.18328,29.11011,00100
-97.18535,29.12156,00100
-97.18623,29.11009,00100
       </coordinates>
      </LinearRing>
     </outerBoundaryIs>
     <innerBoundaryIs>
      <LinearRing>
       <coordinates>
-96.87427,29.13424,00100
-96.87659,29.11636,00100
-96.90234,29.11997,00100
-96.92813,29.13109,00100
-96.93372,29.13398,00100
-96.95394,29.14345,00100
-96.95942,29.15634,00100
-96.96043,29.17881,00100
-96.95428,29.19742,00100
-96.94843,29.20134,00100
-96.92867,29.21882,00100
-96.90291,29.21863,00100
-96.88729,29.20161,00100
-96.87703,29.19524,00100
-96.86802,29.17922,00100
-96.86674,29.15675,00100
-96.87427,29.13424,00100
       </coordinates>
      </LinearRing>
     </innerBoundaryIs>
    </Polygon>
    <Polygon>
     <extrude>1</extrude>
     <altitudeMode>clampToGround</altitudeMode>
     <outerBoundaryIs>
      <LinearRing>
       <coordinates>
-97.29769,29.15426,00100
-97.28851,29.14718,00100
-97.26789,29.15448,00100
-97.26311,29.17698,00100
-97.28889,29.18673,00100
-97.30110,29.17670,00100
-97.29769,29.15426,00100
       </coordinates>
      </LinearRing>
     </outerBoundaryIs>
     <innerBoundaryIs>
      <LinearRing>
       <coordinates>
-96.91908,29.26891,00100
-96.92883,29.24703,00100
-96.93500,29.26883,00100
-96.92898,29.27120,00100
-96.91908,29.26891,00100
       </coordinates>
      </LinearRing>
     </innerBoundaryIs>
     <innerBoundaryIs>
      <LinearRing>
       <coordinates>
-96.67262,29.26978,00100
-96.69701,29.25155,00100
-96.72256,29.26964,00100
-96.69714,29.28757,00100
-96.67262,29.26978,00100
       </coordinates>
      </LinearRing>
     </innerBoundaryIs>
     <innerBoundaryIs>
      <LinearRing>
       <coordinates>
-96.72171,29.31460,00100
-96.72296,29.29976,00100
-96.74877,29.30855,00100
-96.75546,29.31449,00100
-96.74883,29.32031,00100
-96.72304,29.31891,00100
-96.72171,29.31460,00100
       </coordinates>
      </LinearRing>
     </innerBoundaryIs>
     <innerBoundaryIs>
      <LinearRing>
       <coordinates>
-96.72620,29.42697,00100
-96.74923,29.41714,00100
-96.75375,29.42689,00100
-96.74929,29.43220,00100
-96.72620,29.42697,00100
       </coordinates>
      </LinearRing>
     </innerBoundaryIs>
    </Polygon>
    <Polygon>
     <extrude>1</extrude>
     <altitudeMode>clampToGround</altitudeMode>
     <outerBoundaryIs>
      <LinearRing>
       <coordinates>
-97.08769,29.47033,00100
-97.08504,29.46258,00100
-97.08208,29.47036,00100
-97.08512,29.47285,00100
-97.08769,29.47033,00100
       </coordinates>
      </LinearRing>
     </outerBoundaryIs>
    </Polygon>
    <Polygon>
     <extrude>1</extrude>
     <altitudeMode>clampToGround</altitudeMode>
     <outerBoundaryIs>
      <LinearRing>
       <coordinates>
-97.08740,29.60520,00100
-97.08610,29.60065,00100
-97.07564,29.60527,00100
-97.07759,29.62774,00100
-97.08633,29.63024,00100
-97.08809,29.62768,00100
-97.08740,29.60520,00100
       </coordinates>
      </LinearRing>
     </outerBoundaryIs>
     <innerBoundaryIs>
      <LinearRing>
       <coordinates>
-96.46364,29.60732,00100
-96.46563,29.60553,00100
-96.49146,29.58680,00100
-96.50982,29.60727,00100
-96.51581,29.62973,00100
-96.51519,29.65222,00100
-96.49158,29.66575,00100
-96.47318,29.65227,00100
-96.46568,29.64953,00100
-96.45522,29.62981,00100
-96.46364,29.60732,00100
       </coordinates>
      </LinearRing>
     </innerBoundaryIs>
    </Polygon>
    <Polygon>
     <extrude>1</extrude>
     <altitudeMode>clampToGround</altitudeMode>
     <outerBoundaryIs>
      <LinearRing>
       <coordinates>
-96.80636,29.69645,00100
-96.80215,29.69166,00100
-96.77623,29.68333,00100
-96.75039,29.69192,00100
-96.74315,29.69666,00100
-96.72459,29.71237,00100
-96.71951,29.71921,00100
-96.71124,29.74172,00100
-96.70911,29.76420,00100
-96.71248,29.78667,00100
-96.72457,29.80912,00100
-96.72498,29.81050,00100
-96.75089,29.81075,00100
-96.75161,29.80904,00100
-96.76603,29.78650,00100
-96.77011,29.76401,00100
-96.77655,29.75498,00100
-96.80238,29.74145,00100
-96.80241,29.74142,00100
-96.81703,29.71889,00100
-96.80636,29.69645,00100
       </coordinates>
      </LinearRing>
     </outerBoundaryIs>
    </Polygon>
    <Polygon>
     <extrude>1</extrude>
     <altitudeMode>clampToGround</altitudeMode>
     <outerBoundaryIs>
      <LinearRing>
       <coordinates>
-96.94827,29.71833,00100
-96.93161,29.70466,00100
-96.91456,29.71849,00100
-96.93179,29.73393,00100
-96.94827,29.71833,00100
       </coordinates>
      </LinearRing>
     </outerBoundaryIs>
    </Polygon>
    <Polygon>
     <extrude>1</extrude>
     <altitudeMode>clampToGround</altitudeMode>
     <outerBoundaryIs>
      <LinearRing>
       <coordinates>
-96.85287,29.92107,00100
-96.82907,29.90038,00100
-96.80324,29.92031,00100
-96.78585,29.92132,00100
-96.80325,29.92193,00100
-96.82925,29.93651,00100
-96.85287,29.92107,00100
       </coordinates>
      </LinearRing>
     </outerBoundaryIs>
    </Polygon>
    <Polygon>
     <extrude>1</extrude>
     <altitudeMode>clampToGround</altitudeMode>
     <outerBoundaryIs>
      <LinearRing>
       <coordinates>
-96.45679,30.01197,00100
-96.44019,29.99858,00100
-96.41684,30.01200,00100
-96.42459,30.03448,00100
-96.44024,30.04234,00100
-96.45316,30.03445,00100
-96.45679,30.01197,00100
       </coordinates>
      </LinearRing>
     </outerBoundaryIs>
    </Polygon>
    <Polygon>
     <extrude>1</extrude>
     <altitudeMode>clampToGround</altitudeMode>
     <outerBoundaryIs>
      <LinearRing>
       <coordinates>
-96.93385,30.05561,00100
-96.93375,30.05556,00100
-96.93369,30.05561,00100
-96.92976,30.07811,00100
-96.93391,30.08128,00100
-96.93916,30.07807,00100
-96.93385,30.05561,00100
       </coordinates>
      </LinearRing>
     </outerBoundaryIs>
    </Polygon>
    <Polygon>
     <extrude>1</extrude>
     <altitudeMode>clampToGround</altitudeMode>
     <outerBoundaryIs>
      <LinearRing>
       <coordinates>
-96.85487,30.05595,00100
-96.82977,30.03907,00100
-96.80869,30.05613,00100
-96.80868,30.07861,00100
-96.83009,30.10029,00100
-96.85598,30.08264,00100
-96.85760,30.07842,00100
-96.85587,30.06145,00100
-96.85487,30.05595,00100
       </coordinates>
      </LinearRing>
     </outerBoundaryIs>
    </Polygon>
    <Polygon>
     <extrude>1</extrude>
     <altitudeMode>clampToGround</altitudeMode>
     <outerBoundaryIs>
      <LinearRing>
       <coordinates>
-96.56996,30.16918,00100
-96.54435,30.14933,00100
-96.51838,30.16454,00100
-96.51601,30.16927,00100
-96.51839,30.17515,00100
-96.53732,30.19172,00100
-96.54445,30.19634,00100
-96.56387,30.19168,00100
-96.56996,30.16918,00100
       </coordinates>
      </LinearRing>
     </outerBoundaryIs>
    </Polygon>
    <Polygon>
     <extrude>1</extrude>
     <altitudeMode>clampToGround</altitudeMode>
     <outerBoundaryIs>
      <LinearRing>
       <coordinates>
-96.44556,30.46161,00100
-96.44068,30.45683,00100
-96.43095,30.46162,00100
-96.42750,30.48411,00100
-96.42281,30.50659,00100
-96.42789,30.52907,00100
-96.44077,30.53797,00100
-96.45873,30.55153,00100
-96.46033,30.57401,00100
-96.46694,30.58853,00100
-96.48849,30.59647,00100
-96.49307,30.59911,00100
-96.49483,30.59646,00100
-96.51000,30.57396,00100
-96.50550,30.55148,00100
-96.49298,30.53949,00100
-96.46687,30.53542,00100
-96.46124,30.52905,00100
-96.45534,30.50657,00100
-96.44747,30.48410,00100
-96.44556,30.46161,00100
       </coordinates>
      </LinearRing>
     </outerBoundaryIs>
    </Polygon>
    <Polygon>
     <extrude>1</extrude>
     <altitudeMode>clampToGround</altitudeMode>
     <outerBoundaryIs>
      <LinearRing>
       <coordinates>
-95.39722,30.97539,00100
-95.39249,30.96382,00100
-95.38264,30.97528,00100
-95.39232,30.98131,00100
-95.39722,30.97539,00100
       </coordinates>
      </LinearRing>
     </outerBoundaryIs>
    </Polygon>
    <Polygon>
     <extrude>1</extrude>
     <altitudeMode>clampToGround</altitudeMode>
     <outerBoundaryIs>
      <LinearRing>
       <coordinates>
-96.05580,31.11334,00100
-96.04755,31.09872,00100
-96.02129,31.10104,00100
-96.01582,31.11325,00100
-96.02120,31.12842,00100
-96.04162,31.13579,00100
-96.04744,31.13686,00100
-96.04868,31.13581,00100
-96.05580,31.11334,00100
       </coordinates>
      </LinearRing>
     </outerBoundaryIs>
    </Polygon>
    <Polygon>
     <extrude>1</extrude>
     <altitudeMode>clampToGround</altitudeMode>
     <outerBoundaryIs>
      <LinearRing>
       <coordinates>
-95.89115,31.31522,00100
-95.88902,31.31314,00100
-95.88623,31.31521,00100
-95.88898,31.32139,00100
-95.89115,31.31522,00100
       </coordinates>
      </LinearRing>
     </outerBoundaryIs>
    </Polygon>
    <Polygon>
     <extrude>1</extrude>
     <altitudeMode>clampToGround</altitudeMode>
     <outerBoundaryIs>
      <LinearRing>
       <coordinates>
-96.28448,31.36092,00100
-96.28371,31.36032,00100
-96.28303,31.36092,00100
-96.28370,31.36304,00100
-96.28448,31.36092,00100
       </coordinates>
      </LinearRing>
     </outerBoundaryIs>
    </Polygon>
   </MultiGeometry>
  </Placemark>
  <Placemark>
   <name>Contour Level: 1.0E-14 mass/m3</name>
   <Snippet maxLines="0"></Snippet>
   <TimeSpan>
    <begin>2026-01-25T11:00:00Z</begin>
    <end>2026-01-25T12:00:00Z</end>
   </TimeSpan>
   <styleUrl>#conc3</styleUrl>
   <MultiGeometry>
    <Polygon>
     <extrude>1</extrude>
     <altitudeMode>clampToGround</altitudeMode>
     <outerBoundaryIs>
      <LinearRing>
       <coordinates>
-96.99470,27.94290,00300
-96.97181,27.92826,00300
-96.94637,27.92345,00300
-96.92094,27.92151,00300
-96.89558,27.93175,00300
-96.87430,27.94347,00300
-96.87023,27.94584,00300
-96.84930,27.96603,00300
-96.84495,27.97325,00300
-96.83289,27.98855,00300
-96.82494,28.01104,00300
-96.81981,28.03227,00300
-96.81958,28.03352,00300
-96.81171,28.05601,00300
-96.79755,28.07853,00300
-96.79459,28.07994,00300
-96.76913,28.08020,00300
-96.74370,28.08757,00300
-96.71825,28.08875,00300
-96.69280,28.09272,00300
-96.67711,28.10136,00300
-96.66739,28.10818,00300
-96.65343,28.12389,00300
-96.64202,28.13959,00300
-96.63564,28.14639,00300
-96.63182,28.16886,00300
-96.62175,28.19135,00300
-96.61674,28.20930,00300
-96.61566,28.21382,00300
-96.60939,28.23630,00300
-96.59705,28.25879,00300
-96.59142,28.27053,00300
-96.57213,28.28130,00300
-96.56594,28.28275,00300
-96.54045,28.29329,00300
-96.51495,28.29990,00300
-96.48944,28.30267,00300
-96.48737,28.30389,00300
-96.46395,28.31881,00300
-96.45655,28.32639,00300
-96.43845,28.33808,00300
-96.42737,28.34888,00300
-96.41655,28.37135,00300
-96.41536,28.39382,00300
-96.41344,28.41628,00300
-96.41299,28.41838,00300
-96.40785,28.43875,00300
-96.40190,28.46122,00300
-96.38868,28.48370,00300
-96.38748,28.48467,00300
-96.36192,28.49549,00300
-96.33636,28.50222,00300
-96.32232,28.50618,00300
-96.31079,28.51301,00300
-96.28521,28.52644,00300
-96.28434,28.52863,00300
-96.27618,28.55109,00300
-96.27072,28.57356,00300
-96.28518,28.59384,00300
-96.28748,28.59604,00300
-96.28931,28.61850,00300
-96.29131,28.64098,00300
-96.28515,28.65366,00300
-96.28012,28.66344,00300
-96.28423,28.68591,00300
-96.28236,28.70838,00300
-96.27757,28.73085,00300
-96.26426,28.75331,00300
-96.25946,28.76242,00300
-96.25449,28.77578,00300
-96.24773,28.79824,00300
-96.24540,28.82071,00300
-96.24796,28.84318,00300
-96.25371,28.86566,00300
-96.24732,28.88813,00300
-96.24066,28.91060,00300
-96.23365,28.92661,00300
-96.21764,28.91058,00300
-96.20801,28.90387,00300
-96.18235,28.89783,00300
-96.16750,28.91052,00300
-96.16402,28.93299,00300
-96.16183,28.95546,00300
-96.16468,28.97794,00300
-96.18220,28.99345,00300
-96.18887,29.00044,00300
-96.19390,29.02292,00300
-96.19138,29.04539,00300
-96.19039,29.06786,00300
-96.18204,29.08847,00300
-96.17931,29.09032,00300
-96.16071,29.11277,00300
-96.15626,29.12664,00300
-96.15232,29.13524,00300
-96.14878,29.15771,00300
-96.14308,29.18017,00300
-96.13875,29.20264,00300
-96.13638,29.22511,00300
-96.13029,29.24360,00300
-96.12723,29.24758,00300
-96.11552,29.27003,00300
-96.11424,29.29251,00300
-96.11217,29.31498,00300
-96.11224,29.33745,00300
-96.11498,29.35994,00300
-96.11747,29.38242,00300
-96.12144,29.40490,00300
-96.12054,29.42738,00300
-96.11691,29.44985,00300
-96.11420,29.47232,00300
-96.11609,29.49480,00300
-96.11575,29.51728,00300
-96.11346,29.53975,00300
-96.11089,29.56223,00300
-96.11038,29.58471,00300
-96.11240,29.60719,00300
-96.11131,29.62966,00300
-96.10671,29.65214,00300
-96.10743,29.67462,00300
-96.10670,29.69710,00300
-96.11183,29.71959,00300
-96.11216,29.74206,00300
-96.11343,29.76455,00300
-96.11577,29.78703,00300
-96.11848,29.80952,00300
-96.12339,29.83200,00300
-96.12903,29.83870,00300
-96.13155,29.85450,00300
-96.13284,29.87698,00300
-96.13155,29.89946,00300
-96.13059,29.92194,00300
-96.13122,29.94442,00300
-96.13127,29.96690,00300
-96.13138,29.98939,00300
-96.13151,30.01186,00300
-96.13227,30.03435,00300
-96.13496,30.05683,00300
-96.13670,30.07931,00300
-96.13667,30.10180,00300
-96.14052,30.12428,00300
-96.13889,30.14676,00300
-96.14819,30.16926,00300
-96.14525,30.19173,00300
-96.15425,30.21240,00300
-96.15495,30.21423,00300
-96.15833,30.23672,00300
-96.16456,30.25920,00300
-96.17065,30.28170,00300
-96.18014,30.29158,00300
-96.18082,30.30419,00300
-96.18135,30.32668,00300
-96.18185,30.34916,00300
-96.18338,30.37164,00300
-96.18338,30.39412,00300
-96.18539,30.41661,00300
-96.18993,30.43910,00300
-96.20299,30.46159,00300
-96.20594,30.46449,00300
-96.22227,30.46161,00300
-96.23203,30.46130,00300
-96.23208,30.46162,00300
-96.23233,30.48410,00300
-96.23247,30.50658,00300
-96.23256,30.52907,00300
-96.23275,30.55155,00300
-96.23397,30.57403,00300
-96.23505,30.59651,00300
-96.24016,30.61900,00300
-96.25797,30.63449,00300
-96.27630,30.61902,00300
-96.28411,30.61753,00300
-96.28436,30.61903,00300
-96.28462,30.64151,00300
-96.28552,30.66399,00300
-96.31021,30.68528,00300
-96.33636,30.67677,00300
-96.36250,30.68524,00300
-96.38719,30.66399,00300
-96.38809,30.64151,00300
-96.38831,30.61903,00300
-96.38832,30.59654,00300
-96.38832,30.57406,00300
-96.38821,30.55158,00300
-96.38777,30.52910,00300
-96.38445,30.50661,00300
-96.38094,30.48413,00300
-96.36244,30.46629,00300
-96.35860,30.46166,00300
-96.36105,30.43918,00300
-96.33636,30.41788,00300
-96.33590,30.41669,00300
-96.33636,30.41528,00300
-96.36034,30.39421,00300
-96.33636,30.37287,00300
-96.33591,30.37173,00300
-96.33636,30.36986,00300
-96.35909,30.34925,00300
-96.34637,30.32677,00300
-96.35597,30.30429,00300
-96.35595,30.28180,00300
-96.35104,30.25932,00300
-96.35600,30.23684,00300
-96.33636,30.21799,00300
-96.33491,30.21435,00300
-96.33636,30.20953,00300
-96.35375,30.19187,00300
-96.33636,30.17572,00300
-96.33386,30.16939,00300
-96.33636,30.16173,00300
-96.35191,30.14691,00300
-96.33636,30.13125,00300
-96.33411,30.12443,00300
-96.33636,30.11506,00300
-96.34842,30.10195,00300
-96.33636,30.08284,00300
-96.33574,30.07947,00300
-96.33636,30.06610,00300
-96.33900,30.05699,00300
-96.35148,30.03451,00300
-96.34058,30.01202,00300
-96.35374,29.98955,00300
-96.33636,29.97180,00300
-96.33444,29.96706,00300
-96.33636,29.96227,00300
-96.35577,29.94458,00300
-96.34888,29.92210,00300
-96.35802,29.89962,00300
-96.35323,29.87714,00300
-96.35701,29.85466,00300
-96.35812,29.83218,00300
-96.36028,29.80970,00300
-96.36227,29.79985,00300
-96.36558,29.78721,00300
-96.37078,29.76473,00300
-96.37278,29.74225,00300
-96.37212,29.71977,00300
-96.37720,29.69729,00300
-96.38731,29.67481,00300
-96.38809,29.66397,00300
-96.39075,29.65233,00300
-96.40759,29.62984,00300
-96.41256,29.60736,00300
-96.41392,29.60178,00300
-96.42053,29.58488,00300
-96.43678,29.56239,00300
-96.43973,29.55972,00300
-96.46049,29.53989,00300
-96.46553,29.53304,00300
-96.47556,29.51739,00300
-96.49133,29.50508,00300
-96.51717,29.51700,00300
-96.53413,29.49484,00300
-96.54115,29.47235,00300
-96.54290,29.46899,00300
-96.55220,29.44986,00300
-96.56864,29.43586,00300
-96.59443,29.42822,00300
-96.62026,29.44972,00300
-96.61578,29.47221,00300
-96.62042,29.49152,00300
-96.62510,29.49467,00300
-96.64632,29.51257,00300
-96.65038,29.51709,00300
-96.65410,29.53956,00300
-96.65885,29.56202,00300
-96.66273,29.58449,00300
-96.67246,29.60479,00300
-96.69753,29.60688,00300
-96.69832,29.60699,00300
-96.69836,29.60688,00300
-96.70805,29.58437,00300
-96.71035,29.56188,00300
-96.70489,29.53942,00300
-96.70244,29.51695,00300
-96.69795,29.50836,00300
-96.67474,29.49455,00300
-96.67207,29.49243,00300
-96.66304,29.47210,00300
-96.65697,29.44964,00300
-96.64609,29.44030,00300
-96.62030,29.44963,00300
-96.59743,29.42729,00300
-96.59441,29.42146,00300
-96.58920,29.40483,00300
-96.56852,29.38463,00300
-96.56712,29.38240,00300
-96.55778,29.35994,00300
-96.54263,29.33990,00300
-96.54134,29.33749,00300
-96.53864,29.31501,00300
-96.53226,29.29255,00300
-96.52401,29.27008,00300
-96.53566,29.24759,00300
-96.53960,29.22511,00300
-96.54238,29.22029,00300
-96.55186,29.22509,00300
-96.56692,29.24754,00300
-96.56821,29.25084,00300
-96.57951,29.26999,00300
-96.59404,29.28063,00300
-96.61983,29.28886,00300
-96.64560,29.28713,00300
-96.65578,29.26982,00300
-96.66056,29.24734,00300
-96.66664,29.22484,00300
-96.67108,29.20321,00300
-96.67171,29.20236,00300
-96.67590,29.17987,00300
-96.67593,29.15740,00300
-96.68409,29.13490,00300
-96.69112,29.11241,00300
-96.69278,29.08992,00300
-96.69636,29.07447,00300
-96.72208,29.07656,00300
-96.74781,29.07989,00300
-96.76591,29.08970,00300
-96.77359,29.09310,00300
-96.77983,29.08965,00300
-96.79926,29.08123,00300
-96.80503,29.06709,00300
-96.80460,29.04462,00300
-96.80939,29.02213,00300
-96.81870,28.99961,00300
-96.82452,28.99034,00300
-96.85016,28.98129,00300
-96.87591,28.99169,00300
-96.90156,28.98439,00300
-96.90495,28.97679,00300
-96.90144,28.96270,00300
-96.89660,28.95436,00300
-96.87563,28.94105,00300
-96.86816,28.93200,00300
-96.86931,28.90953,00300
-96.87541,28.90126,00300
-96.89548,28.88694,00300
-96.90097,28.88133,00300
-96.91317,28.86439,00300
-96.92403,28.84187,00300
-96.92193,28.81941,00300
-96.92527,28.79692,00300
-96.91399,28.77450,00300
-96.92588,28.75591,00300
-96.92775,28.75197,00300
-96.93475,28.72947,00300
-96.93758,28.70698,00300
-96.93651,28.68452,00300
-96.92533,28.66286,00300
-96.92470,28.66210,00300
-96.92071,28.63965,00300
-96.91161,28.61722,00300
-96.92495,28.59996,00300
-96.93179,28.59466,00300
-96.95040,28.57742,00300
-96.95930,28.57207,00300
-96.97584,28.55412,00300
-96.97718,28.54951,00300
-96.97958,28.52703,00300
-96.98232,28.50455,00300
-96.98608,28.48206,00300
-96.98885,28.45958,00300
-96.98705,28.43712,00300
-96.99290,28.41462,00300
-96.98817,28.39218,00300
-96.99892,28.36966,00300
-96.99270,28.34723,00300
-96.99993,28.33318,00300
-97.00219,28.32471,00300
-97.00088,28.30225,00300
-97.00488,28.27977,00300
-97.00610,28.25730,00300
-97.00717,28.23483,00300
-97.00909,28.21235,00300
-97.00840,28.18990,00300
-97.01027,28.16742,00300
-97.01241,28.14495,00300
-97.01397,28.12248,00300
-97.01889,28.09999,00300
-97.01981,28.07753,00300
-97.02354,28.05721,00300
-97.02425,28.05504,00300
-97.02718,28.03257,00300
-97.02388,28.01012,00300
-97.02422,27.98767,00300
-97.02305,27.98587,00300
-97.01456,27.96526,00300
-96.99734,27.94417,00300
-96.99470,27.94290,00300
       </coordinates>
      </LinearRing>
     </outerBoundaryIs>
    </Polygon>
    <Polygon>
     <extrude>1</extrude>
     <altitudeMode>clampToGround</altitudeMode>
     <outerBoundaryIs>
      <LinearRing>
       <coordinates>
-97.00635,28.81900,00300
-97.00317,28.81363,00300
-96.97744,28.80062,00300
-96.95876,28.81924,00300
-96.96647,28.84167,00300
-96.97778,28.85223,00300
-96.98731,28.84156,00300
-97.00326,28.82699,00300
-97.00635,28.81900,00300
       </coordinates>
      </LinearRing>
     </outerBoundaryIs>
     <innerBoundaryIs>
      <LinearRing>
       <coordinates>
-96.77136,28.86495,00300
-96.77257,28.86301,00300
-96.79823,28.86375,00300
-96.79865,28.86485,00300
-96.79825,28.86697,00300
-96.77259,28.86832,00300
-96.77136,28.86495,00300
       </coordinates>
      </LinearRing>
     </innerBoundaryIs>
     <innerBoundaryIs>
      <LinearRing>
       <coordinates>
-96.71695,29.02243,00300
-96.72184,29.01508,00300
-96.74755,29.01752,00300
-96.75045,29.02233,00300
-96.74760,29.03087,00300
-96.72193,29.03766,00300
-96.71695,29.02243,00300
       </coordinates>
      </LinearRing>
     </innerBoundaryIs>
    </Polygon>
    <Polygon>
     <extrude>1</extrude>
     <altitudeMode>clampToGround</altitudeMode>
     <outerBoundaryIs>
      <LinearRing>
       <coordinates>
-96.93066,29.31380,00300
-96.92923,29.31319,00300
-96.92827,29.31381,00300
-96.92927,29.31860,00300
-96.93066,29.31380,00300
       </coordinates>
      </LinearRing>
     </outerBoundaryIs>
    </Polygon>
    <Polygon>
     <extrude>1</extrude>
     <altitudeMode>clampToGround</altitudeMode>
     <outerBoundaryIs>
      <LinearRing>
       <coordinates>
-96.80914,29.35926,00300
-96.80056,29.35857,00300
-96.79671,29.35930,00300
-96.79800,29.38178,00300
-96.80067,29.38266,00300
-96.80787,29.38174,00300
-96.80914,29.35926,00300
       </coordinates>
      </LinearRing>
     </outerBoundaryIs>
    </Polygon>
    <Polygon>
     <extrude>1</extrude>
     <altitudeMode>clampToGround</altitudeMode>
     <outerBoundaryIs>
      <LinearRing>
       <coordinates>
-96.59001,29.53970,00300
-96.56888,29.53503,00300
-96.55908,29.53975,00300
-96.55801,29.56223,00300
-96.56897,29.57451,00300
-96.59483,29.58018,00300
-96.60486,29.56215,00300
-96.59473,29.54019,00300
-96.59001,29.53970,00300
       </coordinates>
      </LinearRing>
     </outerBoundaryIs>
    </Polygon>
    <Polygon>
     <extrude>1</extrude>
     <altitudeMode>clampToGround</altitudeMode>
     <outerBoundaryIs>
      <LinearRing>
       <coordinates>
-96.44196,29.71974,00300
-96.43989,29.71637,00300
-96.43700,29.71974,00300
-96.43990,29.72275,00300
-96.44196,29.71974,00300
       </coordinates>
      </LinearRing>
     </outerBoundaryIs>
    </Polygon>
   </MultiGeometry>
  </Placemark>
  <Placemark>
   <name>Contour Level: 3.2E-14 mass/m3</name>
   <Snippet maxLines="0"></Snippet>
   <TimeSpan>
    <begin>2026-01-25T11:00:00Z</begin>
    <end>2026-01-25T12:00:00Z</end>
   </TimeSpan>
   <styleUrl>#conc4</styleUrl>
   <MultiGeometry>
    <Polygon>
     <extrude>1</extrude>
     <altitudeMode>clampToGround</altitudeMode>
     <outerBoundaryIs>
      <LinearRing>
       <coordinates>
-96.59029,28.57333,00500
-96.56658,28.56088,00500
-96.54099,28.55410,00500
-96.51543,28.56119,00500
-96.49920,28.57347,00500
-96.48987,28.57852,00500
-96.46503,28.59598,00500
-96.46431,28.59702,00500
-96.45095,28.61846,00500
-96.43876,28.63629,00500
-96.43625,28.64095,00500
-96.43496,28.66341,00500
-96.42789,28.68589,00500
-96.43882,28.69805,00500
-96.44243,28.70835,00500
-96.43885,28.72646,00500
-96.41323,28.72563,00500
-96.40355,28.70837,00500
-96.38759,28.70228,00500
-96.37957,28.70838,00500
-96.38006,28.73085,00500
-96.38761,28.73624,00500
-96.40697,28.75331,00500
-96.40445,28.77579,00500
-96.38764,28.79405,00500
-96.37767,28.79827,00500
-96.36200,28.80910,00500
-96.33707,28.82075,00500
-96.34503,28.84321,00500
-96.34360,28.86569,00500
-96.33755,28.88816,00500
-96.33636,28.88945,00500
-96.31068,28.91047,00500
-96.31057,28.91063,00500
-96.29575,28.93310,00500
-96.28500,28.93944,00500
-96.26487,28.95556,00500
-96.25930,28.96637,00500
-96.25290,28.97803,00500
-96.24420,29.00049,00500
-96.23356,29.02060,00500
-96.23262,29.02295,00500
-96.23355,29.02711,00500
-96.23735,29.04543,00500
-96.23352,29.05491,00500
-96.22843,29.06790,00500
-96.23227,29.09038,00500
-96.22221,29.11284,00500
-96.20770,29.13403,00500
-96.20692,29.13530,00500
-96.19444,29.15776,00500
-96.18599,29.18023,00500
-96.18189,29.18595,00500
-96.17225,29.20269,00500
-96.16697,29.22515,00500
-96.17149,29.24764,00500
-96.17005,29.27011,00500
-96.17344,29.29259,00500
-96.16945,29.31507,00500
-96.15778,29.33753,00500
-96.15586,29.36000,00500
-96.15583,29.36018,00500
-96.14993,29.38247,00500
-96.14894,29.40494,00500
-96.14985,29.42743,00500
-96.14777,29.44990,00500
-96.15143,29.47238,00500
-96.14825,29.49486,00500
-96.15176,29.51734,00500
-96.14257,29.53980,00500
-96.13908,29.56227,00500
-96.13801,29.58475,00500
-96.13911,29.60723,00500
-96.13886,29.62971,00500
-96.13584,29.65219,00500
-96.13352,29.67466,00500
-96.13718,29.69715,00500
-96.13874,29.71963,00500
-96.13775,29.74211,00500
-96.13831,29.76459,00500
-96.13768,29.78707,00500
-96.13923,29.80955,00500
-96.14066,29.83203,00500
-96.14435,29.85452,00500
-96.14896,29.87700,00500
-96.14536,29.89948,00500
-96.14879,29.92196,00500
-96.14452,29.94444,00500
-96.14905,29.96693,00500
-96.14450,29.98940,00500
-96.14770,30.01189,00500
-96.14723,30.03437,00500
-96.15134,30.05685,00500
-96.15451,30.07257,00500
-96.15530,30.07934,00500
-96.15469,30.10182,00500
-96.15902,30.12431,00500
-96.16069,30.14679,00500
-96.16626,30.16928,00500
-96.17596,30.19177,00500
-96.18028,30.20104,00500
-96.18113,30.21426,00500
-96.18189,30.23675,00500
-96.18260,30.25923,00500
-96.18296,30.28171,00500
-96.18428,30.30420,00500
-96.18591,30.32668,00500
-96.18627,30.34916,00500
-96.19067,30.37165,00500
-96.19075,30.39413,00500
-96.19717,30.41662,00500
-96.20598,30.43330,00500
-96.20982,30.43912,00500
-96.23204,30.45248,00500
-96.23346,30.46162,00500
-96.23351,30.48410,00500
-96.23357,30.50658,00500
-96.23386,30.52907,00500
-96.23451,30.55155,00500
-96.23843,30.57404,00500
-96.24189,30.59652,00500
-96.25798,30.61894,00500
-96.28411,30.61401,00500
-96.28497,30.61903,00500
-96.28577,30.64151,00500
-96.28865,30.66400,00500
-96.31021,30.68258,00500
-96.33494,30.66400,00500
-96.33636,30.66379,00500
-96.33778,30.66400,00500
-96.36250,30.68255,00500
-96.38406,30.66400,00500
-96.38694,30.64151,00500
-96.38768,30.61903,00500
-96.38774,30.59654,00500
-96.38775,30.57406,00500
-96.38740,30.55158,00500
-96.38603,30.52910,00500
-96.37516,30.50662,00500
-96.36245,30.48453,00500
-96.36234,30.48414,00500
-96.34343,30.46166,00500
-96.35710,30.43918,00500
-96.33636,30.42128,00500
-96.33459,30.41669,00500
-96.33636,30.41116,00500
-96.35565,30.39421,00500
-96.33636,30.37704,00500
-96.33424,30.37173,00500
-96.33636,30.36300,00500
-96.35152,30.34925,00500
-96.33636,30.33269,00500
-96.33446,30.32677,00500
-96.33636,30.31043,00500
-96.34052,30.30429,00500
-96.33797,30.28180,00500
-96.33636,30.27873,00500
-96.33382,30.25932,00500
-96.33636,30.24056,00500
-96.33834,30.23684,00500
-96.33636,30.23494,00500
-96.32815,30.21435,00500
-96.33396,30.19187,00500
-96.32572,30.16939,00500
-96.33120,30.14691,00500
-96.32541,30.12443,00500
-96.32903,30.10195,00500
-96.32597,30.07947,00500
-96.32649,30.05699,00500
-96.32963,30.03451,00500
-96.32608,30.01202,00500
-96.32867,29.98955,00500
-96.32115,29.96706,00500
-96.32616,29.94458,00500
-96.32217,29.92210,00500
-96.32843,29.89962,00500
-96.32612,29.87714,00500
-96.32944,29.85466,00500
-96.32999,29.83218,00500
-96.32922,29.80970,00500
-96.33636,29.78946,00500
-96.33781,29.78722,00500
-96.33636,29.78377,00500
-96.33234,29.76474,00500
-96.33636,29.75629,00500
-96.34676,29.74226,00500
-96.34035,29.71978,00500
-96.34840,29.69730,00500
-96.33636,29.67990,00500
-96.33421,29.67482,00500
-96.33636,29.66833,00500
-96.34835,29.65234,00500
-96.35399,29.62986,00500
-96.35781,29.60738,00500
-96.35955,29.58490,00500
-96.36221,29.57320,00500
-96.36552,29.56242,00500
-96.37627,29.53994,00500
-96.38461,29.51746,00500
-96.38702,29.49498,00500
-96.38801,29.49248,00500
-96.40210,29.47249,00500
-96.40493,29.45002,00500
-96.41122,29.42754,00500
-96.41377,29.42415,00500
-96.42622,29.40505,00500
-96.43954,29.39014,00500
-96.44851,29.38255,00500
-96.45872,29.36007,00500
-96.46529,29.34431,00500
-96.46738,29.33758,00500
-96.47269,29.31510,00500
-96.47489,29.29262,00500
-96.47917,29.27014,00500
-96.48596,29.24766,00500
-96.49091,29.24244,00500
-96.50229,29.22516,00500
-96.50642,29.20268,00500
-96.51656,29.18402,00500
-96.52332,29.18018,00500
-96.54225,29.15982,00500
-96.54322,29.15768,00500
-96.55836,29.13518,00500
-96.56189,29.11270,00500
-96.55822,29.09023,00500
-96.55435,29.06776,00500
-96.56773,29.05233,00500
-96.57205,29.04525,00500
-96.59338,29.02648,00500
-96.59507,29.02274,00500
-96.59362,29.00027,00500
-96.60432,28.97777,00500
-96.60613,28.95529,00500
-96.60360,28.93282,00500
-96.61875,28.91272,00500
-96.62148,28.91032,00500
-96.61874,28.90897,00500
-96.60937,28.91034,00500
-96.59309,28.91559,00500
-96.59273,28.91038,00500
-96.58916,28.88791,00500
-96.58582,28.86544,00500
-96.59287,28.84295,00500
-96.59290,28.84291,00500
-96.60748,28.82046,00500
-96.61148,28.79798,00500
-96.61269,28.77551,00500
-96.60845,28.75304,00500
-96.59262,28.73485,00500
-96.59005,28.73061,00500
-96.58858,28.70814,00500
-96.59252,28.69919,00500
-96.60585,28.68564,00500
-96.61774,28.66314,00500
-96.61803,28.66165,00500
-96.62595,28.64066,00500
-96.62070,28.61820,00500
-96.61787,28.60578,00500
-96.61623,28.59574,00500
-96.59220,28.57450,00500
-96.59029,28.57333,00500
       </coordinates>
      </LinearRing>
     </outerBoundaryIs>
    </Polygon>
    <Polygon>
     <extrude>1</extrude>
     <altitudeMode>clampToGround</altitudeMode>
     <outerBoundaryIs>
      <LinearRing>
       <coordinates>
-96.75917,28.70769,00500
-96.74620,28.69398,00500
-96.72059,28.69316,00500
-96.70757,28.70785,00500
-96.70878,28.73032,00500
-96.72079,28.74441,00500
-96.74642,28.74566,00500
-96.75910,28.73017,00500
-96.75917,28.70769,00500
       </coordinates>
      </LinearRing>
     </outerBoundaryIs>
    </Polygon>
   </MultiGeometry>
  </Placemark>
  <Placemark>
   <name>Contour Level: 1.0E-13 mass/m3</name>
   <Snippet maxLines="0"></Snippet>
   <TimeSpan>
    <begin>2026-01-25T11:00:00Z</begin>
    <end>2026-01-25T12:00:00Z</end>
   </TimeSpan>
   <styleUrl>#conc5</styleUrl>
   <MultiGeometry>
    <Polygon>
     <extrude>1</extrude>
     <altitudeMode>clampToGround</altitudeMode>
     <outerBoundaryIs>
      <LinearRing>
       <coordinates>
-96.38440,29.18031,00700
-96.36210,29.17314,00700
-96.35049,29.18032,00700
-96.33636,29.18718,00700
-96.31061,29.19902,00700
-96.30277,29.20279,00700
-96.28486,29.21022,00700
-96.27411,29.22525,00700
-96.26014,29.24772,00700
-96.25908,29.24827,00700
-96.23330,29.26357,00700
-96.22973,29.27018,00700
-96.23328,29.28199,00700
-96.24110,29.29266,00700
-96.23326,29.30203,00700
-96.22886,29.31513,00700
-96.23322,29.33689,00700
-96.23367,29.33761,00700
-96.23322,29.33859,00700
-96.22741,29.36008,00700
-96.22239,29.38255,00700
-96.21046,29.40502,00700
-96.20733,29.42095,00700
-96.20596,29.42749,00700
-96.20730,29.44442,00700
-96.20761,29.44997,00700
-96.20911,29.47245,00700
-96.20725,29.48076,00700
-96.20432,29.49492,00700
-96.20413,29.51740,00700
-96.19528,29.53987,00700
-96.18131,29.55300,00700
-96.17513,29.56232,00700
-96.17709,29.58481,00700
-96.17508,29.60728,00700
-96.17474,29.62976,00700
-96.17866,29.65225,00700
-96.17492,29.67472,00700
-96.17827,29.69720,00700
-96.17182,29.71968,00700
-96.17361,29.74216,00700
-96.16774,29.76463,00700
-96.16914,29.78711,00700
-96.16777,29.80959,00700
-96.16998,29.83207,00700
-96.17771,29.85456,00700
-96.17736,29.87704,00700
-96.18078,29.89160,00700
-96.18204,29.89953,00700
-96.18076,29.90670,00700
-96.17686,29.92200,00700
-96.18070,29.93699,00700
-96.18204,29.94449,00700
-96.18069,29.95007,00700
-96.17522,29.96696,00700
-96.18063,29.98802,00700
-96.18095,29.98945,00700
-96.18062,29.99095,00700
-96.17521,30.01192,00700
-96.17999,30.03441,00700
-96.18054,30.03696,00700
-96.18324,30.05690,00700
-96.18344,30.07938,00700
-96.18592,30.10186,00700
-96.18523,30.12434,00700
-96.18824,30.14682,00700
-96.19021,30.16931,00700
-96.19070,30.19179,00700
-96.19387,30.21428,00700
-96.19215,30.23676,00700
-96.19317,30.25924,00700
-96.19353,30.28172,00700
-96.19524,30.30421,00700
-96.20029,30.32670,00700
-96.20024,30.34918,00700
-96.20608,30.36172,00700
-96.20915,30.37167,00700
-96.21378,30.39416,00700
-96.22743,30.41665,00700
-96.23207,30.42206,00700
-96.23451,30.43914,00700
-96.23785,30.46162,00700
-96.23724,30.48411,00700
-96.23707,30.50659,00700
-96.23798,30.52907,00700
-96.24010,30.55155,00700
-96.25254,30.57405,00700
-96.25801,30.58760,00700
-96.26613,30.59653,00700
-96.28412,30.60285,00700
-96.28690,30.61903,00700
-96.28940,30.64151,00700
-96.29852,30.66400,00700
-96.31022,30.67408,00700
-96.32362,30.66400,00700
-96.33636,30.66213,00700
-96.34908,30.66400,00700
-96.36250,30.67407,00700
-96.37420,30.66400,00700
-96.38332,30.64151,00700
-96.38569,30.61903,00700
-96.38589,30.59654,00700
-96.38594,30.57406,00700
-96.38483,30.55158,00700
-96.38053,30.52910,00700
-96.36245,30.50993,00700
-96.35694,30.50662,00700
-96.34848,30.48414,00700
-96.33636,30.47276,00700
-96.33333,30.46166,00700
-96.33636,30.44901,00700
-96.34463,30.43918,00700
-96.33636,30.43204,00700
-96.33043,30.41669,00700
-96.33636,30.39813,00700
-96.34082,30.39421,00700
-96.33636,30.39024,00700
-96.32898,30.37173,00700
-96.33297,30.34925,00700
-96.32605,30.32677,00700
-96.32559,30.30429,00700
-96.32380,30.28180,00700
-96.31962,30.25932,00700
-96.31524,30.23684,00700
-96.31034,30.22396,00700
-96.30692,30.21435,00700
-96.30537,30.19187,00700
-96.29700,30.16939,00700
-96.30254,30.14691,00700
-96.29794,30.12442,00700
-96.30125,30.10195,00700
-96.29834,30.07946,00700
-96.29812,30.05698,00700
-96.29854,30.03450,00700
-96.29423,30.01202,00700
-96.29446,29.98954,00700
-96.28445,29.97377,00700
-96.28197,29.96705,00700
-96.28446,29.95951,00700
-96.29251,29.94457,00700
-96.28448,29.93250,00700
-96.28099,29.92209,00700
-96.28448,29.91068,00700
-96.29188,29.89961,00700
-96.28721,29.87713,00700
-96.29168,29.85465,00700
-96.29070,29.83217,00700
-96.28758,29.80969,00700
-96.29430,29.78721,00700
-96.28867,29.76473,00700
-96.29773,29.74225,00700
-96.29218,29.71977,00700
-96.29895,29.69730,00700
-96.29361,29.67481,00700
-96.29915,29.65234,00700
-96.30307,29.62986,00700
-96.30549,29.60738,00700
-96.30682,29.58490,00700
-96.30927,29.56242,00700
-96.31052,29.54782,00700
-96.31178,29.53995,00700
-96.31622,29.51747,00700
-96.31619,29.49499,00700
-96.31342,29.47251,00700
-96.32381,29.45004,00700
-96.33636,29.43311,00700
-96.33850,29.42756,00700
-96.34146,29.40508,00700
-96.34618,29.38260,00700
-96.34812,29.36013,00700
-96.34959,29.33765,00700
-96.35078,29.31517,00700
-96.35606,29.29270,00700
-96.35918,29.27022,00700
-96.36212,29.25682,00700
-96.36475,29.24774,00700
-96.38786,29.22778,00700
-96.39034,29.22525,00700
-96.38786,29.21209,00700
-96.38046,29.20279,00700
-96.38440,29.18031,00700
       </coordinates>
      </LinearRing>
     </outerBoundaryIs>
    </Polygon>
   </MultiGeometry>
  </Placemark>
  <Placemark>
   <name>Contour Level: 3.2E-13 mass/m3</name>
   <Snippet maxLines="0"></Snippet>
   <TimeSpan>
    <begin>2026-01-25T11:00:00Z</begin>
    <end>2026-01-25T12:00:00Z</end>
   </TimeSpan>
   <styleUrl>#conc6</styleUrl>
   <MultiGeometry>
    <Polygon>
     <extrude>1</extrude>
     <altitudeMode>clampToGround</altitudeMode>
     <outerBoundaryIs>
      <LinearRing>
       <coordinates>
-96.23814,29.92206,00900
-96.23261,29.91106,00900
-96.22863,29.92206,00900
-96.23260,29.93057,00900
-96.23814,29.92206,00900
       </coordinates>
      </LinearRing>
     </outerBoundaryIs>
    </Polygon>
    <Polygon>
     <extrude>1</extrude>
     <altitudeMode>clampToGround</altitudeMode>
     <outerBoundaryIs>
      <LinearRing>
       <coordinates>
-96.23602,30.07943,00900
-96.23245,30.06351,00900
-96.23066,30.07942,00900
-96.22652,30.10191,00900
-96.22179,30.12438,00900
-96.22548,30.14686,00900
-96.22118,30.16934,00900
-96.22559,30.19183,00900
-96.22135,30.21430,00900
-96.22285,30.23679,00900
-96.21831,30.25927,00900
-96.21951,30.28175,00900
-96.22583,30.30424,00900
-96.22608,30.32672,00900
-96.23216,30.33804,00900
-96.24243,30.34922,00900
-96.24107,30.37169,00900
-96.24773,30.39418,00900
-96.25103,30.41667,00900
-96.24943,30.43915,00900
-96.25170,30.46163,00900
-96.24902,30.48411,00900
-96.24814,30.50659,00900
-96.25102,30.52908,00900
-96.25777,30.55157,00900
-96.25803,30.55195,00900
-96.27588,30.57406,00900
-96.28413,30.58149,00900
-96.28913,30.59654,00900
-96.29298,30.61903,00900
-96.30087,30.64151,00900
-96.31022,30.65424,00900
-96.33636,30.65687,00900
-96.36250,30.65425,00900
-96.37185,30.64151,00900
-96.37937,30.61903,00900
-96.38006,30.59654,00900
-96.38023,30.57406,00900
-96.37672,30.55158,00900
-96.36315,30.52910,00900
-96.36246,30.52837,00900
-96.33636,30.52441,00900
-96.33243,30.50662,00900
-96.32763,30.48414,00900
-96.32208,30.46166,00900
-96.32334,30.43918,00900
-96.31727,30.41669,00900
-96.31641,30.39421,00900
-96.31234,30.37173,00900
-96.31030,30.36375,00900
-96.30488,30.34924,00900
-96.29607,30.32676,00900
-96.29284,30.30428,00900
-96.28507,30.28179,00900
-96.28429,30.27664,00900
-96.28022,30.25931,00900
-96.26715,30.23682,00900
-96.25981,30.21433,00900
-96.25832,30.20420,00900
-96.25305,30.19185,00900
-96.25713,30.16937,00900
-96.24804,30.14688,00900
-96.25371,30.12440,00900
-96.24384,30.10192,00900
-96.23602,30.07943,00900
       </coordinates>
      </LinearRing>
     </outerBoundaryIs>
    </Polygon>
   </MultiGeometry>
  </Placemark>
  <Placemark>
   <name>Contour Level: 1.0E-12 mass/m3</name>
   <Snippet maxLines="0"></Snippet>
   <TimeSpan>
    <begin>2026-01-25T11:00:00Z</begin>
    <end>2026-01-25T12:00:00Z</end>
   </TimeSpan>
   <styleUrl>#conc7</styleUrl>
   <MultiGeometry>
    <Polygon>
     <extrude>1</extrude>
     <altitudeMode>clampToGround</altitudeMode>
     <outerBoundaryIs>
      <LinearRing>
       <coordinates>
-96.28475,30.46165,01100
-96.28419,30.46070,01100
-96.28375,30.46165,01100
-96.28419,30.46678,01100
-96.28475,30.46165,01100
       </coordinates>
      </LinearRing>
     </outerBoundaryIs>
    </Polygon>
    <Polygon>
     <extrude>1</extrude>
     <altitudeMode>clampToGround</altitudeMode>
     <outerBoundaryIs>
      <LinearRing>
       <coordinates>
-96.29401,30.50662,01100
-96.28418,30.48784,01100
-96.27742,30.50661,01100
-96.27798,30.52909,01100
-96.28415,30.53524,01100
-96.30647,30.55158,01100
-96.30445,30.57407,01100
-96.30842,30.59655,01100
-96.31023,30.60725,01100
-96.31217,30.61903,01100
-96.33636,30.64024,01100
-96.35970,30.61904,01100
-96.36133,30.59655,01100
-96.36222,30.57407,01100
-96.35391,30.55159,01100
-96.33636,30.54072,01100
-96.31025,30.54111,01100
-96.30138,30.52910,01100
-96.29401,30.50662,01100
       </coordinates>
      </LinearRing>
     </outerBoundaryIs>
    </Polygon>
   </MultiGeometry>
  </Placemark>
  <Placemark>
   <name>Maximum Value Grid Cell</name>
   <Snippet maxLines="0"></Snippet>
   <description><![CDATA[<pre>
LAT:   30.5741 LON:  -96.3364
Value: 2.2E-12
      The square represents the location
      of maximum concentration and the
      size of the square represents the
      concentration grid cell size.
    </pre>]]>
   </description>
   <TimeSpan>
    <begin>2026-01-25T11:00:00Z</begin>
    <end>2026-01-25T12:00:00Z</end>
   </TimeSpan>
   <styleUrl>#maxv</styleUrl>
   <Polygon>
    <extrude>1</extrude>
    <altitudeMode>clampToGround</altitudeMode>
    <outerBoundaryIs>
     <LinearRing>
      <coordinates>
        -96.36246,30.55159,00100
        -96.31025,30.55159,00100
        -96.31024,30.59655,00100
        -96.36247,30.59655,00100
        -96.36246,30.55159,00100
      </coordinates>
     </LinearRing>
    </outerBoundaryIs>
   </Polygon>
  </Placemark>
 </Folder>
 <Folder>
  <name><![CDATA[<pre>Concentration 
(Valid:20260125 1300UTC)</pre>]]>
  </name>
  <visibility>0</visibility>
  <description><![CDATA[<pre>
Averaged from 00000 to 00100m
Valid:20260125 1300 UTC
   </pre>]]>
  </description>
  <ScreenOverlay>
   <name>Legend</name>
   <Snippet maxLines="0"></Snippet>
   <TimeSpan>
    <begin>2026-01-25T12:00:00Z</begin>
    <end>2026-01-25T13:00:00Z</end>
   </TimeSpan>
   <Icon>
    <href>GELABEL_13_22130.gif</href>
   </Icon>
   <overlayXY x="0" y="1" xunits="fraction" yunits="fraction"/>
   <screenXY x="0" y="1" xunits="fraction" yunits="fraction"/>
   <rotationXY x="0" y="0" xunits="fraction" yunits="fraction"/>
   <size x="0" y="0" xunits="pixels" yunits="pixels"/>
  </ScreenOverlay>
  <Placemark>
   <name>Contour Level: 3.2E-15 mass/m3</name>
   <Snippet maxLines="0"></Snippet>
   <TimeSpan>
    <begin>2026-01-25T12:00:00Z</begin>
    <end>2026-01-25T13:00:00Z</end>
   </TimeSpan>
   <styleUrl>#conc2</styleUrl>
   <MultiGeometry>
    <Polygon>
     <extrude>1</extrude>
     <altitudeMode>clampToGround</altitudeMode>
     <outerBoundaryIs>
      <LinearRing>
       <coordinates>
-96.99197,27.49384,00100
-96.96898,27.48282,00100
-96.94366,27.48159,00100
-96.91833,27.47626,00100
-96.89305,27.48057,00100
-96.86774,27.47956,00100
-96.84248,27.48787,00100
-96.81719,27.49265,00100
-96.80793,27.49465,00100
-96.79191,27.49714,00100
-96.76663,27.50477,00100
-96.74133,27.50497,00100
-96.71605,27.51489,00100
-96.69073,27.51455,00100
-96.68745,27.51749,00100
-96.66692,27.54000,00100
-96.66551,27.54181,00100
-96.65442,27.56248,00100
-96.64601,27.58495,00100
-96.64115,27.60742,00100
-96.64043,27.61724,00100
-96.63913,27.62987,00100
-96.62928,27.65235,00100
-96.61524,27.67274,00100
-96.61404,27.67483,00100
-96.58994,27.69308,00100
-96.57952,27.69736,00100
-96.56461,27.70514,00100
-96.53927,27.71498,00100
-96.51391,27.71693,00100
-96.50523,27.71993,00100
-96.48856,27.73215,00100
-96.47610,27.74242,00100
-96.46323,27.76136,00100
-96.46099,27.76489,00100
-96.44798,27.78736,00100
-96.44252,27.80982,00100
-96.43793,27.82464,00100
-96.43682,27.83228,00100
-96.42931,27.85474,00100
-96.42447,27.87720,00100
-96.41484,27.89966,00100
-96.41259,27.90305,00100
-96.40205,27.92213,00100
-96.38720,27.93833,00100
-96.37728,27.94460,00100
-96.36562,27.96706,00100
-96.36179,27.97692,00100
-96.35387,27.98952,00100
-96.34382,28.01198,00100
-96.33636,28.02797,00100
-96.31091,28.03421,00100
-96.31072,28.03444,00100
-96.28546,28.04596,00100
-96.27496,28.05688,00100
-96.25999,28.06832,00100
-96.25122,28.07933,00100
-96.23452,28.09268,00100
-96.21322,28.10176,00100
-96.20904,28.10483,00100
-96.18355,28.12234,00100
-96.18069,28.12419,00100
-96.17867,28.14665,00100
-96.16943,28.16910,00100
-96.17446,28.19157,00100
-96.17444,28.21402,00100
-96.15789,28.22856,00100
-96.15163,28.23646,00100
-96.13783,28.25890,00100
-96.13232,28.26620,00100
-96.10682,28.26541,00100
-96.08129,28.27337,00100
-96.06922,28.28124,00100
-96.05575,28.28593,00100
-96.04451,28.30365,00100
-96.03013,28.32174,00100
-96.02892,28.32607,00100
-96.02176,28.34852,00100
-96.01526,28.37097,00100
-96.01558,28.39344,00100
-96.01412,28.41590,00100
-96.01264,28.43836,00100
-96.01125,28.46083,00100
-96.00408,28.47879,00100
-96.00112,28.48327,00100
-95.97843,28.50256,00100
-95.96931,28.50565,00100
-95.95277,28.52709,00100
-95.95084,28.52806,00100
-95.95276,28.53044,00100
-95.95961,28.55055,00100
-95.96732,28.57305,00100
-95.97813,28.58485,00100
-95.98432,28.59556,00100
-95.99710,28.61806,00100
-95.99863,28.64054,00100
-96.00347,28.65866,00100
-96.00417,28.66302,00100
-96.01048,28.68551,00100
-96.02895,28.70155,00100
-96.03284,28.70803,00100
-96.03040,28.73050,00100
-96.02885,28.73204,00100
-96.00320,28.73802,00100
-95.97755,28.74711,00100
-95.96984,28.75281,00100
-95.96191,28.77526,00100
-95.95999,28.79772,00100
-95.96132,28.82020,00100
-95.97229,28.84270,00100
-95.97718,28.84776,00100
-95.98862,28.86522,00100
-95.98058,28.88766,00100
-95.97701,28.89311,00100
-95.96331,28.91009,00100
-95.96532,28.93257,00100
-95.97683,28.94431,00100
-95.98250,28.95509,00100
-95.98506,28.97757,00100
-95.97935,29.00002,00100
-95.97657,29.01437,00100
-95.97234,29.02248,00100
-95.97472,29.04496,00100
-95.96807,29.06742,00100
-95.96651,29.08989,00100
-95.96165,29.11235,00100
-95.95980,29.13482,00100
-95.95898,29.15729,00100
-95.96008,29.17977,00100
-95.96684,29.20226,00100
-95.96974,29.22474,00100
-95.97573,29.24502,00100
-95.97594,29.24724,00100
-95.97570,29.25208,00100
-95.97303,29.26971,00100
-95.97562,29.27576,00100
-95.97899,29.29220,00100
-95.98457,29.31469,00100
-95.97962,29.33716,00100
-95.97535,29.34691,00100
-95.96741,29.35960,00100
-95.96966,29.38208,00100
-95.97520,29.38950,00100
-95.98019,29.40459,00100
-95.98267,29.42708,00100
-95.97968,29.44955,00100
-95.98103,29.47202,00100
-95.98238,29.49451,00100
-95.99403,29.51702,00100
-95.99314,29.53949,00100
-96.00043,29.55233,00100
-96.00378,29.56200,00100
-96.00656,29.58448,00100
-96.01372,29.60698,00100
-96.01581,29.62947,00100
-96.01156,29.65194,00100
-96.01073,29.67441,00100
-96.01414,29.69690,00100
-96.01604,29.71939,00100
-96.01668,29.74186,00100
-96.01343,29.76434,00100
-96.01456,29.78682,00100
-96.01518,29.80930,00100
-96.02052,29.83179,00100
-96.02538,29.83671,00100
-96.03014,29.85430,00100
-96.03725,29.87679,00100
-96.03424,29.89927,00100
-96.04295,29.92177,00100
-96.03753,29.94424,00100
-96.05091,29.96567,00100
-96.05123,29.96675,00100
-96.05090,29.97141,00100
-96.04677,29.98922,00100
-96.05082,29.99726,00100
-96.05470,30.01172,00100
-96.05804,30.03421,00100
-96.07261,30.05672,00100
-96.07659,30.06642,00100
-96.07700,30.07920,00100
-96.07809,30.10170,00100
-96.08034,30.12418,00100
-96.07930,30.14666,00100
-96.08260,30.16915,00100
-96.08699,30.19163,00100
-96.10223,30.20986,00100
-96.11071,30.21416,00100
-96.12820,30.22850,00100
-96.12836,30.23668,00100
-96.12908,30.25915,00100
-96.12974,30.28164,00100
-96.13024,30.30412,00100
-96.13469,30.32661,00100
-96.13641,30.34910,00100
-96.15396,30.36596,00100
-96.16978,30.37162,00100
-96.17999,30.38388,00100
-96.18015,30.39412,00100
-96.18061,30.41660,00100
-96.18085,30.43909,00100
-96.18178,30.46157,00100
-96.18722,30.48406,00100
-96.19253,30.50655,00100
-96.20587,30.51637,00100
-96.23198,30.50721,00100
-96.23239,30.52907,00100
-96.23245,30.55155,00100
-96.23328,30.57403,00100
-96.23374,30.59651,00100
-96.23733,30.61900,00100
-96.25797,30.63716,00100
-96.28143,30.61903,00100
-96.28411,30.61854,00100
-96.28474,30.61903,00100
-96.28828,30.64151,00100
-96.29716,30.66400,00100
-96.31022,30.67722,00100
-96.32978,30.66400,00100
-96.33636,30.66315,00100
-96.34315,30.66400,00100
-96.36250,30.67698,00100
-96.37521,30.66400,00100
-96.38334,30.64151,00100
-96.38659,30.61903,00100
-96.38732,30.59654,00100
-96.38766,30.57406,00100
-96.38739,30.55158,00100
-96.38564,30.52910,00100
-96.36245,30.50866,00100
-96.36093,30.50662,00100
-96.36111,30.48414,00100
-96.35658,30.46166,00100
-96.36134,30.43918,00100
-96.33636,30.41775,00100
-96.33577,30.41669,00100
-96.33636,30.41451,00100
-96.36045,30.39421,00100
-96.33636,30.37280,00100
-96.33578,30.37173,00100
-96.33636,30.36751,00100
-96.35470,30.34925,00100
-96.33888,30.32677,00100
-96.33636,30.31990,00100
-96.33200,30.30429,00100
-96.31536,30.28180,00100
-96.31033,30.27510,00100
-96.30910,30.25932,00100
-96.30935,30.23684,00100
-96.29580,30.21435,00100
-96.30907,30.19187,00100
-96.28462,30.16938,00100
-96.30833,30.14691,00100
-96.28760,30.12442,00100
-96.30597,30.10195,00100
-96.30166,30.07946,00100
-96.30238,30.05698,00100
-96.30579,30.03450,00100
-96.29631,30.01202,00100
-96.30408,29.98954,00100
-96.28445,29.97300,00100
-96.28224,29.96705,00100
-96.28446,29.96137,00100
-96.30540,29.94458,00100
-96.29966,29.92209,00100
-96.30723,29.89962,00100
-96.29728,29.87713,00100
-96.30787,29.85466,00100
-96.31044,29.84668,00100
-96.33636,29.83517,00100
-96.33994,29.83218,00100
-96.34607,29.80970,00100
-96.35326,29.78722,00100
-96.36226,29.77415,00100
-96.38816,29.78283,00100
-96.41405,29.77951,00100
-96.43996,29.77801,00100
-96.44745,29.76469,00100
-96.44597,29.74221,00100
-96.46579,29.72712,00100
-96.49168,29.72555,00100
-96.49551,29.71968,00100
-96.49165,29.71350,00100
-96.47855,29.69722,00100
-96.47361,29.67475,00100
-96.47373,29.65227,00100
-96.47042,29.62979,00100
-96.47021,29.60732,00100
-96.49147,29.59721,00100
-96.50195,29.58480,00100
-96.50614,29.56231,00100
-96.50137,29.53984,00100
-96.50249,29.51736,00100
-96.50317,29.49489,00100
-96.50742,29.47240,00100
-96.51706,29.45645,00100
-96.52731,29.44990,00100
-96.54285,29.44486,00100
-96.56670,29.44983,00100
-96.56868,29.45177,00100
-96.58552,29.47227,00100
-96.59155,29.49474,00100
-96.59461,29.49734,00100
-96.60332,29.51719,00100
-96.61088,29.53965,00100
-96.62059,29.54855,00100
-96.64645,29.55600,00100
-96.66453,29.56201,00100
-96.67233,29.56710,00100
-96.68670,29.56195,00100
-96.69814,29.55771,00100
-96.70808,29.53941,00100
-96.71285,29.51692,00100
-96.69791,29.49516,00100
-96.69641,29.49449,00100
-96.67204,29.48291,00100
-96.66343,29.47210,00100
-96.65790,29.44964,00100
-96.65397,29.42717,00100
-96.65198,29.40469,00100
-96.65265,29.38222,00100
-96.65830,29.35972,00100
-96.67159,29.34971,00100
-96.69735,29.34477,00100
-96.70702,29.33712,00100
-96.71070,29.31463,00100
-96.71196,29.29215,00100
-96.71244,29.26967,00100
-96.71696,29.24718,00100
-96.71566,29.22471,00100
-96.71848,29.20223,00100
-96.71812,29.17975,00100
-96.71668,29.15728,00100
-96.71022,29.13483,00100
-96.70460,29.11237,00100
-96.69647,29.10434,00100
-96.67076,29.10793,00100
-96.66566,29.11247,00100
-96.65256,29.13498,00100
-96.64517,29.15032,00100
-96.63725,29.15749,00100
-96.63026,29.17998,00100
-96.62753,29.20246,00100
-96.63211,29.22493,00100
-96.63336,29.24740,00100
-96.64259,29.26986,00100
-96.63377,29.29235,00100
-96.62775,29.31485,00100
-96.61993,29.32306,00100
-96.60656,29.33736,00100
-96.59420,29.34035,00100
-96.58229,29.33742,00100
-96.56839,29.33087,00100
-96.55755,29.31498,00100
-96.55448,29.29251,00100
-96.55544,29.27004,00100
-96.55235,29.24756,00100
-96.55332,29.22508,00100
-96.56812,29.21386,00100
-96.57967,29.20256,00100
-96.58756,29.18007,00100
-96.58939,29.15760,00100
-96.58936,29.13512,00100
-96.59061,29.11264,00100
-96.59359,29.10888,00100
-96.61929,29.09996,00100
-96.62841,29.09008,00100
-96.63520,29.06760,00100
-96.64390,29.04510,00100
-96.64484,29.04322,00100
-96.67054,29.04218,00100
-96.69624,29.04066,00100
-96.71123,29.02245,00100
-96.72181,29.00602,00100
-96.73284,28.99991,00100
-96.74741,28.98451,00100
-96.75883,28.99983,00100
-96.76041,29.02229,00100
-96.74766,29.04300,00100
-96.74251,29.04483,00100
-96.72203,29.06270,00100
-96.72067,29.06737,00100
-96.72207,29.07176,00100
-96.74529,29.08977,00100
-96.74786,29.09064,00100
-96.77364,29.10502,00100
-96.79425,29.11208,00100
-96.79942,29.11626,00100
-96.80708,29.13451,00100
-96.82258,29.15693,00100
-96.82433,29.17939,00100
-96.81793,29.20189,00100
-96.81378,29.22438,00100
-96.82572,29.23232,00100
-96.84935,29.24673,00100
-96.85156,29.24815,00100
-96.87015,29.26912,00100
-96.87755,29.28973,00100
-96.90323,29.27449,00100
-96.90505,29.26897,00100
-96.91476,29.24645,00100
-96.92874,29.23182,00100
-96.94772,29.22382,00100
-96.95432,29.20324,00100
-96.95478,29.20131,00100
-96.95815,29.17882,00100
-96.95410,29.16895,00100
-96.94673,29.15640,00100
-96.92822,29.14630,00100
-96.90242,29.13427,00100
-96.90173,29.13413,00100
-96.87663,29.12338,00100
-96.87042,29.11179,00100
-96.85995,29.08935,00100
-96.85585,29.06690,00100
-96.85054,29.05312,00100
-96.84233,29.04447,00100
-96.82471,29.02882,00100
-96.82005,29.02208,00100
-96.81440,28.99963,00100
-96.80505,28.97720,00100
-96.81046,28.95470,00100
-96.82430,28.94618,00100
-96.84996,28.94286,00100
-96.87564,28.94300,00100
-96.90128,28.93564,00100
-96.90441,28.93185,00100
-96.91064,28.90935,00100
-96.91467,28.88686,00100
-96.91473,28.86439,00100
-96.91072,28.84193,00100
-96.90516,28.81949,00100
-96.90057,28.81142,00100
-96.88993,28.79708,00100
-96.87477,28.78330,00100
-96.87140,28.77469,00100
-96.87366,28.75220,00100
-96.87459,28.75066,00100
-96.90020,28.74746,00100
-96.92585,28.74971,00100
-96.93270,28.75195,00100
-96.95155,28.76138,00100
-96.96058,28.77429,00100
-96.97738,28.79110,00100
-97.00303,28.79298,00100
-97.01702,28.77400,00100
-97.02788,28.75147,00100
-97.02837,28.75059,00100
-97.04937,28.72888,00100
-97.05379,28.72146,00100
-97.06321,28.70633,00100
-97.07198,28.68381,00100
-97.07365,28.66133,00100
-97.07884,28.64505,00100
-97.08234,28.63881,00100
-97.07873,28.63033,00100
-97.07475,28.61639,00100
-97.05439,28.59403,00100
-97.05286,28.59282,00100
-97.02718,28.57953,00100
-97.02058,28.57175,00100
-97.02219,28.54927,00100
-97.01897,28.52682,00100
-97.02161,28.50434,00100
-97.02380,28.48186,00100
-97.02351,28.45939,00100
-97.02621,28.44233,00100
-97.02770,28.43690,00100
-97.02615,28.43185,00100
-97.02309,28.41446,00100
-97.02596,28.40517,00100
-97.03279,28.39194,00100
-97.02572,28.37042,00100
-97.02554,28.36952,00100
-97.02571,28.36916,00100
-97.04657,28.34694,00100
-97.05103,28.33974,00100
-97.07093,28.32433,00100
-97.07639,28.31875,00100
-97.10182,28.30711,00100
-97.11710,28.30159,00100
-97.12727,28.29870,00100
-97.15275,28.29438,00100
-97.17820,28.28743,00100
-97.19757,28.27861,00100
-97.20358,28.27243,00100
-97.21413,28.25604,00100
-97.22540,28.23349,00100
-97.22708,28.21102,00100
-97.22851,28.20754,00100
-97.23609,28.18850,00100
-97.24004,28.16600,00100
-97.24527,28.14351,00100
-97.25324,28.12635,00100
-97.25491,28.12097,00100
-97.25783,28.09849,00100
-97.26387,28.07599,00100
-97.26577,28.05351,00100
-97.26539,28.03105,00100
-97.26482,28.00860,00100
-97.26337,27.98615,00100
-97.26103,27.96371,00100
-97.25217,27.94131,00100
-97.25149,27.93619,00100
-97.24694,27.91889,00100
-97.23224,27.89654,00100
-97.22563,27.88675,00100
-97.20399,27.87427,00100
-97.20008,27.87110,00100
-97.17463,27.86529,00100
-97.14924,27.86632,00100
-97.13145,27.85229,00100
-97.12364,27.84238,00100
-97.11613,27.82993,00100
-97.11179,27.80750,00100
-97.11699,27.78501,00100
-97.11915,27.76254,00100
-97.12296,27.75583,00100
-97.14309,27.73993,00100
-97.14814,27.73229,00100
-97.15801,27.71739,00100
-97.14795,27.70858,00100
-97.13194,27.69510,00100
-97.12243,27.68831,00100
-97.10538,27.67281,00100
-97.09686,27.65995,00100
-97.09213,27.65043,00100
-97.08203,27.62804,00100
-97.07697,27.60562,00100
-97.07095,27.58466,00100
-97.07067,27.58320,00100
-97.06170,27.56081,00100
-97.04532,27.54292,00100
-97.04156,27.53847,00100
-97.01984,27.51929,00100
-97.01747,27.51615,00100
-96.99436,27.49459,00100
-96.99197,27.49384,00100
       </coordinates>
      </LinearRing>
     </outerBoundaryIs>
     <innerBoundaryIs>
      <LinearRing>
       <coordinates>
-96.81591,28.70749,00100
-96.82308,28.70039,00100
-96.84868,28.69571,00100
-96.86153,28.70731,00100
-96.86210,28.72978,00100
-96.84889,28.73780,00100
-96.82325,28.73469,00100
-96.81599,28.72996,00100
-96.81591,28.70749,00100
       </coordinates>
      </LinearRing>
     </innerBoundaryIs>
    </Polygon>
    <Polygon>
     <extrude>1</extrude>
     <altitudeMode>clampToGround</altitudeMode>
     <outerBoundaryIs>
      <LinearRing>
       <coordinates>
-97.14843,28.81818,00100
-97.13133,28.80508,00100
-97.12014,28.81836,00100
-97.13159,28.83673,00100
-97.14843,28.81818,00100
       </coordinates>
      </LinearRing>
     </outerBoundaryIs>
    </Polygon>
    <Polygon>
     <extrude>1</extrude>
     <altitudeMode>clampToGround</altitudeMode>
     <outerBoundaryIs>
      <LinearRing>
       <coordinates>
-97.03290,28.81886,00100
-97.02881,28.81217,00100
-97.02662,28.81889,00100
-97.00987,28.84145,00100
-97.00504,28.86395,00100
-97.00580,28.88641,00100
-97.02946,28.90455,00100
-97.05348,28.90863,00100
-97.05517,28.90990,00100
-97.07324,28.93099,00100
-97.07541,28.95345,00100
-97.07652,28.97592,00100
-97.08137,28.97989,00100
-97.08868,28.97585,00100
-97.08857,28.95337,00100
-97.08791,28.93090,00100
-97.08804,28.90843,00100
-97.08076,28.90074,00100
-97.07271,28.88605,00100
-97.07009,28.86359,00100
-97.06271,28.84116,00100
-97.05459,28.83082,00100
-97.03290,28.81886,00100
       </coordinates>
      </LinearRing>
     </outerBoundaryIs>
     <innerBoundaryIs>
      <LinearRing>
       <coordinates>
-96.59072,28.91038,00100
-96.59307,28.90895,00100
-96.59381,28.91038,00100
-96.59312,28.92973,00100
-96.59072,28.91038,00100
       </coordinates>
      </LinearRing>
     </innerBoundaryIs>
    </Polygon>
    <Polygon>
     <extrude>1</extrude>
     <altitudeMode>clampToGround</altitudeMode>
     <outerBoundaryIs>
      <LinearRing>
       <coordinates>
-96.93899,29.02158,00100
-96.92743,29.01394,00100
-96.92218,29.02166,00100
-96.92757,29.03613,00100
-96.93899,29.02158,00100
       </coordinates>
      </LinearRing>
     </outerBoundaryIs>
    </Polygon>
    <Polygon>
     <extrude>1</extrude>
     <altitudeMode>clampToGround</altitudeMode>
     <outerBoundaryIs>
      <LinearRing>
       <coordinates>
-96.93816,29.06654,00100
-96.92767,29.05261,00100
-96.92490,29.06660,00100
-96.92778,29.07259,00100
-96.93816,29.06654,00100
       </coordinates>
      </LinearRing>
     </outerBoundaryIs>
    </Polygon>
    <Polygon>
     <extrude>1</extrude>
     <altitudeMode>clampToGround</altitudeMode>
     <outerBoundaryIs>
      <LinearRing>
       <coordinates>
-96.98355,29.26860,00100
-96.98046,29.26389,00100
-96.97889,29.26862,00100
-96.98051,29.27064,00100
-96.98355,29.26860,00100
       </coordinates>
      </LinearRing>
     </outerBoundaryIs>
    </Polygon>
    <Polygon>
     <extrude>1</extrude>
     <altitudeMode>clampToGround</altitudeMode>
     <outerBoundaryIs>
      <LinearRing>
       <coordinates>
-96.74920,29.40442,00100
-96.74918,29.40414,00100
-96.72334,29.39509,00100
-96.72261,29.40450,00100
-96.72206,29.42698,00100
-96.72347,29.42971,00100
-96.74928,29.42905,00100
-96.75042,29.42690,00100
-96.74920,29.40442,00100
       </coordinates>
      </LinearRing>
     </outerBoundaryIs>
     <innerBoundaryIs>
      <LinearRing>
       <coordinates>
-96.38663,29.40507,00100
-96.38795,29.40357,00100
-96.39051,29.40507,00100
-96.39642,29.42754,00100
-96.38798,29.43341,00100
-96.38206,29.42755,00100
-96.38663,29.40507,00100
       </coordinates>
      </LinearRing>
     </innerBoundaryIs>
     <innerBoundaryIs>
      <LinearRing>
       <coordinates>
-96.38476,29.53994,00100
-96.38803,29.53730,00100
-96.39172,29.53993,00100
-96.41389,29.56155,00100
-96.41437,29.56240,00100
-96.41389,29.56353,00100
-96.40691,29.58488,00100
-96.38805,29.59130,00100
-96.37287,29.58490,00100
-96.36269,29.56242,00100
-96.38476,29.53994,00100
       </coordinates>
      </LinearRing>
     </innerBoundaryIs>
     <innerBoundaryIs>
      <LinearRing>
       <coordinates>
-96.30998,29.65234,00100
-96.31049,29.65052,00100
-96.33636,29.64262,00100
-96.35095,29.65234,00100
-96.36183,29.67482,00100
-96.36223,29.67723,00100
-96.36536,29.69730,00100
-96.36773,29.71977,00100
-96.36536,29.74225,00100
-96.36225,29.75127,00100
-96.34272,29.76474,00100
-96.33636,29.76723,00100
-96.33495,29.76474,00100
-96.31046,29.74240,00100
-96.31045,29.74225,00100
-96.28459,29.72043,00100
-96.28435,29.71977,00100
-96.28459,29.71902,00100
-96.30626,29.69730,00100
-96.28746,29.67481,00100
-96.30998,29.65234,00100
       </coordinates>
      </LinearRing>
     </innerBoundaryIs>
    </Polygon>
    <Polygon>
     <extrude>1</extrude>
     <altitudeMode>clampToGround</altitudeMode>
     <outerBoundaryIs>
      <LinearRing>
       <coordinates>
-96.70274,29.76422,00100
-96.69888,29.75812,00100
-96.67297,29.75300,00100
-96.66360,29.76433,00100
-96.67030,29.78679,00100
-96.67315,29.80565,00100
-96.67771,29.80925,00100
-96.69910,29.81613,00100
-96.70145,29.80919,00100
-96.70111,29.78671,00100
-96.70274,29.76422,00100
       </coordinates>
      </LinearRing>
     </outerBoundaryIs>
    </Polygon>
    <Polygon>
     <extrude>1</extrude>
     <altitudeMode>clampToGround</altitudeMode>
     <outerBoundaryIs>
      <LinearRing>
       <coordinates>
-96.60032,29.80943,00100
-96.59543,29.80478,00100
-96.57677,29.80948,00100
-96.56956,29.82056,00100
-96.56726,29.83197,00100
-96.56644,29.85445,00100
-96.56634,29.87694,00100
-96.56972,29.88649,00100
-96.59567,29.89657,00100
-96.60523,29.87686,00100
-96.60426,29.85438,00100
-96.60238,29.83191,00100
-96.60032,29.80943,00100
       </coordinates>
      </LinearRing>
     </outerBoundaryIs>
    </Polygon>
    <Polygon>
     <extrude>1</extrude>
     <altitudeMode>clampToGround</altitudeMode>
     <outerBoundaryIs>
      <LinearRing>
       <coordinates>
-96.44583,29.92205,00100
-96.44010,29.91410,00100
-96.42393,29.92207,00100
-96.41418,29.93345,00100
-96.40800,29.94456,00100
-96.39781,29.96705,00100
-96.40587,29.98952,00100
-96.41424,30.00415,00100
-96.41923,30.01200,00100
-96.44023,30.03441,00100
-96.45052,30.01197,00100
-96.45590,29.98949,00100
-96.45913,29.96701,00100
-96.45168,29.94453,00100
-96.44583,29.92205,00100
       </coordinates>
      </LinearRing>
     </outerBoundaryIs>
    </Polygon>
    <Polygon>
     <extrude>1</extrude>
     <altitudeMode>clampToGround</altitudeMode>
     <outerBoundaryIs>
      <LinearRing>
       <coordinates>
-95.64321,30.12258,00100
-95.63469,30.10711,00100
-95.62739,30.12250,00100
-95.63453,30.12936,00100
-95.64321,30.12258,00100
       </coordinates>
      </LinearRing>
     </outerBoundaryIs>
    </Polygon>
    <Polygon>
     <extrude>1</extrude>
     <altitudeMode>clampToGround</altitudeMode>
     <outerBoundaryIs>
      <LinearRing>
       <coordinates>
-95.89630,30.32603,00100
-95.89362,30.31485,00100
-95.88654,30.32599,00100
-95.89353,30.33442,00100
-95.89630,30.32603,00100
       </coordinates>
      </LinearRing>
     </outerBoundaryIs>
    </Polygon>
    <Polygon>
     <extrude>1</extrude>
     <altitudeMode>clampToGround</altitudeMode>
     <outerBoundaryIs>
      <LinearRing>
       <coordinates>
-95.73888,30.46029,00100
-95.73647,30.45975,00100
-95.73579,30.46028,00100
-95.73643,30.46630,00100
-95.73888,30.46029,00100
       </coordinates>
      </LinearRing>
     </outerBoundaryIs>
    </Polygon>
    <Polygon>
     <extrude>1</extrude>
     <altitudeMode>clampToGround</altitudeMode>
     <outerBoundaryIs>
      <LinearRing>
       <coordinates>
-96.15562,30.50650,00100
-96.15370,30.50378,00100
-96.12762,30.49355,00100
-96.11164,30.50643,00100
-96.10147,30.52005,00100
-96.09184,30.52888,00100
-96.07532,30.54084,00100
-96.07054,30.55132,00100
-96.06465,30.57379,00100
-96.06638,30.59628,00100
-96.06449,30.61875,00100
-96.07505,30.63899,00100
-96.08321,30.64128,00100
-96.10117,30.64802,00100
-96.12731,30.64142,00100
-96.12829,30.64135,00100
-96.15345,30.63699,00100
-96.16154,30.61892,00100
-96.16568,30.59644,00100
-96.17966,30.58447,00100
-96.18862,30.57399,00100
-96.18324,30.55150,00100
-96.17973,30.54801,00100
-96.16333,30.52899,00100
-96.15562,30.50650,00100
       </coordinates>
      </LinearRing>
     </outerBoundaryIs>
    </Polygon>
    <Polygon>
     <extrude>1</extrude>
     <altitudeMode>clampToGround</altitudeMode>
     <outerBoundaryIs>
      <LinearRing>
       <coordinates>
-95.84715,30.50571,00100
-95.84058,30.50120,00100
-95.82799,30.50563,00100
-95.82372,30.52810,00100
-95.84039,30.54115,00100
-95.85108,30.52821,00100
-95.84715,30.50571,00100
       </coordinates>
      </LinearRing>
     </outerBoundaryIs>
    </Polygon>
    <Polygon>
     <extrude>1</extrude>
     <altitudeMode>clampToGround</altitudeMode>
     <outerBoundaryIs>
      <LinearRing>
       <coordinates>
-96.20650,30.66394,00100
-96.20567,30.66237,00100
-96.17957,30.64484,00100
-96.16470,30.66389,00100
-96.16856,30.68637,00100
-96.17361,30.70886,00100
-96.17943,30.72820,00100
-96.20560,30.72160,00100
-96.21787,30.70891,00100
-96.20972,30.68642,00100
-96.20650,30.66394,00100
       </coordinates>
      </LinearRing>
     </outerBoundaryIs>
    </Polygon>
    <Polygon>
     <extrude>1</extrude>
     <altitudeMode>clampToGround</altitudeMode>
     <outerBoundaryIs>
      <LinearRing>
       <coordinates>
-95.84132,30.86540,00100
-95.83875,30.85868,00100
-95.83511,30.86538,00100
-95.83870,30.86937,00100
-95.84132,30.86540,00100
       </coordinates>
      </LinearRing>
     </outerBoundaryIs>
    </Polygon>
    <Polygon>
     <extrude>1</extrude>
     <altitudeMode>clampToGround</altitudeMode>
     <outerBoundaryIs>
      <LinearRing>
       <coordinates>
-96.00310,30.91088,00100
-95.99576,30.89516,00100
-95.97835,30.91081,00100
-95.99564,30.93019,00100
-96.00310,30.91088,00100
       </coordinates>
      </LinearRing>
     </outerBoundaryIs>
    </Polygon>
   </MultiGeometry>
  </Placemark>
  <Placemark>
   <name>Contour Level: 1.0E-14 mass/m3</name>
   <Snippet maxLines="0"></Snippet>
   <TimeSpan>
    <begin>2026-01-25T12:00:00Z</begin>
    <end>2026-01-25T13:00:00Z</end>
   </TimeSpan>
   <styleUrl>#conc3</styleUrl>
   <MultiGeometry>
    <Polygon>
     <extrude>1</extrude>
     <altitudeMode>clampToGround</altitudeMode>
     <outerBoundaryIs>
      <LinearRing>
       <coordinates>
-96.70674,28.01144,00300
-96.69249,28.00581,00300
-96.68037,28.01152,00300
-96.66709,28.01767,00300
-96.64167,28.02570,00300
-96.61624,28.03081,00300
-96.60954,28.03415,00300
-96.59083,28.04069,00300
-96.56540,28.04827,00300
-96.53996,28.05509,00300
-96.53696,28.05674,00300
-96.51452,28.06101,00300
-96.48909,28.07216,00300
-96.46364,28.07779,00300
-96.46214,28.07930,00300
-96.43819,28.08997,00300
-96.42038,28.10179,00300
-96.41275,28.10909,00300
-96.39575,28.12427,00300
-96.38730,28.13333,00300
-96.36384,28.14674,00300
-96.36183,28.14839,00300
-96.33636,28.15842,00300
-96.31087,28.16621,00300
-96.30484,28.16920,00300
-96.30151,28.19166,00300
-96.28538,28.20490,00300
-96.27998,28.21412,00300
-96.28094,28.23658,00300
-96.27085,28.25904,00300
-96.25983,28.28085,00300
-96.25956,28.28149,00300
-96.24805,28.30395,00300
-96.23736,28.32641,00300
-96.23427,28.33025,00300
-96.20873,28.34636,00300
-96.20641,28.34884,00300
-96.18779,28.37129,00300
-96.19016,28.39375,00300
-96.18937,28.41622,00300
-96.18418,28.43868,00300
-96.18306,28.44050,00300
-96.16090,28.46112,00300
-96.15747,28.46325,00300
-96.13187,28.47955,00300
-96.10632,28.47628,00300
-96.09265,28.48347,00300
-96.08074,28.48703,00300
-96.05515,28.49585,00300
-96.03888,28.50583,00300
-96.02953,28.51617,00300
-96.02583,28.52827,00300
-96.02502,28.55073,00300
-96.02160,28.57319,00300
-96.02931,28.58395,00300
-96.04228,28.59571,00300
-96.05481,28.61601,00300
-96.05585,28.61821,00300
-96.05476,28.63423,00300
-96.05423,28.64067,00300
-96.05473,28.64391,00300
-96.05672,28.66315,00300
-96.05862,28.68562,00300
-96.06397,28.70810,00300
-96.06293,28.73057,00300
-96.05443,28.75017,00300
-96.05177,28.75302,00300
-96.04295,28.77547,00300
-96.04832,28.79795,00300
-96.04704,28.82042,00300
-96.02930,28.84285,00300
-96.02850,28.84359,00300
-96.01572,28.86529,00300
-96.01167,28.88775,00300
-96.00587,28.91021,00300
-96.00282,28.93267,00300
-96.00587,28.95515,00300
-96.00690,28.97763,00300
-96.00329,29.00009,00300
-96.00593,29.02257,00300
-96.00217,29.04286,00300
-96.00137,29.04503,00300
-96.00216,29.04741,00300
-96.00584,29.06752,00300
-96.00203,29.08454,00300
-95.99972,29.08998,00300
-96.00196,29.10460,00300
-96.00267,29.11246,00300
-96.00193,29.11488,00300
-95.99271,29.13491,00300
-95.98979,29.15738,00300
-95.98850,29.17985,00300
-95.99072,29.20233,00300
-95.99923,29.22483,00300
-95.99445,29.24729,00300
-96.00144,29.25839,00300
-96.00543,29.26980,00300
-96.00632,29.29227,00300
-96.01714,29.31478,00300
-96.01312,29.33725,00300
-96.00536,29.35970,00300
-96.00233,29.38217,00300
-96.00396,29.40465,00300
-96.00518,29.42713,00300
-96.00113,29.44960,00300
-96.00520,29.47209,00300
-96.00557,29.49457,00300
-96.01279,29.51706,00300
-96.02150,29.53956,00300
-96.02628,29.55185,00300
-96.02818,29.56206,00300
-96.03070,29.58454,00300
-96.03433,29.60703,00300
-96.03462,29.62951,00300
-96.03204,29.65198,00300
-96.03194,29.67446,00300
-96.03123,29.69694,00300
-96.03465,29.71943,00300
-96.03214,29.74190,00300
-96.03517,29.76439,00300
-96.03435,29.78687,00300
-96.03658,29.80935,00300
-96.03957,29.83184,00300
-96.04690,29.85434,00300
-96.05122,29.86155,00300
-96.05611,29.87684,00300
-96.05580,29.89932,00300
-96.06055,29.92181,00300
-96.06394,29.94430,00300
-96.06709,29.96678,00300
-96.07636,29.98929,00300
-96.07679,29.99087,00300
-96.07753,30.01176,00300
-96.07854,30.03425,00300
-96.08083,30.05673,00300
-96.08357,30.07922,00300
-96.08463,30.10171,00300
-96.09483,30.12421,00300
-96.09190,30.14668,00300
-96.10234,30.15986,00300
-96.10847,30.16919,00300
-96.11773,30.19169,00300
-96.12826,30.19925,00300
-96.12955,30.21419,00300
-96.13000,30.23668,00300
-96.13137,30.25916,00300
-96.13339,30.28164,00300
-96.13525,30.30413,00300
-96.14957,30.32663,00300
-96.15400,30.34439,00300
-96.15583,30.34912,00300
-96.18002,30.36192,00300
-96.18088,30.37164,00300
-96.18118,30.39412,00300
-96.18213,30.41660,00300
-96.18331,30.43909,00300
-96.18697,30.46157,00300
-96.20592,30.48260,00300
-96.20895,30.48408,00300
-96.23199,30.49901,00300
-96.23279,30.50658,00300
-96.23340,30.52907,00300
-96.23377,30.55155,00300
-96.23632,30.57403,00300
-96.23843,30.59652,00300
-96.24924,30.61901,00300
-96.25797,30.62669,00300
-96.26790,30.61902,00300
-96.28411,30.61611,00300
-96.28792,30.61903,00300
-96.29993,30.64151,00300
-96.31022,30.65546,00300
-96.33636,30.65765,00300
-96.36250,30.65490,00300
-96.37192,30.64151,00300
-96.38224,30.61903,00300
-96.38457,30.59654,00300
-96.38569,30.57406,00300
-96.38485,30.55158,00300
-96.37933,30.52910,00300
-96.36246,30.51423,00300
-96.35678,30.50662,00300
-96.35794,30.48414,00300
-96.34252,30.46166,00300
-96.35803,30.43918,00300
-96.33636,30.42059,00300
-96.33419,30.41669,00300
-96.33636,30.40863,00300
-96.35348,30.39421,00300
-96.33636,30.37900,00300
-96.33247,30.37173,00300
-96.33393,30.34925,00300
-96.32060,30.32677,00300
-96.31031,30.31543,00300
-96.30872,30.30429,00300
-96.30714,30.28180,00300
-96.30270,30.25931,00300
-96.30634,30.23684,00300
-96.28432,30.21626,00300
-96.28370,30.21434,00300
-96.28432,30.21197,00300
-96.30540,30.19187,00300
-96.28435,30.17271,00300
-96.28302,30.16938,00300
-96.28436,30.16403,00300
-96.30260,30.14691,00300
-96.28437,30.12954,00300
-96.28254,30.12442,00300
-96.28438,30.11435,00300
-96.29596,30.10195,00300
-96.28439,30.08250,00300
-96.28385,30.07945,00300
-96.28369,30.05698,00300
-96.28442,30.04928,00300
-96.29025,30.03450,00300
-96.28442,30.02703,00300
-96.28082,30.01201,00300
-96.28444,29.99365,00300
-96.28729,29.98954,00300
-96.28445,29.98714,00300
-96.27698,29.96705,00300
-96.28447,29.94783,00300
-96.28853,29.94457,00300
-96.28447,29.93912,00300
-96.28002,29.92209,00300
-96.28449,29.90384,00300
-96.28786,29.89961,00300
-96.28449,29.89560,00300
-96.27862,29.87713,00300
-96.28170,29.85465,00300
-96.28445,29.83217,00300
-96.28297,29.80969,00300
-96.28455,29.80128,00300
-96.29253,29.78721,00300
-96.28456,29.77768,00300
-96.28093,29.76473,00300
-96.28457,29.75044,00300
-96.28987,29.74225,00300
-96.28458,29.73778,00300
-96.27793,29.71977,00300
-96.28460,29.69913,00300
-96.28644,29.69729,00300
-96.28460,29.69534,00300
-96.27830,29.67481,00300
-96.28408,29.65233,00300
-96.28389,29.62985,00300
-96.28465,29.61699,00300
-96.28750,29.60738,00300
-96.29875,29.58490,00300
-96.28467,29.56323,00300
-96.28451,29.56241,00300
-96.28468,29.56156,00300
-96.29807,29.53994,00300
-96.28469,29.52677,00300
-96.28090,29.51746,00300
-96.28470,29.51153,00300
-96.30730,29.49499,00300
-96.31053,29.48374,00300
-96.31547,29.47251,00300
-96.33115,29.45004,00300
-96.33636,29.43702,00300
-96.34092,29.42756,00300
-96.34620,29.40508,00300
-96.35026,29.38260,00300
-96.35390,29.36012,00300
-96.36046,29.33765,00300
-96.36214,29.33096,00300
-96.37028,29.31517,00300
-96.36937,29.29269,00300
-96.36801,29.27022,00300
-96.37148,29.24774,00300
-96.37415,29.22526,00300
-96.38786,29.21079,00300
-96.41362,29.22413,00300
-96.41556,29.22524,00300
-96.43939,29.24130,00300
-96.46515,29.24174,00300
-96.49090,29.23555,00300
-96.49693,29.22517,00300
-96.51047,29.20267,00300
-96.51659,29.20087,00300
-96.54233,29.19439,00300
-96.55801,29.18013,00300
-96.56149,29.15765,00300
-96.56022,29.13517,00300
-96.56149,29.11270,00300
-96.56785,29.09884,00300
-96.57468,29.09020,00300
-96.59032,29.06770,00300
-96.57495,29.04525,00300
-96.56770,29.03523,00300
-96.55608,29.02281,00300
-96.54883,29.00035,00300
-96.55316,28.97787,00300
-96.54951,28.95540,00300
-96.54179,28.93846,00300
-96.54028,28.93294,00300
-96.54001,28.91047,00300
-96.53826,28.88800,00300
-96.54164,28.86903,00300
-96.54311,28.86552,00300
-96.54162,28.85486,00300
-96.54085,28.84305,00300
-96.54158,28.83714,00300
-96.55219,28.82057,00300
-96.56715,28.80353,00300
-96.59283,28.81565,00300
-96.59507,28.82049,00300
-96.59703,28.84295,00300
-96.61073,28.86539,00300
-96.61867,28.88384,00300
-96.62173,28.88784,00300
-96.62511,28.91031,00300
-96.63513,28.93275,00300
-96.64452,28.94134,00300
-96.66066,28.95517,00300
-96.67030,28.97375,00300
-96.67934,28.97759,00300
-96.69601,28.98003,00300
-96.69798,28.97754,00300
-96.70008,28.95506,00300
-96.70365,28.93258,00300
-96.70695,28.91010,00300
-96.71355,28.88760,00300
-96.71572,28.86513,00300
-96.71392,28.84266,00300
-96.70914,28.82021,00300
-96.70644,28.79774,00300
-96.70752,28.77527,00300
-96.70776,28.75279,00300
-96.72075,28.73490,00300
-96.74635,28.73066,00300
-96.74696,28.73020,00300
-96.75426,28.70771,00300
-96.76406,28.68521,00300
-96.77171,28.67007,00300
-96.77773,28.66269,00300
-96.78926,28.64018,00300
-96.79714,28.63112,00300
-96.80318,28.61766,00300
-96.80393,28.59519,00300
-96.81541,28.57268,00300
-96.82238,28.55708,00300
-96.82544,28.55017,00300
-96.82907,28.52769,00300
-96.83322,28.50521,00300
-96.83799,28.48272,00300
-96.84200,28.46024,00300
-96.83812,28.43779,00300
-96.84523,28.41530,00300
-96.83825,28.39285,00300
-96.84701,28.37312,00300
-96.84776,28.37035,00300
-96.84698,28.36694,00300
-96.83818,28.34793,00300
-96.84161,28.32545,00300
-96.83555,28.30301,00300
-96.83447,28.28055,00300
-96.83314,28.25809,00300
-96.83059,28.23563,00300
-96.82964,28.21317,00300
-96.82804,28.19072,00300
-96.82195,28.16828,00300
-96.82272,28.14582,00300
-96.82032,28.13757,00300
-96.81461,28.12338,00300
-96.80175,28.10097,00300
-96.79464,28.09234,00300
-96.77515,28.07861,00300
-96.76908,28.07020,00300
-96.75418,28.05621,00300
-96.74350,28.03949,00300
-96.73626,28.03381,00300
-96.71798,28.01937,00300
-96.70674,28.01144,00300
       </coordinates>
      </LinearRing>
     </outerBoundaryIs>
     <innerBoundaryIs>
      <LinearRing>
       <coordinates>
-96.69250,28.73037,00300
-96.69505,28.71372,00300
-96.70587,28.73033,00300
-96.69511,28.73401,00300
-96.69250,28.73037,00300
       </coordinates>
      </LinearRing>
     </innerBoundaryIs>
     <innerBoundaryIs>
      <LinearRing>
       <coordinates>
-96.53762,28.77565,00300
-96.54144,28.76751,00300
-96.55324,28.77562,00300
-96.54149,28.79544,00300
-96.53762,28.77565,00300
       </coordinates>
      </LinearRing>
     </innerBoundaryIs>
     <innerBoundaryIs>
      <LinearRing>
       <coordinates>
-96.48529,29.11281,00300
-96.49069,29.10292,00300
-96.49506,29.11279,00300
-96.49073,29.12989,00300
-96.48529,29.11281,00300
       </coordinates>
      </LinearRing>
     </innerBoundaryIs>
    </Polygon>
    <Polygon>
     <extrude>1</extrude>
     <altitudeMode>clampToGround</altitudeMode>
     <outerBoundaryIs>
      <LinearRing>
       <coordinates>
-96.44684,29.31513,00300
-96.43946,29.30874,00300
-96.42800,29.31514,00300
-96.43948,29.32527,00300
-96.44684,29.31513,00300
       </coordinates>
      </LinearRing>
     </outerBoundaryIs>
    </Polygon>
   </MultiGeometry>
  </Placemark>
  <Placemark>
   <name>Contour Level: 3.2E-14 mass/m3</name>
   <Snippet maxLines="0"></Snippet>
   <TimeSpan>
    <begin>2026-01-25T12:00:00Z</begin>
    <end>2026-01-25T13:00:00Z</end>
   </TimeSpan>
   <styleUrl>#conc4</styleUrl>
   <MultiGeometry>
    <Polygon>
     <extrude>1</extrude>
     <altitudeMode>clampToGround</altitudeMode>
     <outerBoundaryIs>
      <LinearRing>
       <coordinates>
-96.34845,28.55111,00500
-96.33636,28.54816,00500
-96.32792,28.55111,00500
-96.31078,28.55964,00500
-96.29054,28.57357,00500
-96.28519,28.57896,00500
-96.26481,28.59603,00500
-96.25958,28.59945,00500
-96.23399,28.60798,00500
-96.21854,28.61846,00500
-96.20837,28.62567,00500
-96.18522,28.64090,00500
-96.18275,28.64234,00500
-96.16587,28.66334,00500
-96.15709,28.67303,00500
-96.14668,28.68578,00500
-96.13142,28.69716,00500
-96.12311,28.70821,00500
-96.12025,28.73068,00500
-96.11726,28.75315,00500
-96.11585,28.77562,00500
-96.12014,28.79809,00500
-96.11801,28.82056,00500
-96.11052,28.84301,00500
-96.10545,28.85331,00500
-96.09029,28.86545,00500
-96.08950,28.88792,00500
-96.09035,28.91040,00500
-96.08211,28.93285,00500
-96.07957,28.93547,00500
-96.05862,28.95528,00500
-96.05506,28.97774,00500
-96.05624,29.00022,00500
-96.05856,29.02270,00500
-96.05361,29.03443,00500
-96.05013,29.04515,00500
-96.05353,29.06493,00500
-96.05373,29.06763,00500
-96.05351,29.06851,00500
-96.04467,29.09008,00500
-96.04692,29.11257,00500
-96.04033,29.13503,00500
-96.03004,29.15748,00500
-96.02746,29.17820,00500
-96.02726,29.17995,00500
-96.02744,29.18332,00500
-96.02845,29.20243,00500
-96.02737,29.20775,00500
-96.02473,29.22489,00500
-96.02729,29.23045,00500
-96.03700,29.24740,00500
-96.04493,29.26989,00500
-96.04594,29.29237,00500
-96.05283,29.30613,00500
-96.05494,29.31487,00500
-96.05277,29.32480,00500
-96.04771,29.33733,00500
-96.04520,29.35980,00500
-96.04137,29.38227,00500
-96.03880,29.40474,00500
-96.03784,29.42721,00500
-96.03613,29.44969,00500
-96.03597,29.47216,00500
-96.04148,29.49466,00500
-96.05222,29.51427,00500
-96.05324,29.51716,00500
-96.05225,29.53963,00500
-96.05760,29.56212,00500
-96.05765,29.58460,00500
-96.05952,29.60709,00500
-96.05921,29.62956,00500
-96.05590,29.65204,00500
-96.05630,29.67452,00500
-96.05191,29.69699,00500
-96.05601,29.71948,00500
-96.05440,29.74195,00500
-96.06078,29.76445,00500
-96.06213,29.78693,00500
-96.06273,29.80941,00500
-96.06583,29.83190,00500
-96.07716,29.85027,00500
-96.07818,29.85440,00500
-96.07966,29.87688,00500
-96.08157,29.89937,00500
-96.08402,29.92186,00500
-96.08381,29.94434,00500
-96.08735,29.96683,00500
-96.08575,29.98930,00500
-96.08969,30.01179,00500
-96.09016,30.03427,00500
-96.09483,30.05676,00500
-96.10255,30.07614,00500
-96.10321,30.07926,00500
-96.10461,30.10175,00500
-96.11257,30.12424,00500
-96.12693,30.14674,00500
-96.12836,30.14895,00500
-96.13064,30.16923,00500
-96.13184,30.19171,00500
-96.13477,30.21420,00500
-96.13518,30.23668,00500
-96.13861,30.25917,00500
-96.14496,30.28166,00500
-96.15106,30.30415,00500
-96.15407,30.30807,00500
-96.16720,30.32666,00500
-96.18006,30.33949,00500
-96.18166,30.34916,00500
-96.18430,30.37164,00500
-96.18444,30.39412,00500
-96.18694,30.41661,00500
-96.19108,30.43910,00500
-96.20342,30.46159,00500
-96.20594,30.46439,00500
-96.23202,30.47311,00500
-96.23306,30.48410,00500
-96.23539,30.50658,00500
-96.23658,30.52907,00500
-96.23795,30.55155,00500
-96.24595,30.57404,00500
-96.25325,30.59653,00500
-96.25800,30.60315,00500
-96.28411,30.60841,00500
-96.29797,30.61903,00500
-96.31023,30.63317,00500
-96.33636,30.64030,00500
-96.36249,30.62736,00500
-96.36847,30.61903,00500
-96.37589,30.59655,00500
-96.37943,30.57406,00500
-96.37680,30.55158,00500
-96.36246,30.53091,00500
-96.35271,30.52910,00500
-96.34367,30.50662,00500
-96.34790,30.48414,00500
-96.33636,30.47129,00500
-96.33422,30.46166,00500
-96.33636,30.45165,00500
-96.34758,30.43918,00500
-96.33636,30.42956,00500
-96.32920,30.41669,00500
-96.33410,30.39421,00500
-96.32198,30.37173,00500
-96.31030,30.35290,00500
-96.30926,30.34925,00500
-96.29124,30.32676,00500
-96.30062,30.30428,00500
-96.29620,30.28180,00500
-96.28430,30.26104,00500
-96.28409,30.25931,00500
-96.28430,30.25786,00500
-96.29681,30.23684,00500
-96.28432,30.22516,00500
-96.28076,30.21434,00500
-96.28433,30.20090,00500
-96.29380,30.19187,00500
-96.28434,30.18326,00500
-96.27882,30.16938,00500
-96.28436,30.14703,00500
-96.28449,30.14690,00500
-96.28436,30.14677,00500
-96.27637,30.12441,00500
-96.27829,30.10194,00500
-96.27426,30.07945,00500
-96.27202,30.05697,00500
-96.27044,30.03449,00500
-96.26572,30.01200,00500
-96.26284,29.98952,00500
-96.26031,29.96704,00500
-96.25929,29.94456,00500
-96.26128,29.92208,00500
-96.25855,29.90530,00500
-96.25809,29.89960,00500
-96.25574,29.87711,00500
-96.25614,29.85464,00500
-96.25751,29.83215,00500
-96.25805,29.80968,00500
-96.25677,29.78720,00500
-96.25471,29.76471,00500
-96.25673,29.74224,00500
-96.25731,29.71975,00500
-96.25729,29.69728,00500
-96.25766,29.67480,00500
-96.25816,29.65232,00500
-96.25877,29.64264,00500
-96.26009,29.62984,00500
-96.26215,29.60736,00500
-96.26429,29.58488,00500
-96.26315,29.56240,00500
-96.25884,29.54800,00500
-96.25679,29.53992,00500
-96.24770,29.51744,00500
-96.25773,29.49497,00500
-96.25889,29.49011,00500
-96.26595,29.47249,00500
-96.27316,29.45002,00500
-96.27630,29.42754,00500
-96.27654,29.40507,00500
-96.26912,29.38259,00500
-96.26671,29.36011,00500
-96.27039,29.33763,00500
-96.27215,29.31516,00500
-96.28481,29.29538,00500
-96.28720,29.29268,00500
-96.28482,29.27979,00500
-96.28374,29.27021,00500
-96.28483,29.26828,00500
-96.29987,29.24774,00500
-96.30180,29.22526,00500
-96.30831,29.20279,00500
-96.31061,29.19199,00500
-96.31372,29.18032,00500
-96.31976,29.15784,00500
-96.33409,29.13537,00500
-96.33466,29.11289,00500
-96.33636,29.11051,00500
-96.36076,29.09041,00500
-96.36208,29.08317,00500
-96.36636,29.06794,00500
-96.36354,29.04546,00500
-96.36206,29.03618,00500
-96.35973,29.02299,00500
-96.36206,29.02027,00500
-96.37650,29.00051,00500
-96.38774,28.99595,00500
-96.40614,28.97803,00500
-96.40925,28.95556,00500
-96.41071,28.93308,00500
-96.41110,28.91061,00500
-96.40950,28.88814,00500
-96.41335,28.87399,00500
-96.41492,28.86566,00500
-96.43191,28.84318,00500
-96.43896,28.83702,00500
-96.45857,28.82069,00500
-96.45901,28.79822,00500
-96.45036,28.77575,00500
-96.44955,28.75328,00500
-96.45811,28.73080,00500
-96.46364,28.70832,00500
-96.46445,28.70450,00500
-96.46835,28.68585,00500
-96.47406,28.66338,00500
-96.47631,28.64091,00500
-96.47961,28.61843,00500
-96.46432,28.61074,00500
-96.44698,28.59600,00500
-96.43871,28.59286,00500
-96.41312,28.57774,00500
-96.39589,28.57357,00500
-96.38752,28.56956,00500
-96.36194,28.55547,00500
-96.34845,28.55111,00500
       </coordinates>
      </LinearRing>
     </outerBoundaryIs>
    </Polygon>
    <Polygon>
     <extrude>1</extrude>
     <altitudeMode>clampToGround</altitudeMode>
     <outerBoundaryIs>
      <LinearRing>
       <coordinates>
-96.49070,28.95548,00500
-96.49046,28.95491,00500
-96.48988,28.95549,00500
-96.48472,28.97796,00500
-96.49050,28.98172,00500
-96.49332,28.97795,00500
-96.49070,28.95548,00500
       </coordinates>
      </LinearRing>
     </outerBoundaryIs>
    </Polygon>
   </MultiGeometry>
  </Placemark>
  <Placemark>
   <name>Contour Level: 1.0E-13 mass/m3</name>
   <Snippet maxLines="0"></Snippet>
   <TimeSpan>
    <begin>2026-01-25T12:00:00Z</begin>
    <end>2026-01-25T13:00:00Z</end>
   </TimeSpan>
   <styleUrl>#conc5</styleUrl>
   <MultiGeometry>
    <Polygon>
     <extrude>1</extrude>
     <altitudeMode>clampToGround</altitudeMode>
     <outerBoundaryIs>
      <LinearRing>
       <coordinates>
-96.18407,29.18023,00700
-96.18193,29.16155,00700
-96.17686,29.18022,00700
-96.15615,29.18792,00700
-96.13040,29.18855,00700
-96.11691,29.20261,00700
-96.11253,29.22507,00700
-96.11103,29.24755,00700
-96.11156,29.27003,00700
-96.11143,29.29250,00700
-96.11325,29.31498,00700
-96.10985,29.33745,00700
-96.10686,29.35992,00700
-96.10423,29.37223,00700
-96.10172,29.38239,00700
-96.09995,29.40487,00700
-96.09892,29.42734,00700
-96.09583,29.44981,00700
-96.09845,29.47229,00700
-96.10104,29.49478,00700
-96.10391,29.50184,00700
-96.10866,29.51727,00700
-96.10420,29.53974,00700
-96.10582,29.56222,00700
-96.10374,29.57520,00700
-96.10145,29.58469,00700
-96.10226,29.60717,00700
-96.10139,29.62965,00700
-96.09712,29.65212,00700
-96.09747,29.67460,00700
-96.09260,29.69707,00700
-96.08942,29.71955,00700
-96.09471,29.74203,00700
-96.10329,29.76141,00700
-96.10408,29.76453,00700
-96.10328,29.76940,00700
-96.09871,29.78700,00700
-96.10098,29.80949,00700
-96.09957,29.83196,00700
-96.10242,29.85445,00700
-96.10307,29.85667,00700
-96.10589,29.87693,00700
-96.10558,29.89941,00700
-96.11021,29.92190,00700
-96.10923,29.94438,00700
-96.11118,29.96687,00700
-96.11117,29.98935,00700
-96.11243,30.01183,00700
-96.11517,30.03432,00700
-96.12341,30.05681,00700
-96.12703,30.07930,00700
-96.12851,30.08175,00700
-96.13559,30.10180,00700
-96.13927,30.12428,00700
-96.14113,30.14676,00700
-96.14899,30.16926,00700
-96.14474,30.19173,00700
-96.15129,30.21422,00700
-96.15155,30.23671,00700
-96.15419,30.24426,00700
-96.15895,30.25920,00700
-96.16589,30.28169,00700
-96.18013,30.29683,00700
-96.18384,30.30420,00700
-96.18665,30.32668,00700
-96.18929,30.34916,00700
-96.19514,30.37165,00700
-96.19478,30.39413,00700
-96.20216,30.41663,00700
-96.20599,30.42541,00700
-96.21267,30.43912,00700
-96.23204,30.45188,00700
-96.24042,30.46162,00700
-96.24170,30.48411,00700
-96.24359,30.50659,00700
-96.24664,30.52908,00700
-96.25115,30.55156,00700
-96.25803,30.56199,00700
-96.26642,30.57405,00700
-96.28413,30.59009,00700
-96.30413,30.59655,00700
-96.31023,30.60112,00700
-96.33636,30.60432,00700
-96.34639,30.59655,00700
-96.36060,30.57407,00700
-96.35648,30.55159,00700
-96.33636,30.53775,00700
-96.32925,30.52911,00700
-96.33007,30.50662,00700
-96.33106,30.48414,00700
-96.32640,30.46166,00700
-96.32703,30.43918,00700
-96.31343,30.41669,00700
-96.31029,30.40686,00700
-96.30665,30.39421,00700
-96.28424,30.37543,00700
-96.28231,30.37172,00700
-96.28425,30.36432,00700
-96.29396,30.34924,00700
-96.28426,30.33999,00700
-96.27963,30.32676,00700
-96.28191,30.30427,00700
-96.27968,30.28179,00700
-96.27670,30.25931,00700
-96.27808,30.23683,00700
-96.27149,30.21434,00700
-96.27161,30.19186,00700
-96.26554,30.16937,00700
-96.25903,30.14688,00700
-96.25837,30.14121,00700
-96.25620,30.12440,00700
-96.25234,30.10193,00700
-96.24490,30.07943,00700
-96.24254,30.05695,00700
-96.23845,30.03447,00700
-96.23250,30.02354,00700
-96.22985,30.01198,00700
-96.23252,29.99785,00700
-96.23594,29.98951,00700
-96.23254,29.98515,00700
-96.22659,29.96702,00700
-96.23258,29.94659,00700
-96.23405,29.94454,00700
-96.23258,29.94248,00700
-96.22578,29.92205,00700
-96.22958,29.89958,00700
-96.22343,29.87709,00700
-96.22381,29.85461,00700
-96.22277,29.83213,00700
-96.22070,29.80965,00700
-96.22119,29.78717,00700
-96.21825,29.76468,00700
-96.22115,29.74221,00700
-96.21857,29.71973,00700
-96.22153,29.69725,00700
-96.21912,29.67477,00700
-96.21989,29.65229,00700
-96.21764,29.62981,00700
-96.21613,29.60733,00700
-96.21520,29.58485,00700
-96.21177,29.56236,00700
-96.20716,29.54752,00700
-96.20438,29.53988,00700
-96.20100,29.51740,00700
-96.20141,29.49492,00700
-96.20638,29.47245,00700
-96.20337,29.44997,00700
-96.20094,29.42749,00700
-96.19977,29.40501,00700
-96.20120,29.38253,00700
-96.20223,29.36005,00700
-96.20147,29.33758,00700
-96.20285,29.31511,00700
-96.19270,29.29262,00700
-96.18175,29.28084,00700
-96.17459,29.27012,00700
-96.17441,29.24764,00700
-96.16632,29.22515,00700
-96.16354,29.20268,00700
-96.18190,29.18133,00700
-96.18407,29.18023,00700
       </coordinates>
      </LinearRing>
     </outerBoundaryIs>
    </Polygon>
   </MultiGeometry>
  </Placemark>
  <Placemark>
   <name>Contour Level: 3.2E-13 mass/m3</name>
   <Snippet maxLines="0"></Snippet>
   <TimeSpan>
    <begin>2026-01-25T12:00:00Z</begin>
    <end>2026-01-25T13:00:00Z</end>
   </TimeSpan>
   <styleUrl>#conc6</styleUrl>
   <MultiGeometry>
    <Polygon>
     <extrude>1</extrude>
     <altitudeMode>clampToGround</altitudeMode>
     <outerBoundaryIs>
      <LinearRing>
       <coordinates>
-96.18433,29.96698,00900
-96.18067,29.95954,00900
-96.17706,29.96696,00900
-96.18063,29.98170,00900
-96.18433,29.96698,00900
       </coordinates>
      </LinearRing>
     </outerBoundaryIs>
    </Polygon>
    <Polygon>
     <extrude>1</extrude>
     <altitudeMode>clampToGround</altitudeMode>
     <outerBoundaryIs>
      <LinearRing>
       <coordinates>
-96.18519,30.01193,00900
-96.18061,29.99643,00900
-96.17642,30.01192,00900
-96.17890,30.03441,00900
-96.17317,30.05688,00900
-96.17302,30.07936,00900
-96.17495,30.10185,00900
-96.17236,30.12432,00900
-96.17913,30.14681,00900
-96.17422,30.16929,00900
-96.18030,30.19050,00900
-96.18350,30.19178,00900
-96.18030,30.19312,00900
-96.17448,30.21426,00900
-96.18024,30.22899,00900
-96.19131,30.23676,00900
-96.20621,30.25749,00900
-96.20683,30.25926,00900
-96.20839,30.28174,00900
-96.20949,30.30423,00900
-96.21073,30.32671,00900
-96.21302,30.34919,00900
-96.21584,30.37167,00900
-96.22669,30.39417,00900
-96.23209,30.40951,00900
-96.25726,30.39419,00900
-96.25816,30.39361,00900
-96.26275,30.37171,00900
-96.26366,30.34923,00900
-96.26350,30.32675,00900
-96.26133,30.30426,00900
-96.25825,30.28617,00900
-96.25695,30.28177,00900
-96.25204,30.25929,00900
-96.24236,30.23680,00900
-96.23819,30.21432,00900
-96.23231,30.20169,00900
-96.21904,30.19182,00900
-96.21052,30.16933,00900
-96.20636,30.15314,00900
-96.19270,30.14683,00900
-96.20639,30.13134,00900
-96.20698,30.12436,00900
-96.20640,30.12104,00900
-96.19635,30.10188,00900
-96.19767,30.07939,00900
-96.19303,30.05691,00900
-96.18255,30.03442,00900
-96.18519,30.01193,00900
       </coordinates>
      </LinearRing>
     </outerBoundaryIs>
    </Polygon>
    <Polygon>
     <extrude>1</extrude>
     <altitudeMode>clampToGround</altitudeMode>
     <outerBoundaryIs>
      <LinearRing>
       <coordinates>
-96.30221,30.46165,00900
-96.28420,30.44119,00900
-96.26723,30.46164,00900
-96.26823,30.48413,00900
-96.26764,30.50661,00900
-96.27016,30.52909,00900
-96.28415,30.54379,00900
-96.30417,30.52910,00900
-96.30532,30.50662,00900
-96.30374,30.48414,00900
-96.30221,30.46165,00900
       </coordinates>
      </LinearRing>
     </outerBoundaryIs>
    </Polygon>
   </MultiGeometry>
  </Placemark>
  <Placemark>
   <name>Maximum Value Grid Cell</name>
   <Snippet maxLines="0"></Snippet>
   <description><![CDATA[<pre>
LAT:   30.3267 LON:  -96.2322
Value: 6.4E-13
      The square represents the location
      of maximum concentration and the
      size of the square represents the
      concentration grid cell size.
    </pre>]]>
   </description>
   <TimeSpan>
    <begin>2026-01-25T12:00:00Z</begin>
    <end>2026-01-25T13:00:00Z</end>
   </TimeSpan>
   <styleUrl>#maxv</styleUrl>
   <Polygon>
    <extrude>1</extrude>
    <altitudeMode>clampToGround</altitudeMode>
    <outerBoundaryIs>
     <LinearRing>
      <coordinates>
        -96.25824,30.30426,00100
        -96.20615,30.30422,00100
        -96.20609,30.34918,00100
        -96.25820,30.34923,00100
        -96.25824,30.30426,00100
      </coordinates>
     </LinearRing>
    </outerBoundaryIs>
   </Polygon>
  </Placemark>
 </Folder>
 <Folder>
  <name><![CDATA[<pre>Concentration 
(Valid:20260125 1400UTC)</pre>]]>
  </name>
  <visibility>0</visibility>
  <description><![CDATA[<pre>
Averaged from 00000 to 00100m
Valid:20260125 1400 UTC
   </pre>]]>
  </description>
  <ScreenOverlay>
   <name>Legend</name>
   <Snippet maxLines="0"></Snippet>
   <TimeSpan>
    <begin>2026-01-25T13:00:00Z</begin>
    <end>2026-01-25T14:00:00Z</end>
   </TimeSpan>
   <Icon>
    <href>GELABEL_14_22130.gif</href>
   </Icon>
   <overlayXY x="0" y="1" xunits="fraction" yunits="fraction"/>
   <screenXY x="0" y="1" xunits="fraction" yunits="fraction"/>
   <rotationXY x="0" y="0" xunits="fraction" yunits="fraction"/>
   <size x="0" y="0" xunits="pixels" yunits="pixels"/>
  </ScreenOverlay>
  <Placemark>
   <name>Contour Level: 3.2E-15 mass/m3</name>
   <Snippet maxLines="0"></Snippet>
   <TimeSpan>
    <begin>2026-01-25T13:00:00Z</begin>
    <end>2026-01-25T14:00:00Z</end>
   </TimeSpan>
   <styleUrl>#conc2</styleUrl>
   <MultiGeometry>
    <Polygon>
     <extrude>1</extrude>
     <altitudeMode>clampToGround</altitudeMode>
     <outerBoundaryIs>
      <LinearRing>
       <coordinates>
-96.78453,27.33760,00100
-96.76588,27.33192,00100
-96.74062,27.33262,00100
-96.71536,27.33416,00100
-96.70510,27.33786,00100
-96.69012,27.34184,00100
-96.66491,27.35887,00100
-96.66265,27.36042,00100
-96.64716,27.38290,00100
-96.63976,27.40092,00100
-96.63808,27.40537,00100
-96.63706,27.42783,00100
-96.62460,27.45030,00100
-96.61465,27.46116,00100
-96.60653,27.47279,00100
-96.58941,27.48402,00100
-96.56411,27.48809,00100
-96.53882,27.49352,00100
-96.51866,27.49540,00100
-96.51351,27.49632,00100
-96.49063,27.49544,00100
-96.48820,27.49538,00100
-96.48769,27.49544,00100
-96.46291,27.50063,00100
-96.43759,27.50023,00100
-96.41811,27.51795,00100
-96.41230,27.52383,00100
-96.38699,27.53588,00100
-96.37320,27.54042,00100
-96.36168,27.54533,00100
-96.33636,27.54924,00100
-96.31104,27.56145,00100
-96.30377,27.56287,00100
-96.29084,27.58532,00100
-96.28569,27.59022,00100
-96.27594,27.60777,00100
-96.27267,27.63021,00100
-96.27083,27.65267,00100
-96.26030,27.66953,00100
-96.25806,27.67511,00100
-96.24235,27.69755,00100
-96.23491,27.70647,00100
-96.21283,27.71998,00100
-96.20952,27.72892,00100
-96.20576,27.74243,00100
-96.19884,27.76488,00100
-96.19649,27.78733,00100
-96.19598,27.80978,00100
-96.19135,27.83224,00100
-96.18398,27.84313,00100
-96.16747,27.85466,00100
-96.15855,27.86149,00100
-96.14444,27.87709,00100
-96.13310,27.88317,00100
-96.10770,27.88041,00100
-96.08227,27.89056,00100
-96.06783,27.89940,00100
-96.05682,27.90581,00100
-96.04057,27.92180,00100
-96.03132,27.93411,00100
-96.02585,27.94423,00100
-96.01347,27.96665,00100
-96.01044,27.98911,00100
-96.01111,28.01156,00100
-96.00684,28.03401,00100
-96.00555,28.03950,00100
-95.99999,28.05645,00100
-95.98813,28.07889,00100
-95.97993,28.08604,00100
-95.95444,28.09436,00100
-95.92896,28.09977,00100
-95.92078,28.10114,00100
-95.90347,28.10667,00100
-95.87795,28.11834,00100
-95.87577,28.12345,00100
-95.87786,28.13899,00100
-95.88021,28.14593,00100
-95.87782,28.14824,00100
-95.87099,28.16836,00100
-95.87527,28.19084,00100
-95.87025,28.21328,00100
-95.87122,28.23574,00100
-95.86670,28.25819,00100
-95.86469,28.28065,00100
-95.86065,28.30309,00100
-95.85638,28.32554,00100
-95.85144,28.33226,00100
-95.82790,28.34790,00100
-95.82583,28.34969,00100
-95.80154,28.37026,00100
-95.80015,28.37861,00100
-95.79620,28.39270,00100
-95.80003,28.39930,00100
-95.80392,28.41520,00100
-95.79988,28.42755,00100
-95.79261,28.43762,00100
-95.78075,28.46003,00100
-95.77410,28.46799,00100
-95.76359,28.48242,00100
-95.74841,28.49222,00100
-95.72279,28.50043,00100
-95.70020,28.50459,00100
-95.69718,28.50677,00100
-95.68682,28.52699,00100
-95.69446,28.54950,00100
-95.69687,28.55521,00100
-95.72245,28.55430,00100
-95.74795,28.56886,00100
-95.74966,28.57224,00100
-95.76389,28.59477,00100
-95.77331,28.60812,00100
-95.78061,28.61731,00100
-95.78329,28.63979,00100
-95.78474,28.66227,00100
-95.79102,28.68476,00100
-95.79845,28.69197,00100
-95.80608,28.70729,00100
-95.80880,28.72977,00100
-95.80094,28.75221,00100
-95.80101,28.77469,00100
-95.80726,28.79719,00100
-95.81110,28.81967,00100
-95.81108,28.84214,00100
-95.81094,28.86461,00100
-95.80377,28.88705,00100
-95.79735,28.90950,00100
-95.79725,28.91061,00100
-95.79386,28.93196,00100
-95.79709,28.93986,00100
-95.80022,28.95446,00100
-95.80487,28.97695,00100
-95.81001,28.99944,00100
-95.81317,29.02193,00100
-95.81372,29.04441,00100
-95.81175,29.06688,00100
-95.81325,29.08935,00100
-95.81317,29.11183,00100
-95.81732,29.13432,00100
-95.82172,29.14096,00100
-95.83190,29.15686,00100
-95.83946,29.17936,00100
-95.83495,29.20182,00100
-95.84704,29.22342,00100
-95.84717,29.22434,00100
-95.84703,29.22500,00100
-95.83511,29.24677,00100
-95.84686,29.26022,00100
-95.84925,29.26930,00100
-95.84675,29.28111,00100
-95.83832,29.29173,00100
-95.84663,29.30405,00100
-95.84956,29.31425,00100
-95.84652,29.32722,00100
-95.83840,29.33669,00100
-95.82508,29.35911,00100
-95.82249,29.38158,00100
-95.82430,29.40407,00100
-95.82532,29.42655,00100
-95.83061,29.44905,00100
-95.84582,29.46776,00100
-95.84676,29.47158,00100
-95.84577,29.47663,00100
-95.83449,29.49402,00100
-95.84561,29.50941,00100
-95.84824,29.51655,00100
-95.84548,29.53499,00100
-95.84388,29.53901,00100
-95.84545,29.54115,00100
-95.85125,29.56151,00100
-95.85251,29.58400,00100
-95.86410,29.60652,00100
-95.87090,29.62168,00100
-95.87260,29.62903,00100
-95.87129,29.65151,00100
-95.87072,29.65967,00100
-95.86805,29.67397,00100
-95.87064,29.67774,00100
-95.87914,29.69649,00100
-95.89637,29.70807,00100
-95.90182,29.71905,00100
-95.90360,29.74154,00100
-95.91776,29.76406,00100
-95.92194,29.78366,00100
-95.92212,29.78656,00100
-95.92191,29.78790,00100
-95.91447,29.80902,00100
-95.91635,29.83150,00100
-95.92169,29.84054,00100
-95.92767,29.85401,00100
-95.93456,29.87652,00100
-95.92216,29.89896,00100
-95.92143,29.90114,00100
-95.91386,29.92142,00100
-95.92126,29.94168,00100
-95.92201,29.94392,00100
-95.92538,29.96641,00100
-95.92308,29.98889,00100
-95.92104,29.99311,00100
-95.91289,30.01133,00100
-95.91409,30.03382,00100
-95.92078,30.05496,00100
-95.92190,30.05632,00100
-95.93060,30.07883,00100
-95.94659,30.09488,00100
-95.96352,30.10142,00100
-95.97254,30.10440,00100
-95.99850,30.11314,00100
-96.02448,30.11594,00100
-96.03258,30.12407,00100
-96.03806,30.14657,00100
-96.05035,30.15787,00100
-96.05547,30.16909,00100
-96.05984,30.19158,00100
-96.07622,30.20547,00100
-96.08197,30.21411,00100
-96.09258,30.23661,00100
-96.10213,30.25073,00100
-96.12001,30.25914,00100
-96.12812,30.26409,00100
-96.13103,30.28164,00100
-96.13738,30.30413,00100
-96.15405,30.31896,00100
-96.18008,30.32323,00100
-96.18478,30.32668,00100
-96.18755,30.34916,00100
-96.20608,30.36492,00100
-96.23213,30.36692,00100
-96.25819,30.36264,00100
-96.27940,30.34924,00100
-96.28245,30.32676,00100
-96.28426,30.32184,00100
-96.29773,30.30428,00100
-96.29282,30.28179,00100
-96.28827,30.25931,00100
-96.30016,30.23684,00100
-96.28432,30.22184,00100
-96.28226,30.21434,00100
-96.28433,30.20609,00100
-96.29903,30.19187,00100
-96.28435,30.17899,00100
-96.28030,30.16938,00100
-96.28436,30.14897,00100
-96.28668,30.14690,00100
-96.28436,30.14467,00100
-96.27510,30.12441,00100
-96.26985,30.10194,00100
-96.25952,30.07944,00100
-96.25842,30.07715,00100
-96.25695,30.05696,00100
-96.25651,30.03448,00100
-96.24848,30.01199,00100
-96.25506,29.98952,00100
-96.23255,29.96856,00100
-96.23181,29.96702,00100
-96.23256,29.96409,00100
-96.25137,29.94455,00100
-96.23260,29.92761,00100
-96.23043,29.92206,00100
-96.23262,29.91031,00100
-96.24340,29.89959,00100
-96.23264,29.88708,00100
-96.22946,29.87709,00100
-96.22965,29.85461,00100
-96.22749,29.83213,00100
-96.22413,29.80965,00100
-96.22661,29.78717,00100
-96.22102,29.76469,00100
-96.21639,29.74220,00100
-96.20692,29.72460,00100
-96.20419,29.71971,00100
-96.20486,29.69723,00100
-96.19769,29.67475,00100
-96.20423,29.65228,00100
-96.20475,29.62979,00100
-96.20518,29.60732,00100
-96.20430,29.58484,00100
-96.20084,29.56235,00100
-96.20716,29.54774,00100
-96.23301,29.54240,00100
-96.24213,29.53991,00100
-96.25885,29.53194,00100
-96.27309,29.51745,00100
-96.28471,29.49645,00100
-96.28621,29.49498,00100
-96.28471,29.49235,00100
-96.28094,29.47250,00100
-96.28472,29.46606,00100
-96.31054,29.45626,00100
-96.32377,29.45004,00100
-96.32938,29.42756,00100
-96.32679,29.40508,00100
-96.31056,29.38892,00100
-96.30086,29.38260,00100
-96.28966,29.36012,00100
-96.30402,29.33764,00100
-96.30787,29.31517,00100
-96.31059,29.29408,00100
-96.31149,29.29269,00100
-96.33636,29.28670,00100
-96.34939,29.29270,00100
-96.36213,29.30526,00100
-96.36752,29.31517,00100
-96.38792,29.33119,00100
-96.40800,29.33763,00100
-96.41371,29.33885,00100
-96.43951,29.35119,00100
-96.45680,29.36007,00100
-96.46532,29.36770,00100
-96.49111,29.37309,00100
-96.49995,29.36002,00100
-96.50769,29.33754,00100
-96.50656,29.31506,00100
-96.49100,29.29737,00100
-96.48141,29.29261,00100
-96.46667,29.27016,00100
-96.46517,29.26118,00100
-96.46185,29.24768,00100
-96.43938,29.23160,00100
-96.42848,29.22523,00100
-96.42947,29.20276,00100
-96.43934,29.19451,00100
-96.46508,29.19249,00100
-96.49082,29.18514,00100
-96.49319,29.18022,00100
-96.49078,29.16170,00100
-96.48823,29.15775,00100
-96.46503,29.14713,00100
-96.46083,29.13531,00100
-96.45750,29.11284,00100
-96.45181,29.09036,00100
-96.45003,29.06789,00100
-96.43919,29.05566,00100
-96.42575,29.04544,00100
-96.41563,29.02297,00100
-96.42365,29.00049,00100
-96.43833,28.97801,00100
-96.43911,28.97701,00100
-96.43978,28.97801,00100
-96.46483,28.99733,00100
-96.47927,29.00044,00100
-96.49053,29.00314,00100
-96.50282,29.02289,00100
-96.51076,29.04535,00100
-96.51633,29.05572,00100
-96.54136,29.06778,00100
-96.54002,29.09026,00100
-96.54214,29.10588,00100
-96.54997,29.11272,00100
-96.56788,29.11492,00100
-96.58075,29.11266,00100
-96.59359,29.10841,00100
-96.60175,29.09014,00100
-96.60747,29.06766,00100
-96.60244,29.04519,00100
-96.61909,29.02960,00100
-96.64478,29.02713,00100
-96.64819,29.02262,00100
-96.64990,29.00014,00100
-96.66010,28.97764,00100
-96.66928,28.95514,00100
-96.67023,28.95353,00100
-96.68742,28.93262,00100
-96.69396,28.91013,00100
-96.67004,28.89640,00100
-96.65855,28.88775,00100
-96.64429,28.87186,00100
-96.64123,28.86532,00100
-96.63927,28.84286,00100
-96.64414,28.82220,00100
-96.64466,28.82038,00100
-96.66800,28.79785,00100
-96.66970,28.79656,00100
-96.69530,28.78605,00100
-96.72092,28.78031,00100
-96.73486,28.79766,00100
-96.74669,28.81144,00100
-96.75061,28.82008,00100
-96.74709,28.84256,00100
-96.75460,28.86500,00100
-96.76373,28.88745,00100
-96.76909,28.90990,00100
-96.77282,28.91963,00100
-96.79852,28.92647,00100
-96.80657,28.90977,00100
-96.80660,28.88730,00100
-96.81145,28.86481,00100
-96.82384,28.85341,00100
-96.84946,28.84603,00100
-96.85551,28.84216,00100
-96.86221,28.81967,00100
-96.85388,28.79723,00100
-96.84915,28.78786,00100
-96.83191,28.77485,00100
-96.83207,28.75237,00100
-96.83228,28.72990,00100
-96.83047,28.70744,00100
-96.82546,28.68499,00100
-96.82298,28.68056,00100
-96.81114,28.66257,00100
-96.80571,28.64013,00100
-96.80615,28.61765,00100
-96.81216,28.59516,00100
-96.82249,28.57911,00100
-96.83009,28.57263,00100
-96.84013,28.55012,00100
-96.84786,28.53926,00100
-96.85263,28.52760,00100
-96.85780,28.50511,00100
-96.86870,28.48260,00100
-96.87234,28.46012,00100
-96.87299,28.45724,00100
-96.88316,28.43760,00100
-96.88048,28.41515,00100
-96.88856,28.39265,00100
-96.88471,28.37020,00100
-96.89242,28.34770,00100
-96.89654,28.32522,00100
-96.89237,28.30277,00100
-96.88622,28.28033,00100
-96.88320,28.25789,00100
-96.88054,28.23543,00100
-96.87334,28.21300,00100
-96.88387,28.19049,00100
-96.88297,28.16803,00100
-96.88888,28.14555,00100
-96.89268,28.12307,00100
-96.89145,28.10061,00100
-96.88942,28.07816,00100
-96.88745,28.05571,00100
-96.88283,28.03327,00100
-96.87997,28.01082,00100
-96.88735,27.98833,00100
-96.89143,27.96585,00100
-96.89569,27.95193,00100
-96.90266,27.94334,00100
-96.92094,27.92134,00100
-96.92240,27.92080,00100
-96.93981,27.89826,00100
-96.94098,27.87580,00100
-96.94456,27.85332,00100
-96.94592,27.85050,00100
-96.96017,27.83079,00100
-96.97108,27.81345,00100
-96.97295,27.80827,00100
-96.99084,27.78572,00100
-96.99625,27.78131,00100
-97.00235,27.76321,00100
-97.00884,27.74072,00100
-97.01417,27.71824,00100
-97.02106,27.69745,00100
-97.02188,27.69574,00100
-97.02100,27.68816,00100
-97.02005,27.67329,00100
-97.02087,27.66999,00100
-97.02842,27.65080,00100
-97.02812,27.62835,00100
-97.02842,27.60590,00100
-97.02611,27.58345,00100
-97.02015,27.56490,00100
-97.01938,27.56104,00100
-97.01842,27.53860,00100
-97.01073,27.51618,00100
-97.00246,27.49378,00100
-96.99902,27.47135,00100
-96.99410,27.45586,00100
-96.98888,27.44895,00100
-96.99399,27.43829,00100
-96.99620,27.42647,00100
-96.99385,27.41693,00100
-96.98320,27.40408,00100
-96.96835,27.38284,00100
-96.96721,27.38172,00100
-96.94438,27.35938,00100
-96.94292,27.35881,00100
-96.93746,27.35941,00100
-96.91768,27.36489,00100
-96.90582,27.35956,00100
-96.89236,27.35685,00100
-96.86709,27.35660,00100
-96.84177,27.34757,00100
-96.81647,27.34151,00100
-96.79118,27.33902,00100
-96.78453,27.33760,00100
       </coordinates>
      </LinearRing>
     </outerBoundaryIs>
     <innerBoundaryIs>
      <LinearRing>
       <coordinates>
-96.49017,28.86559,00100
-96.49032,28.86515,00100
-96.49078,28.86559,00100
-96.49032,28.86588,00100
-96.49017,28.86559,00100
       </coordinates>
      </LinearRing>
     </innerBoundaryIs>
     <innerBoundaryIs>
      <LinearRing>
       <coordinates>
-96.52316,28.91050,00100
-96.54169,28.89464,00100
-96.55375,28.91045,00100
-96.55841,28.93291,00100
-96.56750,28.95435,00100
-96.56869,28.95537,00100
-96.56755,28.97352,00100
-96.56739,28.97784,00100
-96.54189,28.98786,00100
-96.52184,28.97792,00100
-96.52347,28.95544,00100
-96.52489,28.93296,00100
-96.52316,28.91050,00100
       </coordinates>
      </LinearRing>
     </innerBoundaryIs>
     <innerBoundaryIs>
      <LinearRing>
       <coordinates>
-96.58652,29.00028,00100
-96.59329,28.99356,00100
-96.59957,29.00025,00100
-96.61373,29.02270,00100
-96.59341,29.03978,00100
-96.58103,29.02276,00100
-96.58652,29.00028,00100
       </coordinates>
      </LinearRing>
     </innerBoundaryIs>
     <innerBoundaryIs>
      <LinearRing>
       <coordinates>
-96.33593,29.04547,00100
-96.33636,29.04380,00100
-96.33664,29.04547,00100
-96.35007,29.06795,00100
-96.33636,29.08534,00100
-96.31491,29.06795,00100
-96.33593,29.04547,00100
       </coordinates>
      </LinearRing>
     </innerBoundaryIs>
     <innerBoundaryIs>
      <LinearRing>
       <coordinates>
-96.23710,29.20275,00100
-96.25912,29.18292,00100
-96.28487,29.18794,00100
-96.31061,29.19387,00100
-96.33636,29.20231,00100
-96.33733,29.20279,00100
-96.34494,29.22527,00100
-96.33936,29.24775,00100
-96.33636,29.25136,00100
-96.31059,29.26697,00100
-96.29440,29.27021,00100
-96.28483,29.27114,00100
-96.28442,29.27021,00100
-96.27496,29.24773,00100
-96.25909,29.23919,00100
-96.23334,29.23147,00100
-96.22873,29.22522,00100
-96.23336,29.20536,00100
-96.23710,29.20275,00100
       </coordinates>
      </LinearRing>
     </innerBoundaryIs>
    </Polygon>
    <Polygon>
     <extrude>1</extrude>
     <altitudeMode>clampToGround</altitudeMode>
     <outerBoundaryIs>
      <LinearRing>
       <coordinates>
-96.54394,29.47234,00100
-96.54291,29.47021,00100
-96.52806,29.47237,00100
-96.54292,29.47767,00100
-96.54394,29.47234,00100
       </coordinates>
      </LinearRing>
     </outerBoundaryIs>
    </Polygon>
    <Polygon>
     <extrude>1</extrude>
     <altitudeMode>clampToGround</altitudeMode>
     <outerBoundaryIs>
      <LinearRing>
       <coordinates>
-96.54775,29.51730,00100
-96.54298,29.50463,00100
-96.52590,29.51733,00100
-96.54302,29.52425,00100
-96.54775,29.51730,00100
       </coordinates>
      </LinearRing>
     </outerBoundaryIs>
    </Polygon>
    <Polygon>
     <extrude>1</extrude>
     <altitudeMode>clampToGround</altitudeMode>
     <outerBoundaryIs>
      <LinearRing>
       <coordinates>
-96.40446,29.56241,00100
-96.38804,29.54985,00100
-96.37132,29.56242,00100
-96.38805,29.58085,00100
-96.40446,29.56241,00100
       </coordinates>
      </LinearRing>
     </outerBoundaryIs>
    </Polygon>
    <Polygon>
     <extrude>1</extrude>
     <altitudeMode>clampToGround</altitudeMode>
     <outerBoundaryIs>
      <LinearRing>
       <coordinates>
-96.51896,29.67469,00100
-96.51746,29.67375,00100
-96.51508,29.67469,00100
-96.51003,29.69718,00100
-96.51225,29.71966,00100
-96.51756,29.72795,00100
-96.54347,29.73783,00100
-96.55659,29.71959,00100
-96.54970,29.69712,00100
-96.54335,29.67974,00100
-96.51896,29.67469,00100
       </coordinates>
      </LinearRing>
     </outerBoundaryIs>
    </Polygon>
    <Polygon>
     <extrude>1</extrude>
     <altitudeMode>clampToGround</altitudeMode>
     <outerBoundaryIs>
      <LinearRing>
       <coordinates>
-96.28595,29.67481,00100
-96.28461,29.67195,00100
-96.28358,29.67481,00100
-96.28461,29.67574,00100
-96.28595,29.67481,00100
       </coordinates>
      </LinearRing>
     </outerBoundaryIs>
    </Polygon>
    <Polygon>
     <extrude>1</extrude>
     <altitudeMode>clampToGround</altitudeMode>
     <outerBoundaryIs>
      <LinearRing>
       <coordinates>
-95.85355,29.71888,00100
-95.84464,29.70110,00100
-95.82423,29.71877,00100
-95.81862,29.72864,00100
-95.81451,29.74121,00100
-95.80452,29.76365,00100
-95.80888,29.78615,00100
-95.81826,29.79607,00100
-95.84415,29.79807,00100
-95.85421,29.78632,00100
-95.86003,29.76386,00100
-95.85538,29.74136,00100
-95.85355,29.71888,00100
       </coordinates>
      </LinearRing>
     </outerBoundaryIs>
    </Polygon>
    <Polygon>
     <extrude>1</extrude>
     <altitudeMode>clampToGround</altitudeMode>
     <outerBoundaryIs>
      <LinearRing>
       <coordinates>
-95.69538,30.01044,00100
-95.68737,30.00118,00100
-95.66142,30.00085,00100
-95.63544,30.00362,00100
-95.62944,30.01010,00100
-95.63524,30.03101,00100
-95.66128,30.02049,00100
-95.67977,30.03285,00100
-95.68716,30.03421,00100
-95.69080,30.03290,00100
-95.69538,30.01044,00100
       </coordinates>
      </LinearRing>
     </outerBoundaryIs>
    </Polygon>
    <Polygon>
     <extrude>1</extrude>
     <altitudeMode>clampToGround</altitudeMode>
     <outerBoundaryIs>
      <LinearRing>
       <coordinates>
-95.74557,30.05564,00100
-95.73898,30.05131,00100
-95.73030,30.05557,00100
-95.72884,30.07804,00100
-95.73877,30.08681,00100
-95.74691,30.07813,00100
-95.74557,30.05564,00100
       </coordinates>
      </LinearRing>
     </outerBoundaryIs>
    </Polygon>
    <Polygon>
     <extrude>1</extrude>
     <altitudeMode>clampToGround</altitudeMode>
     <outerBoundaryIs>
      <LinearRing>
       <coordinates>
-95.69100,30.21276,00100
-95.68600,30.20743,00100
-95.68021,30.21270,00100
-95.68588,30.22449,00100
-95.69100,30.21276,00100
       </coordinates>
      </LinearRing>
     </outerBoundaryIs>
    </Polygon>
    <Polygon>
     <extrude>1</extrude>
     <altitudeMode>clampToGround</altitudeMode>
     <outerBoundaryIs>
      <LinearRing>
       <coordinates>
-95.95831,30.25877,00100
-95.94599,30.24498,00100
-95.91996,30.24598,00100
-95.91194,30.25863,00100
-95.91187,30.28111,00100
-95.91972,30.30350,00100
-95.91989,30.30362,00100
-95.93269,30.32614,00100
-95.94563,30.33452,00100
-95.95921,30.34870,00100
-95.96389,30.37120,00100
-95.97149,30.38623,00100
-95.99754,30.38835,00100
-96.00790,30.37132,00100
-96.00479,30.34883,00100
-96.00272,30.32634,00100
-95.99780,30.31499,00100
-95.98387,30.30381,00100
-95.97182,30.29747,00100
-95.96258,30.28127,00100
-95.95831,30.25877,00100
       </coordinates>
      </LinearRing>
     </outerBoundaryIs>
    </Polygon>
    <Polygon>
     <extrude>1</extrude>
     <altitudeMode>clampToGround</altitudeMode>
     <outerBoundaryIs>
      <LinearRing>
       <coordinates>
-95.69945,30.30273,00100
-95.68539,30.29740,00100
-95.67252,30.30259,00100
-95.66256,30.32503,00100
-95.66044,30.34750,00100
-95.66348,30.36999,00100
-95.68364,30.39258,00100
-95.68475,30.39307,00100
-95.68607,30.39259,00100
-95.70984,30.37023,00100
-95.71101,30.36228,00100
-95.71381,30.34776,00100
-95.71441,30.32528,00100
-95.71130,30.31926,00100
-95.69945,30.30273,00100
       </coordinates>
      </LinearRing>
     </outerBoundaryIs>
    </Polygon>
    <Polygon>
     <extrude>1</extrude>
     <altitudeMode>clampToGround</altitudeMode>
     <outerBoundaryIs>
      <LinearRing>
       <coordinates>
-95.79770,30.39310,00100
-95.78903,30.38963,00100
-95.77708,30.39301,00100
-95.76290,30.40056,00100
-95.75511,30.41540,00100
-95.75391,30.43788,00100
-95.76255,30.45986,00100
-95.76303,30.46040,00100
-95.78234,30.48297,00100
-95.78849,30.48582,00100
-95.79369,30.48301,00100
-95.80873,30.46059,00100
-95.81478,30.44768,00100
-95.81725,30.43814,00100
-95.81490,30.42542,00100
-95.81406,30.41565,00100
-95.79770,30.39310,00100
       </coordinates>
      </LinearRing>
     </outerBoundaryIs>
    </Polygon>
    <Polygon>
     <extrude>1</extrude>
     <altitudeMode>clampToGround</altitudeMode>
     <outerBoundaryIs>
      <LinearRing>
       <coordinates>
-96.11885,30.41651,00100
-96.10175,30.40335,00100
-96.07569,30.40329,00100
-96.06612,30.41642,00100
-96.07559,30.43839,00100
-96.07696,30.43892,00100
-96.10165,30.44778,00100
-96.11030,30.46146,00100
-96.11362,30.48395,00100
-96.12257,30.50645,00100
-96.12632,30.52894,00100
-96.12755,30.53175,00100
-96.13068,30.52894,00100
-96.14111,30.50648,00100
-96.15372,30.49577,00100
-96.15694,30.48402,00100
-96.15842,30.46154,00100
-96.15380,30.45135,00100
-96.13633,30.43903,00100
-96.12776,30.43061,00100
-96.11885,30.41651,00100
       </coordinates>
      </LinearRing>
     </outerBoundaryIs>
    </Polygon>
    <Polygon>
     <extrude>1</extrude>
     <altitudeMode>clampToGround</altitudeMode>
     <outerBoundaryIs>
      <LinearRing>
       <coordinates>
-96.13072,30.59639,00100
-96.12741,30.59260,00100
-96.12595,30.59638,00100
-96.11489,30.61885,00100
-96.12731,30.63859,00100
-96.15347,30.62585,00100
-96.15624,30.61891,00100
-96.15350,30.61034,00100
-96.13072,30.59639,00100
       </coordinates>
      </LinearRing>
     </outerBoundaryIs>
    </Polygon>
    <Polygon>
     <extrude>1</extrude>
     <altitudeMode>clampToGround</altitudeMode>
     <outerBoundaryIs>
      <LinearRing>
       <coordinates>
-96.05221,30.61873,00100
-96.04900,30.61426,00100
-96.02287,30.61782,00100
-96.02242,30.61866,00100
-96.02286,30.61944,00100
-96.04897,30.62272,00100
-96.05221,30.61873,00100
       </coordinates>
      </LinearRing>
     </outerBoundaryIs>
    </Polygon>
    <Polygon>
     <extrude>1</extrude>
     <altitudeMode>clampToGround</altitudeMode>
     <outerBoundaryIs>
      <LinearRing>
       <coordinates>
-95.18884,30.70393,00100
-95.18586,30.70209,00100
-95.18001,30.70385,00100
-95.16836,30.72623,00100
-95.18538,30.74192,00100
-95.19985,30.72651,00100
-95.18884,30.70393,00100
       </coordinates>
      </LinearRing>
     </outerBoundaryIs>
    </Polygon>
    <Polygon>
     <extrude>1</extrude>
     <altitudeMode>clampToGround</altitudeMode>
     <outerBoundaryIs>
      <LinearRing>
       <coordinates>
-95.64320,30.75209,00100
-95.63004,30.74727,00100
-95.62365,30.75199,00100
-95.61649,30.77443,00100
-95.62973,30.79051,00100
-95.65598,30.77858,00100
-95.65822,30.77465,00100
-95.65606,30.76789,00100
-95.64320,30.75209,00100
       </coordinates>
      </LinearRing>
     </outerBoundaryIs>
    </Polygon>
    <Polygon>
     <extrude>1</extrude>
     <altitudeMode>clampToGround</altitudeMode>
     <outerBoundaryIs>
      <LinearRing>
       <coordinates>
-95.25085,30.77191,00100
-95.23758,30.75283,00100
-95.21495,30.77161,00100
-95.23721,30.78471,00100
-95.25085,30.77191,00100
       </coordinates>
      </LinearRing>
     </outerBoundaryIs>
    </Polygon>
    <Polygon>
     <extrude>1</extrude>
     <altitudeMode>clampToGround</altitudeMode>
     <outerBoundaryIs>
      <LinearRing>
       <coordinates>
-95.89558,30.86560,00100
-95.89112,30.86134,00100
-95.87654,30.86553,00100
-95.88882,30.88806,00100
-95.88008,30.91051,00100
-95.88454,30.93301,00100
-95.88416,30.95549,00100
-95.88395,30.97797,00100
-95.89053,30.98836,00100
-95.90105,30.97803,00100
-95.89976,30.95554,00100
-95.89611,30.93305,00100
-95.89626,30.91057,00100
-95.89149,30.88807,00100
-95.89558,30.86560,00100
       </coordinates>
      </LinearRing>
     </outerBoundaryIs>
    </Polygon>
    <Polygon>
     <extrude>1</extrude>
     <altitudeMode>clampToGround</altitudeMode>
     <outerBoundaryIs>
      <LinearRing>
       <coordinates>
-95.35763,30.95262,00100
-95.34033,30.93677,00100
-95.32059,30.95234,00100
-95.31563,30.97478,00100
-95.33154,30.99739,00100
-95.33958,31.00978,00100
-95.35915,31.02008,00100
-95.36566,31.02450,00100
-95.39175,31.03920,00100
-95.39925,31.02037,00100
-95.39206,31.00770,00100
-95.37185,30.99769,00100
-95.36600,30.99023,00100
-95.36252,30.97514,00100
-95.35763,30.95262,00100
       </coordinates>
      </LinearRing>
     </outerBoundaryIs>
    </Polygon>
    <Polygon>
     <extrude>1</extrude>
     <altitudeMode>clampToGround</altitudeMode>
     <outerBoundaryIs>
      <LinearRing>
       <coordinates>
-95.68583,31.31437,00100
-95.67854,31.30974,00100
-95.67593,31.31432,00100
-95.67844,31.32430,00100
-95.68583,31.31437,00100
       </coordinates>
      </LinearRing>
     </outerBoundaryIs>
    </Polygon>
    <Polygon>
     <extrude>1</extrude>
     <altitudeMode>clampToGround</altitudeMode>
     <outerBoundaryIs>
      <LinearRing>
       <coordinates>
-95.28825,31.31180,00100
-95.28384,31.30991,00100
-95.28242,31.31176,00100
-95.28378,31.31454,00100
-95.28825,31.31180,00100
       </coordinates>
      </LinearRing>
     </outerBoundaryIs>
    </Polygon>
    <Polygon>
     <extrude>1</extrude>
     <altitudeMode>clampToGround</altitudeMode>
     <outerBoundaryIs>
      <LinearRing>
       <coordinates>
-95.14189,31.31055,00100
-95.12603,31.30396,00100
-95.09973,31.30256,00100
-95.07979,31.30998,00100
-95.08437,31.33250,00100
-95.09921,31.34385,00100
-95.12556,31.34043,00100
-95.13830,31.33300,00100
-95.14189,31.31055,00100
       </coordinates>
      </LinearRing>
     </outerBoundaryIs>
    </Polygon>
    <Polygon>
     <extrude>1</extrude>
     <altitudeMode>clampToGround</altitudeMode>
     <outerBoundaryIs>
      <LinearRing>
       <coordinates>
-95.34696,31.35722,00100
-95.33611,31.34328,00100
-95.32270,31.35703,00100
-95.32682,31.37954,00100
-95.33567,31.38632,00100
-95.34518,31.37968,00100
-95.34696,31.35722,00100
       </coordinates>
      </LinearRing>
     </outerBoundaryIs>
    </Polygon>
    <Polygon>
     <extrude>1</extrude>
     <altitudeMode>clampToGround</altitudeMode>
     <outerBoundaryIs>
      <LinearRing>
       <coordinates>
-94.75754,31.59877,00100
-94.75287,31.59383,00100
-94.72655,31.58950,00100
-94.71655,31.59828,00100
-94.70961,31.62068,00100
-94.72569,31.64076,00100
-94.75213,31.63852,00100
-94.76572,31.62136,00100
-94.75754,31.59877,00100
       </coordinates>
      </LinearRing>
     </outerBoundaryIs>
    </Polygon>
   </MultiGeometry>
  </Placemark>
  <Placemark>
   <name>Contour Level: 1.0E-14 mass/m3</name>
   <Snippet maxLines="0"></Snippet>
   <TimeSpan>
    <begin>2026-01-25T13:00:00Z</begin>
    <end>2026-01-25T14:00:00Z</end>
   </TimeSpan>
   <styleUrl>#conc3</styleUrl>
   <MultiGeometry>
    <Polygon>
     <extrude>1</extrude>
     <altitudeMode>clampToGround</altitudeMode>
     <outerBoundaryIs>
      <LinearRing>
       <coordinates>
-96.55433,27.80968,00300
-96.53944,27.79868,00300
-96.51407,27.80904,00300
-96.48868,27.80652,00300
-96.48605,27.80977,00300
-96.48374,27.83223,00300
-96.48853,27.85469,00300
-96.48875,27.85708,00300
-96.49294,27.87714,00300
-96.48880,27.88334,00300
-96.47977,27.89961,00300
-96.46342,27.90720,00300
-96.44374,27.92210,00300
-96.43803,27.92427,00300
-96.42386,27.92212,00300
-96.41261,27.92022,00300
-96.40997,27.92213,00300
-96.38719,27.93172,00300
-96.36178,27.92642,00300
-96.33636,27.93427,00300
-96.31094,27.93493,00300
-96.29494,27.94460,00300
-96.28551,27.94782,00300
-96.26363,27.96704,00300
-96.26007,27.97331,00300
-96.24895,27.98949,00300
-96.23759,28.01194,00300
-96.23615,28.03440,00300
-96.23457,28.03758,00300
-96.22015,28.05684,00300
-96.20909,28.06529,00300
-96.19609,28.07928,00300
-96.18361,28.08550,00300
-96.15814,28.08767,00300
-96.13268,28.09401,00300
-96.10720,28.09962,00300
-96.09525,28.10159,00300
-96.08173,28.10447,00300
-96.05621,28.12157,00300
-96.05254,28.12396,00300
-96.04343,28.14641,00300
-96.03062,28.16211,00300
-96.02765,28.16883,00300
-96.03055,28.18479,00300
-96.03226,28.19131,00300
-96.03053,28.19408,00300
-96.02303,28.21374,00300
-96.02242,28.23620,00300
-96.01449,28.25865,00300
-96.00691,28.28109,00300
-96.00473,28.28508,00300
-95.98966,28.30351,00300
-95.97910,28.31898,00300
-95.96622,28.32591,00300
-95.95354,28.33002,00300
-95.92798,28.33993,00300
-95.90242,28.34779,00300
-95.90196,28.34818,00300
-95.87682,28.36326,00300
-95.87158,28.37053,00300
-95.87403,28.39300,00300
-95.86707,28.41545,00300
-95.86591,28.43791,00300
-95.86163,28.46036,00300
-95.85270,28.48279,00300
-95.85069,28.48591,00300
-95.83414,28.50519,00300
-95.82493,28.52403,00300
-95.82336,28.52761,00300
-95.81994,28.55007,00300
-95.81709,28.57253,00300
-95.82462,28.58463,00300
-95.83115,28.59505,00300
-95.84497,28.61757,00300
-95.83889,28.64002,00300
-95.83877,28.66249,00300
-95.83798,28.68495,00300
-95.84518,28.70745,00300
-95.84941,28.72994,00300
-95.84948,28.73091,00300
-95.85034,28.75241,00300
-95.85545,28.77490,00300
-95.84916,28.79568,00300
-95.84829,28.79735,00300
-95.84914,28.79981,00300
-95.85200,28.81984,00300
-95.84896,28.83650,00300
-95.84676,28.84228,00300
-95.84892,28.84620,00300
-95.85386,28.86478,00300
-95.84962,28.88724,00300
-95.85043,28.90971,00300
-95.85046,28.93218,00300
-95.85393,28.95467,00300
-95.85760,28.97716,00300
-95.85319,28.99961,00300
-95.85378,29.02209,00300
-95.84795,29.03914,00300
-95.84499,29.04453,00300
-95.84790,29.05062,00300
-95.85070,29.06703,00300
-95.84773,29.08398,00300
-95.84508,29.08948,00300
-95.84768,29.09509,00300
-95.85249,29.11199,00300
-95.85581,29.13447,00300
-95.86517,29.15698,00300
-95.86684,29.17946,00300
-95.86253,29.20192,00300
-95.86040,29.22439,00300
-95.85966,29.24686,00300
-95.86028,29.26934,00300
-95.86389,29.29183,00300
-95.86750,29.31432,00300
-95.87190,29.33681,00300
-95.87037,29.35928,00300
-95.87206,29.37735,00300
-95.87231,29.38177,00300
-95.87576,29.40426,00300
-95.87696,29.42674,00300
-95.87176,29.44238,00300
-95.86993,29.44920,00300
-95.86473,29.47165,00300
-95.87154,29.48832,00300
-95.87420,29.49417,00300
-95.88297,29.51667,00300
-95.88127,29.53915,00300
-95.88763,29.56164,00300
-95.89115,29.58414,00300
-95.89690,29.59207,00300
-95.90124,29.60665,00300
-95.90411,29.62914,00300
-95.90723,29.65163,00300
-95.91399,29.67413,00300
-95.92233,29.69184,00300
-95.92343,29.69664,00300
-95.92871,29.71914,00300
-95.93064,29.74162,00300
-95.94791,29.76323,00300
-95.94825,29.76416,00300
-95.94789,29.76935,00300
-95.94365,29.78662,00300
-95.94777,29.80004,00300
-95.94986,29.80913,00300
-95.95408,29.83162,00300
-95.95793,29.85411,00300
-95.96012,29.87659,00300
-95.96124,29.89908,00300
-95.96252,29.92156,00300
-95.96313,29.94404,00300
-95.96204,29.96652,00300
-95.97298,29.98778,00300
-95.97434,29.98904,00300
-95.99888,30.00294,00300
-96.01236,30.01162,00300
-96.02475,30.03171,00300
-96.02522,30.03413,00300
-96.02863,30.05662,00300
-96.03915,30.07913,00300
-96.05053,30.09628,00300
-96.05297,30.10164,00300
-96.06747,30.12415,00300
-96.07639,30.14263,00300
-96.07699,30.14665,00300
-96.08017,30.16914,00300
-96.08968,30.19164,00300
-96.10223,30.20592,00300
-96.10957,30.21416,00300
-96.12523,30.23667,00300
-96.12817,30.23892,00300
-96.13548,30.25916,00300
-96.14896,30.28167,00300
-96.15410,30.29058,00300
-96.18011,30.30327,00300
-96.18244,30.30420,00300
-96.20613,30.32327,00300
-96.21004,30.32671,00300
-96.23215,30.34571,00300
-96.25821,30.33598,00300
-96.26480,30.32675,00300
-96.27611,30.30427,00300
-96.27790,30.28179,00300
-96.27846,30.25931,00300
-96.28200,30.23683,00300
-96.27631,30.21434,00300
-96.27982,30.19186,00300
-96.27128,30.16938,00300
-96.26394,30.14689,00300
-96.25837,30.13565,00300
-96.25345,30.12440,00300
-96.25472,30.10193,00300
-96.24859,30.07943,00300
-96.24738,30.05696,00300
-96.24853,30.03448,00300
-96.23251,30.01657,00300
-96.23125,30.01198,00300
-96.23251,30.00509,00300
-96.24465,29.98951,00300
-96.23254,29.97824,00300
-96.22716,29.96702,00300
-96.23258,29.94569,00300
-96.23368,29.94454,00300
-96.23258,29.94355,00300
-96.22418,29.92205,00300
-96.22444,29.89957,00300
-96.21692,29.87708,00300
-96.21051,29.85460,00300
-96.20677,29.84110,00300
-96.20590,29.83211,00300
-96.20361,29.80964,00300
-96.20440,29.78715,00300
-96.19714,29.76467,00300
-96.20084,29.74219,00300
-96.18105,29.72392,00300
-96.17939,29.71968,00300
-96.18106,29.71233,00300
-96.19461,29.69722,00300
-96.18111,29.68187,00300
-96.17886,29.67472,00300
-96.18114,29.66077,00300
-96.18745,29.65226,00300
-96.18118,29.63773,00300
-96.18007,29.62976,00300
-96.17995,29.60729,00300
-96.18126,29.58848,00300
-96.18218,29.58481,00300
-96.18127,29.58358,00300
-96.17747,29.56233,00300
-96.18132,29.54913,00300
-96.19028,29.53986,00300
-96.18135,29.53000,00300
-96.17791,29.51737,00300
-96.18140,29.50370,00300
-96.19099,29.49491,00300
-96.18142,29.48600,00300
-96.17645,29.47241,00300
-96.18147,29.45660,00300
-96.19278,29.44996,00300
-96.20731,29.43017,00300
-96.20909,29.42750,00300
-96.21147,29.40502,00300
-96.20794,29.38254,00300
-96.20796,29.36006,00300
-96.20743,29.34511,00300
-96.20716,29.33758,00300
-96.20744,29.33478,00300
-96.23323,29.33246,00300
-96.24245,29.31514,00300
-96.23807,29.29266,00300
-96.23379,29.27018,00300
-96.23329,29.26957,00300
-96.21632,29.24769,00300
-96.21213,29.22521,00300
-96.21129,29.20273,00300
-96.21185,29.18026,00300
-96.21095,29.15778,00300
-96.20770,29.13872,00300
-96.20694,29.13530,00300
-96.20297,29.11283,00300
-96.20200,29.09035,00300
-96.18208,29.06834,00300
-96.18196,29.06785,00300
-96.18208,29.06747,00300
-96.20360,29.04540,00300
-96.18215,29.02292,00300
-96.18214,29.02290,00300
-96.18215,29.02289,00300
-96.20786,29.01922,00300
-96.22890,29.02295,00300
-96.23355,29.02486,00300
-96.23576,29.02295,00300
-96.25926,29.01078,00300
-96.27638,29.00051,00300
-96.28497,28.99348,00300
-96.29558,28.97805,00300
-96.30256,28.95557,00300
-96.31068,28.93747,00300
-96.33636,28.93965,00300
-96.34715,28.93310,00300
-96.35038,28.91063,00300
-96.33875,28.88816,00300
-96.33636,28.88519,00300
-96.32967,28.86569,00300
-96.33636,28.85687,00300
-96.36189,28.84321,00300
-96.36201,28.84306,00300
-96.38766,28.83744,00300
-96.40683,28.84319,00300
-96.40738,28.86567,00300
-96.41335,28.88423,00300
-96.41537,28.88813,00300
-96.43904,28.90771,00300
-96.44968,28.91058,00300
-96.46474,28.92677,00300
-96.47393,28.93303,00300
-96.49043,28.93945,00300
-96.49252,28.93301,00300
-96.49480,28.91054,00300
-96.49038,28.90602,00300
-96.46470,28.89656,00300
-96.46182,28.88810,00300
-96.45788,28.86563,00300
-96.43897,28.84323,00300
-96.43731,28.84317,00300
-96.41331,28.83764,00300
-96.40656,28.82073,00300
-96.41265,28.79825,00300
-96.41328,28.79638,00300
-96.41876,28.77578,00300
-96.41914,28.75331,00300
-96.41402,28.73084,00300
-96.41581,28.70837,00300
-96.42642,28.68589,00300
-96.43507,28.66341,00300
-96.43296,28.64095,00300
-96.43874,28.62446,00300
-96.44151,28.61847,00300
-96.45007,28.59599,00300
-96.46429,28.57961,00300
-96.47527,28.57350,00300
-96.48689,28.55102,00300
-96.48982,28.54677,00300
-96.51146,28.52852,00300
-96.51536,28.52347,00300
-96.53299,28.50603,00300
-96.54088,28.49944,00300
-96.56641,28.48472,00300
-96.56860,28.48349,00300
-96.59191,28.46341,00300
-96.59294,28.46098,00300
-96.59366,28.43851,00300
-96.60145,28.41603,00300
-96.59975,28.39357,00300
-96.60538,28.37109,00300
-96.61415,28.34861,00300
-96.61712,28.34069,00300
-96.62319,28.32612,00300
-96.62805,28.30365,00300
-96.63480,28.28117,00300
-96.63867,28.25870,00300
-96.63566,28.23624,00300
-96.64227,28.21952,00300
-96.64355,28.21376,00300
-96.64223,28.20872,00300
-96.63496,28.19132,00300
-96.64214,28.17694,00300
-96.64446,28.16883,00300
-96.64209,28.16145,00300
-96.63354,28.14640,00300
-96.64198,28.12642,00300
-96.64258,28.12391,00300
-96.64197,28.12201,00300
-96.62936,28.10148,00300
-96.62434,28.07904,00300
-96.62151,28.05658,00300
-96.62025,28.03412,00300
-96.61799,28.01167,00300
-96.61736,27.98921,00300
-96.61612,27.98565,00300
-96.60921,27.96677,00300
-96.59058,27.94457,00300
-96.59016,27.94435,00300
-96.56650,27.92194,00300
-96.56509,27.91840,00300
-96.55074,27.89951,00300
-96.55895,27.87704,00300
-96.56301,27.85458,00300
-96.56493,27.84665,00300
-96.56885,27.83211,00300
-96.56488,27.82413,00300
-96.55433,27.80968,00300
       </coordinates>
      </LinearRing>
     </outerBoundaryIs>
    </Polygon>
    <Polygon>
     <extrude>1</extrude>
     <altitudeMode>clampToGround</altitudeMode>
     <outerBoundaryIs>
      <LinearRing>
       <coordinates>
-96.59624,28.75307,00300
-96.59265,28.74814,00300
-96.58826,28.75308,00300
-96.57706,28.77558,00300
-96.59274,28.78391,00300
-96.60011,28.77553,00300
-96.59624,28.75307,00300
       </coordinates>
      </LinearRing>
     </outerBoundaryIs>
     <innerBoundaryIs>
      <LinearRing>
       <coordinates>
-96.22828,28.86564,00300
-96.23373,28.85617,00300
-96.24487,28.86565,00300
-96.23370,28.87858,00300
-96.22828,28.86564,00300
       </coordinates>
      </LinearRing>
     </innerBoundaryIs>
     <innerBoundaryIs>
      <LinearRing>
       <coordinates>
-96.28407,28.91062,00300
-96.28501,28.91041,00300
-96.28584,28.91062,00300
-96.28501,28.91431,00300
-96.28407,28.91062,00300
       </coordinates>
      </LinearRing>
     </innerBoundaryIs>
    </Polygon>
   </MultiGeometry>
  </Placemark>
  <Placemark>
   <name>Contour Level: 3.2E-14 mass/m3</name>
   <Snippet maxLines="0"></Snippet>
   <TimeSpan>
    <begin>2026-01-25T13:00:00Z</begin>
    <end>2026-01-25T14:00:00Z</end>
   </TimeSpan>
   <styleUrl>#conc4</styleUrl>
   <MultiGeometry>
    <Polygon>
     <extrude>1</extrude>
     <altitudeMode>clampToGround</altitudeMode>
     <outerBoundaryIs>
      <LinearRing>
       <coordinates>
-96.13278,28.50601,00500
-96.13182,28.50572,00500
-96.13102,28.50601,00500
-96.10623,28.51546,00500
-96.08064,28.52829,00500
-96.08051,28.52839,00500
-96.05502,28.54350,00500
-96.04823,28.55078,00500
-96.02938,28.56353,00500
-96.00639,28.57315,00500
-96.00376,28.57351,00500
-95.97813,28.58467,00500
-95.95645,28.59548,00500
-95.95244,28.61368,00500
-95.95112,28.61793,00500
-95.93570,28.64036,00500
-95.92667,28.65624,00500
-95.92348,28.66278,00500
-95.91837,28.68524,00500
-95.90660,28.70767,00500
-95.90340,28.73013,00500
-95.90501,28.75261,00500
-95.90661,28.77508,00500
-95.90108,28.79754,00500
-95.90314,28.82001,00500
-95.90029,28.83012,00500
-95.89544,28.84246,00500
-95.90018,28.85623,00500
-95.90151,28.86495,00500
-95.90010,28.87333,00500
-95.89508,28.88740,00500
-95.89996,28.90491,00500
-95.90076,28.90989,00500
-95.90122,28.93237,00500
-95.90462,28.95485,00500
-95.90659,28.97733,00500
-95.90175,28.99979,00500
-95.90350,29.02227,00500
-95.89938,29.03456,00500
-95.89268,29.04470,00500
-95.89040,29.06717,00500
-95.89149,29.08965,00500
-95.89909,29.10153,00500
-95.90272,29.11216,00500
-95.89998,29.13463,00500
-95.90197,29.15711,00500
-95.90234,29.17959,00500
-95.89981,29.20205,00500
-95.90403,29.22454,00500
-95.90014,29.24701,00500
-95.90566,29.26950,00500
-95.90694,29.29198,00500
-95.91252,29.31448,00500
-95.91277,29.33696,00500
-95.91062,29.35942,00500
-95.91241,29.38191,00500
-95.92235,29.40442,00500
-95.92351,29.41191,00500
-95.92567,29.42690,00500
-95.93070,29.44940,00500
-95.93827,29.47190,00500
-95.92752,29.49435,00500
-95.92312,29.50443,00500
-95.91812,29.51679,00500
-95.92301,29.52970,00500
-95.92728,29.53930,00500
-95.94146,29.56182,00500
-95.94092,29.58430,00500
-95.94225,29.60678,00500
-95.94710,29.62927,00500
-95.94843,29.63511,00500
-95.95028,29.65177,00500
-95.95599,29.67426,00500
-95.95543,29.69674,00500
-95.95966,29.71923,00500
-95.96301,29.74172,00500
-95.96644,29.76421,00500
-95.97374,29.78251,00500
-95.97508,29.78672,00500
-95.98473,29.80923,00500
-95.98981,29.83172,00500
-95.99239,29.85420,00500
-95.99935,29.86605,00500
-96.00315,29.87671,00500
-96.00625,29.89920,00500
-96.01464,29.92170,00500
-96.02503,29.94217,00500
-96.02543,29.94421,00500
-96.02847,29.96670,00500
-96.03284,29.98919,00500
-96.04716,30.01170,00500
-96.05075,30.01927,00500
-96.05493,30.03420,00500
-96.06969,30.05671,00500
-96.07658,30.06953,00500
-96.07830,30.07921,00500
-96.08396,30.10171,00500
-96.09760,30.12421,00500
-96.09779,30.14669,00500
-96.10236,30.15179,00500
-96.11821,30.16921,00500
-96.12829,30.18467,00500
-96.13030,30.19171,00500
-96.13726,30.21420,00500
-96.14426,30.23670,00500
-96.15417,30.25287,00500
-96.15948,30.25920,00500
-96.17390,30.28170,00500
-96.18015,30.28653,00500
-96.20617,30.29217,00500
-96.23220,30.30007,00500
-96.25250,30.28177,00500
-96.25827,30.26007,00500
-96.25842,30.25930,00500
-96.25828,30.25285,00500
-96.25795,30.23682,00500
-96.25746,30.21433,00500
-96.25323,30.19185,00500
-96.23234,30.16969,00500
-96.23222,30.16935,00500
-96.23234,30.16894,00500
-96.24767,30.14688,00500
-96.23238,30.13182,00500
-96.22984,30.12439,00500
-96.23241,30.11120,00500
-96.23940,30.10192,00500
-96.23242,30.09106,00500
-96.23011,30.07942,00500
-96.22964,30.05694,00500
-96.22968,30.03446,00500
-96.22356,30.01198,00500
-96.22298,29.98949,00500
-96.21244,29.96700,00500
-96.20663,29.94500,00500
-96.20657,29.94452,00500
-96.20349,29.92203,00500
-96.20117,29.89955,00500
-96.18600,29.87705,00500
-96.19080,29.85458,00500
-96.18451,29.83209,00500
-96.18089,29.82439,00500
-96.17901,29.80961,00500
-96.18093,29.79638,00500
-96.18530,29.78713,00500
-96.18095,29.78188,00500
-96.17587,29.76464,00500
-96.17953,29.74216,00500
-96.17123,29.71968,00500
-96.17216,29.69720,00500
-96.16721,29.67471,00500
-96.16567,29.65223,00500
-96.16284,29.62975,00500
-96.16110,29.60727,00500
-96.15998,29.58479,00500
-96.16058,29.56230,00500
-96.16017,29.53983,00500
-96.16094,29.51735,00500
-96.15558,29.49866,00500
-96.15444,29.49487,00500
-96.14769,29.47237,00500
-96.14632,29.44990,00500
-96.13120,29.42740,00500
-96.13955,29.40493,00500
-96.14861,29.38247,00500
-96.15001,29.35999,00500
-96.14855,29.33751,00500
-96.14591,29.31503,00500
-96.14915,29.29256,00500
-96.14996,29.27009,00500
-96.14831,29.24761,00500
-96.13033,29.22523,00500
-96.13026,29.22510,00500
-96.13033,29.22464,00500
-96.13726,29.20264,00500
-96.13039,29.19341,00500
-96.12695,29.18015,00500
-96.12708,29.15768,00500
-96.13050,29.14031,00500
-96.13310,29.13521,00500
-96.13052,29.12825,00500
-96.12838,29.11273,00500
-96.13057,29.10858,00500
-96.14852,29.09028,00500
-96.15636,29.07152,00500
-96.15762,29.06782,00500
-96.15639,29.05112,00500
-96.15583,29.04534,00500
-96.15641,29.04292,00500
-96.15975,29.02287,00500
-96.16060,29.00040,00500
-96.16471,28.97794,00500
-96.16999,28.95547,00500
-96.18227,28.94190,00500
-96.19115,28.93302,00500
-96.19224,28.91055,00500
-96.18237,28.88825,00500
-96.18208,28.88807,00500
-96.16010,28.86556,00500
-96.16799,28.84310,00500
-96.16858,28.82064,00500
-96.16733,28.79816,00500
-96.16244,28.77569,00500
-96.16532,28.75322,00500
-96.18261,28.73103,00500
-96.18317,28.73077,00500
-96.19579,28.70831,00500
-96.19830,28.68585,00500
-96.18864,28.66337,00500
-96.19435,28.64091,00500
-96.18277,28.62590,00500
-96.18002,28.61842,00500
-96.18279,28.61288,00500
-96.20142,28.59597,00500
-96.20843,28.58155,00500
-96.21288,28.57352,00500
-96.20846,28.55482,00500
-96.20756,28.55104,00500
-96.18292,28.52963,00500
-96.18060,28.52855,00500
-96.15738,28.51423,00500
-96.13278,28.50601,00500
       </coordinates>
      </LinearRing>
     </outerBoundaryIs>
    </Polygon>
    <Polygon>
     <extrude>1</extrude>
     <altitudeMode>clampToGround</altitudeMode>
     <outerBoundaryIs>
      <LinearRing>
       <coordinates>
-96.28943,28.70838,00500
-96.28512,28.70336,00500
-96.27185,28.70837,00500
-96.27999,28.73085,00500
-96.28510,28.73259,00500
-96.28719,28.73085,00500
-96.28943,28.70838,00500
       </coordinates>
      </LinearRing>
     </outerBoundaryIs>
    </Polygon>
   </MultiGeometry>
  </Placemark>
  <Placemark>
   <name>Contour Level: 1.0E-13 mass/m3</name>
   <Snippet maxLines="0"></Snippet>
   <TimeSpan>
    <begin>2026-01-25T13:00:00Z</begin>
    <end>2026-01-25T14:00:00Z</end>
   </TimeSpan>
   <styleUrl>#conc5</styleUrl>
   <MultiGeometry>
    <Polygon>
     <extrude>1</extrude>
     <altitudeMode>clampToGround</altitudeMode>
     <outerBoundaryIs>
      <LinearRing>
       <coordinates>
-96.03415,29.00017,00700
-96.02803,28.99498,00700
-96.01456,29.00012,00700
-96.00229,29.02256,00700
-96.00224,29.02265,00700
-95.98883,29.04500,00700
-95.97642,29.05771,00700
-95.97231,29.06743,00700
-95.97632,29.08473,00700
-95.97945,29.08992,00700
-95.97626,29.09753,00700
-95.97355,29.11238,00700
-95.97617,29.12254,00700
-95.98862,29.13490,00700
-96.00183,29.14303,00700
-96.01550,29.15744,00700
-96.01864,29.17993,00700
-96.02553,29.20242,00700
-96.00162,29.20597,00700
-95.97580,29.22453,00700
-95.97573,29.22476,00700
-95.97156,29.24723,00700
-95.96537,29.26969,00700
-95.97144,29.29218,00700
-95.97105,29.31466,00700
-95.97540,29.33483,00700
-95.97652,29.33715,00700
-95.97536,29.34303,00700
-95.97344,29.35961,00700
-95.97523,29.38085,00700
-95.97542,29.38210,00700
-95.97564,29.40458,00700
-95.97512,29.41098,00700
-95.97447,29.42705,00700
-95.97505,29.42849,00700
-95.98831,29.44957,00700
-95.99526,29.47206,00700
-95.99055,29.49453,00700
-95.99363,29.51701,00700
-95.99231,29.53949,00700
-96.00042,29.55727,00700
-96.00172,29.56199,00700
-96.00034,29.58051,00700
-95.99982,29.58447,00700
-96.00031,29.58794,00700
-96.00191,29.60695,00700
-96.00275,29.62943,00700
-96.00189,29.65191,00700
-96.00556,29.67440,00700
-96.00467,29.69687,00700
-96.00967,29.71937,00700
-96.00876,29.74185,00700
-96.01032,29.76433,00700
-96.01328,29.78682,00700
-96.01777,29.80931,00700
-96.02288,29.83180,00700
-96.02538,29.83588,00700
-96.03712,29.85431,00700
-96.04724,29.87682,00700
-96.04700,29.89930,00700
-96.05109,29.90612,00700
-96.05546,29.92180,00700
-96.05379,29.94427,00700
-96.05904,29.96677,00700
-96.06617,29.98927,00700
-96.07676,30.00407,00700
-96.08115,30.01177,00700
-96.08730,30.03427,00700
-96.09774,30.05677,00700
-96.10257,30.06587,00700
-96.10667,30.07926,00700
-96.11429,30.10176,00700
-96.12140,30.12425,00700
-96.12840,30.13350,00700
-96.14096,30.14676,00700
-96.15434,30.16262,00700
-96.15736,30.16927,00700
-96.15897,30.19175,00700
-96.16724,30.21424,00700
-96.17965,30.23675,00700
-96.18022,30.23732,00700
-96.18308,30.23675,00700
-96.20625,30.22900,00700
-96.21449,30.21430,00700
-96.21833,30.19182,00700
-96.21767,30.16934,00700
-96.22018,30.14686,00700
-96.21738,30.12437,00700
-96.21743,30.10190,00700
-96.21510,30.07941,00700
-96.21210,30.05693,00700
-96.20651,30.03753,00700
-96.20536,30.03444,00700
-96.19846,30.01195,00700
-96.19320,29.98947,00700
-96.18064,29.97626,00700
-96.17686,29.96696,00700
-96.18069,29.94881,00700
-96.18312,29.94449,00700
-96.18069,29.94173,00700
-96.17286,29.92200,00700
-96.17403,29.89952,00700
-96.16814,29.87703,00700
-96.16643,29.85455,00700
-96.16322,29.83207,00700
-96.16066,29.80958,00700
-96.15585,29.78709,00700
-96.15506,29.77680,00700
-96.15380,29.76461,00700
-96.14628,29.74212,00700
-96.13308,29.71962,00700
-96.13680,29.69715,00700
-96.12936,29.68559,00700
-96.12512,29.67465,00700
-96.12778,29.65218,00700
-96.12282,29.62968,00700
-96.12180,29.60720,00700
-96.12064,29.58472,00700
-96.11662,29.56224,00700
-96.11333,29.53975,00700
-96.10778,29.51727,00700
-96.10390,29.50499,00700
-96.09968,29.49478,00700
-96.09657,29.47229,00700
-96.08862,29.44980,00700
-96.07827,29.43318,00700
-96.07549,29.42729,00700
-96.07643,29.40482,00700
-96.07570,29.38234,00700
-96.07236,29.35986,00700
-96.06779,29.33737,00700
-96.06393,29.31489,00700
-96.06686,29.29242,00700
-96.06718,29.26994,00700
-96.05809,29.24745,00700
-96.05302,29.23756,00700
-96.03530,29.22492,00700
-96.02776,29.20243,00700
-96.04844,29.18000,00700
-96.05323,29.16833,00700
-96.05490,29.15754,00700
-96.05607,29.13507,00700
-96.05887,29.11260,00700
-96.05897,29.09012,00700
-96.06009,29.06765,00700
-96.05357,29.04705,00700
-96.05241,29.04516,00700
-96.05360,29.03892,00700
-96.05462,29.02268,00700
-96.05366,29.01997,00700
-96.03415,29.00017,00700
       </coordinates>
      </LinearRing>
     </outerBoundaryIs>
    </Polygon>
   </MultiGeometry>
  </Placemark>
  <Placemark>
   <name>Contour Level: 3.2E-13 mass/m3</name>
   <Snippet maxLines="0"></Snippet>
   <TimeSpan>
    <begin>2026-01-25T13:00:00Z</begin>
    <end>2026-01-25T14:00:00Z</end>
   </TimeSpan>
   <styleUrl>#conc6</styleUrl>
   <MultiGeometry>
    <Polygon>
     <extrude>1</extrude>
     <altitudeMode>clampToGround</altitudeMode>
     <outerBoundaryIs>
      <LinearRing>
       <coordinates>
-96.14196,29.96692,00900
-96.12879,29.95078,00900
-96.11978,29.96688,00900
-96.12498,29.98937,00900
-96.11947,30.01184,00900
-96.12839,30.03434,00900
-96.12861,30.03473,00900
-96.12989,30.03434,00900
-96.15253,30.01189,00900
-96.13550,29.98939,00900
-96.14196,29.96692,00900
       </coordinates>
      </LinearRing>
     </outerBoundaryIs>
    </Polygon>
   </MultiGeometry>
  </Placemark>
  <Placemark>
   <name>Maximum Value Grid Cell</name>
   <Snippet maxLines="0"></Snippet>
   <description><![CDATA[<pre>
LAT:   30.0119 LON:  -96.1287
Value: 4.0E-13
      The square represents the location
      of maximum concentration and the
      size of the square represents the
      concentration grid cell size.
    </pre>]]>
   </description>
   <TimeSpan>
    <begin>2026-01-25T13:00:00Z</begin>
    <end>2026-01-25T14:00:00Z</end>
   </TimeSpan>
   <styleUrl>#maxv</styleUrl>
   <Polygon>
    <extrude>1</extrude>
    <altitudeMode>clampToGround</altitudeMode>
    <outerBoundaryIs>
     <LinearRing>
      <coordinates>
        -96.15466,29.98942,00100
        -96.10275,29.98933,00100
        -96.10265,30.03430,00100
        -96.15458,30.03438,00100
        -96.15466,29.98942,00100
      </coordinates>
     </LinearRing>
    </outerBoundaryIs>
   </Polygon>
  </Placemark>
 </Folder>
 <Folder>
  <name><![CDATA[<pre>Concentration 
(Valid:20260125 1500UTC)</pre>]]>
  </name>
  <visibility>0</visibility>
  <description><![CDATA[<pre>
Averaged from 00000 to 00100m
Valid:20260125 1500 UTC
   </pre>]]>
  </description>
  <ScreenOverlay>
   <name>Legend</name>
   <Snippet maxLines="0"></Snippet>
   <TimeSpan>
    <begin>2026-01-25T14:00:00Z</begin>
    <end>2026-01-25T15:00:00Z</end>
   </TimeSpan>
   <Icon>
    <href>GELABEL_15_22130.gif</href>
   </Icon>
   <overlayXY x="0" y="1" xunits="fraction" yunits="fraction"/>
   <screenXY x="0" y="1" xunits="fraction" yunits="fraction"/>
   <rotationXY x="0" y="0" xunits="fraction" yunits="fraction"/>
   <size x="0" y="0" xunits="pixels" yunits="pixels"/>
  </ScreenOverlay>
  <Placemark>
   <name>Contour Level: 3.2E-15 mass/m3</name>
   <Snippet maxLines="0"></Snippet>
   <TimeSpan>
    <begin>2026-01-25T14:00:00Z</begin>
    <end>2026-01-25T15:00:00Z</end>
   </TimeSpan>
   <styleUrl>#conc2</styleUrl>
   <MultiGeometry>
    <Polygon>
     <extrude>1</extrude>
     <altitudeMode>clampToGround</altitudeMode>
     <outerBoundaryIs>
      <LinearRing>
       <coordinates>
-96.66633,27.33797,00100
-96.66484,27.33730,00100
-96.63956,27.33483,00100
-96.61428,27.33009,00100
-96.58902,27.33184,00100
-96.56375,27.33027,00100
-96.53849,27.33125,00100
-96.51322,27.33172,00100
-96.48796,27.33562,00100
-96.46269,27.33582,00100
-96.45113,27.33834,00100
-96.43743,27.34066,00100
-96.41216,27.34441,00100
-96.38689,27.34715,00100
-96.36163,27.34892,00100
-96.33636,27.34788,00100
-96.31108,27.35394,00100
-96.28581,27.35528,00100
-96.27654,27.36083,00100
-96.26073,27.38326,00100
-96.26052,27.38364,00100
-96.25184,27.40571,00100
-96.24430,27.42815,00100
-96.23517,27.44946,00100
-96.23438,27.45059,00100
-96.20985,27.46476,00100
-96.20254,27.47301,00100
-96.18452,27.48353,00100
-96.15922,27.48452,00100
-96.13390,27.49166,00100
-96.10860,27.49240,00100
-96.08820,27.49529,00100
-96.08327,27.49580,00100
-96.05795,27.50463,00100
-96.03262,27.50917,00100
-96.02402,27.51759,00100
-96.01382,27.54002,00100
-96.00714,27.56099,00100
-96.00662,27.56245,00100
-95.99798,27.58488,00100
-95.99550,27.60733,00100
-95.99088,27.62976,00100
-95.98151,27.64760,00100
-95.97503,27.65217,00100
-95.95611,27.66184,00100
-95.94220,27.67452,00100
-95.93069,27.67909,00100
-95.90534,27.67583,00100
-95.87994,27.68699,00100
-95.86877,27.69673,00100
-95.85445,27.71285,00100
-95.84843,27.71911,00100
-95.83951,27.74152,00100
-95.82885,27.76059,00100
-95.82678,27.76393,00100
-95.82780,27.78639,00100
-95.81958,27.80881,00100
-95.81628,27.83125,00100
-95.80728,27.85368,00100
-95.80291,27.86585,00100
-95.79703,27.87609,00100
-95.77735,27.89416,00100
-95.77077,27.89843,00100
-95.75185,27.90917,00100
-95.72637,27.92014,00100
-95.72511,27.92068,00100
-95.70089,27.92948,00100
-95.69068,27.94297,00100
-95.67531,27.95398,00100
-95.67018,27.96532,00100
-95.67276,27.98779,00100
-95.66904,28.01023,00100
-95.66904,28.03269,00100
-95.66631,28.05514,00100
-95.66068,28.07757,00100
-95.64894,28.09072,00100
-95.63020,28.09986,00100
-95.62337,28.10520,00100
-95.59911,28.12215,00100
-95.59775,28.12737,00100
-95.59164,28.14457,00100
-95.59753,28.15627,00100
-95.59991,28.16708,00100
-95.59736,28.18005,00100
-95.59396,28.18951,00100
-95.59724,28.19447,00100
-95.60191,28.21202,00100
-95.59696,28.23254,00100
-95.59573,28.23444,00100
-95.58187,28.25683,00100
-95.57112,28.27693,00100
-95.57005,28.27922,00100
-95.55189,28.30157,00100
-95.54603,28.32400,00100
-95.54520,28.32913,00100
-95.53904,28.34643,00100
-95.54501,28.35248,00100
-95.55002,28.36896,00100
-95.54470,28.39112,00100
-95.54448,28.39139,00100
-95.54470,28.39189,00100
-95.55029,28.41389,00100
-95.54440,28.42957,00100
-95.53984,28.43629,00100
-95.54161,28.45877,00100
-95.51852,28.46830,00100
-95.49295,28.47054,00100
-95.46737,28.47317,00100
-95.45312,28.48066,00100
-95.44170,28.48486,00100
-95.43217,28.50298,00100
-95.42814,28.52542,00100
-95.43010,28.54790,00100
-95.43273,28.57039,00100
-95.44086,28.57852,00100
-95.46647,28.57526,00100
-95.49200,28.58257,00100
-95.51761,28.57957,00100
-95.53358,28.59353,00100
-95.54305,28.59799,00100
-95.55733,28.61614,00100
-95.56368,28.63865,00100
-95.56479,28.66113,00100
-95.56809,28.66747,00100
-95.57558,28.68366,00100
-95.59348,28.69840,00100
-95.59885,28.70627,00100
-95.60438,28.72877,00100
-95.59763,28.75121,00100
-95.59977,28.77369,00100
-95.59782,28.79615,00100
-95.60484,28.81866,00100
-95.59741,28.84109,00100
-95.59818,28.86357,00100
-95.59209,28.88240,00100
-95.58999,28.88599,00100
-95.59202,28.89142,00100
-95.59408,28.90849,00100
-95.59435,28.93096,00100
-95.59817,28.95346,00100
-95.61031,28.97600,00100
-95.61698,28.98708,00100
-95.62191,28.99854,00100
-95.64246,29.01811,00100
-95.64410,29.02113,00100
-95.64240,29.02585,00100
-95.62903,29.04352,00100
-95.63908,29.06606,00100
-95.62096,29.08843,00100
-95.61633,29.11088,00100
-95.61727,29.13336,00100
-95.62234,29.15587,00100
-95.62672,29.17836,00100
-95.61949,29.20080,00100
-95.61806,29.22327,00100
-95.62431,29.24578,00100
-95.64073,29.26179,00100
-95.64339,29.26836,00100
-95.64063,29.27561,00100
-95.62440,29.29073,00100
-95.61571,29.31316,00100
-95.61987,29.33566,00100
-95.64010,29.35152,00100
-95.64501,29.35828,00100
-95.64580,29.38076,00100
-95.63982,29.38997,00100
-95.62299,29.40311,00100
-95.61380,29.42105,00100
-95.61086,29.42552,00100
-95.60722,29.44798,00100
-95.60806,29.47046,00100
-95.61333,29.48471,00100
-95.61526,29.49298,00100
-95.63899,29.50720,00100
-95.64378,29.51561,00100
-95.63881,29.53299,00100
-95.62539,29.53799,00100
-95.61282,29.55352,00100
-95.58708,29.54053,00100
-95.57716,29.56020,00100
-95.56091,29.58245,00100
-95.56084,29.58258,00100
-95.55226,29.60501,00100
-95.54994,29.62747,00100
-95.55466,29.64998,00100
-95.56030,29.66019,00100
-95.56855,29.67254,00100
-95.58590,29.69456,00100
-95.58612,29.69513,00100
-95.58703,29.71761,00100
-95.58643,29.74009,00100
-95.58554,29.74102,00100
-95.57124,29.76248,00100
-95.57149,29.78496,00100
-95.57327,29.80746,00100
-95.55907,29.81441,00100
-95.53943,29.82973,00100
-95.53301,29.83150,00100
-95.52845,29.82966,00100
-95.51601,29.80711,00100
-95.50736,29.80044,00100
-95.48152,29.79344,00100
-95.46707,29.80679,00100
-95.46713,29.82927,00100
-95.48107,29.84445,00100
-95.49254,29.85191,00100
-95.49969,29.87444,00100
-95.50500,29.89696,00100
-95.50652,29.90017,00100
-95.51340,29.91949,00100
-95.50742,29.94194,00100
-95.50614,29.94433,00100
-95.48008,29.95752,00100
-95.45415,29.95593,00100
-95.42821,29.95492,00100
-95.41998,29.96383,00100
-95.42561,29.98635,00100
-95.42788,29.99019,00100
-95.44991,30.00900,00100
-95.45358,30.01868,00100
-95.45673,30.03153,00100
-95.47356,30.05412,00100
-95.47911,30.06788,00100
-95.49310,30.07673,00100
-95.47900,30.07985,00100
-95.45701,30.09898,00100
-95.45278,30.10611,00100
-95.42798,30.12126,00100
-95.42664,30.12216,00100
-95.42612,30.12124,00100
-95.42363,30.09875,00100
-95.41684,30.07621,00100
-95.40280,30.05363,00100
-95.40132,30.05306,00100
-95.39682,30.05359,00100
-95.37530,30.05803,00100
-95.36791,30.07586,00100
-95.37491,30.09756,00100
-95.37667,30.09841,00100
-95.37487,30.10073,00100
-95.37092,30.12085,00100
-95.36097,30.14325,00100
-95.34830,30.15871,00100
-95.33847,30.16557,00100
-95.32199,30.18767,00100
-95.32192,30.18792,00100
-95.31295,30.21033,00100
-95.31841,30.23286,00100
-95.32149,30.23628,00100
-95.34743,30.24386,00100
-95.37352,30.23734,00100
-95.39939,30.25331,00100
-95.39973,30.25595,00100
-95.40413,30.27847,00100
-95.42503,30.29504,00100
-95.44244,30.30122,00100
-95.45097,30.30562,00100
-95.47688,30.31996,00100
-95.50291,30.32272,00100
-95.50508,30.32412,00100
-95.52882,30.33857,00100
-95.55489,30.33605,00100
-95.56777,30.32450,00100
-95.57793,30.30208,00100
-95.58124,30.29753,00100
-95.58649,30.30213,00100
-95.60349,30.32471,00100
-95.60703,30.33116,00100
-95.63296,30.34676,00100
-95.65907,30.33802,00100
-95.68204,30.32513,00100
-95.67970,30.30263,00100
-95.65946,30.28278,00100
-95.65627,30.28003,00100
-95.64384,30.25748,00100
-95.63365,30.25091,00100
-95.61235,30.23483,00100
-95.60790,30.21406,00100
-95.60745,30.21232,00100
-95.58205,30.19301,00100
-95.57244,30.21211,00100
-95.57140,30.23459,00100
-95.55556,30.25157,00100
-95.52959,30.24590,00100
-95.52129,30.23429,00100
-95.51475,30.21176,00100
-95.52469,30.18934,00100
-95.53014,30.17880,00100
-95.55615,30.17859,00100
-95.57355,30.16716,00100
-95.58228,30.16298,00100
-95.60828,30.16281,00100
-95.63416,30.14501,00100
-95.63442,30.14445,00100
-95.66054,30.12787,00100
-95.68649,30.13264,00100
-95.69894,30.12287,00100
-95.70824,30.10043,00100
-95.71182,30.07797,00100
-95.71288,30.07302,00100
-95.71733,30.05551,00100
-95.73907,30.03680,00100
-95.75889,30.03322,00100
-95.76508,30.03136,00100
-95.79108,30.02566,00100
-95.81709,30.01717,00100
-95.84306,30.01438,00100
-95.84467,30.03358,00100
-95.85594,30.05610,00100
-95.85972,30.07859,00100
-95.85670,30.10107,00100
-95.85507,30.12354,00100
-95.84245,30.13589,00100
-95.81948,30.12340,00100
-95.81653,30.12180,00100
-95.79063,30.10478,00100
-95.76455,30.12117,00100
-95.76312,30.12317,00100
-95.75801,30.14563,00100
-95.75658,30.16810,00100
-95.73817,30.18384,00100
-95.71214,30.18840,00100
-95.70878,30.19036,00100
-95.68598,30.20940,00100
-95.68215,30.21271,00100
-95.68591,30.22098,00100
-95.68945,30.23524,00100
-95.70426,30.25778,00100
-95.71159,30.27371,00100
-95.71536,30.28032,00100
-95.73750,30.29206,00100
-95.76354,30.29258,00100
-95.78957,30.29315,00100
-95.81564,30.28662,00100
-95.84170,30.28399,00100
-95.84550,30.28088,00100
-95.84987,30.25841,00100
-95.84194,30.23622,00100
-95.84158,30.23590,00100
-95.84195,30.23477,00100
-95.84620,30.21343,00100
-95.85666,30.19099,00100
-95.86639,30.16854,00100
-95.86832,30.16149,00100
-95.88512,30.14613,00100
-95.89440,30.14341,00100
-95.91548,30.12375,00100
-95.92050,30.11952,00100
-95.94656,30.10421,00100
-95.94954,30.10138,00100
-95.97260,30.08779,00100
-95.98650,30.07899,00100
-95.99867,30.06295,00100
-96.00048,30.05655,00100
-96.02474,30.03442,00100
-96.02572,30.03414,00100
-96.05074,30.02633,00100
-96.07671,30.01918,00100
-96.10268,30.02167,00100
-96.11906,30.01184,00100
-96.12866,30.00945,00100
-96.15009,30.01189,00100
-96.15462,30.01351,00100
-96.16801,30.01192,00100
-96.18059,30.01061,00100
-96.20158,29.98947,00100
-96.20659,29.97711,00100
-96.20947,29.96700,00100
-96.20662,29.95489,00100
-96.20468,29.94451,00100
-96.19976,29.92203,00100
-96.19789,29.89955,00100
-96.18079,29.88397,00100
-96.17835,29.87704,00100
-96.18021,29.85456,00100
-96.17867,29.83208,00100
-96.17587,29.80960,00100
-96.18094,29.78939,00100
-96.18288,29.78713,00100
-96.18095,29.78423,00100
-96.17625,29.76464,00100
-96.17902,29.74216,00100
-96.17057,29.71967,00100
-96.16522,29.69719,00100
-96.15524,29.68251,00100
-96.15060,29.67469,00100
-96.15109,29.65221,00100
-96.14963,29.62972,00100
-96.14833,29.60725,00100
-96.14807,29.58477,00100
-96.13494,29.56227,00100
-96.14666,29.53981,00100
-96.12971,29.51877,00100
-96.12914,29.51730,00100
-96.12975,29.50047,00100
-96.13038,29.49483,00100
-96.12976,29.49442,00100
-96.11519,29.47232,00100
-96.10891,29.44984,00100
-96.10694,29.42736,00100
-96.10413,29.41077,00100
-96.10368,29.40487,00100
-96.10230,29.38239,00100
-96.09751,29.35991,00100
-96.09165,29.33742,00100
-96.07855,29.32478,00100
-96.07562,29.31491,00100
-96.07861,29.30251,00100
-96.08851,29.29246,00100
-96.07867,29.28333,00100
-96.07467,29.26996,00100
-96.07873,29.25782,00100
-96.10365,29.24753,00100
-96.10452,29.24647,00100
-96.10571,29.24754,00100
-96.12719,29.27005,00100
-96.13022,29.27391,00100
-96.13971,29.27007,00100
-96.15601,29.26142,00100
-96.17095,29.24764,00100
-96.18167,29.22518,00100
-96.18183,29.22460,00100
-96.18474,29.22518,00100
-96.20758,29.22821,00100
-96.23332,29.24207,00100
-96.25190,29.22524,00100
-96.24673,29.20276,00100
-96.23338,29.19233,00100
-96.21431,29.18026,00100
-96.21146,29.15779,00100
-96.21128,29.13531,00100
-96.20917,29.11283,00100
-96.20774,29.10882,00100
-96.19278,29.09034,00100
-96.18858,29.06786,00100
-96.18209,29.06276,00100
-96.17667,29.06785,00100
-96.17460,29.09031,00100
-96.16668,29.11278,00100
-96.16348,29.13525,00100
-96.15620,29.15534,00100
-96.15255,29.15771,00100
-96.13044,29.17078,00100
-96.12280,29.15767,00100
-96.10478,29.13538,00100
-96.10464,29.13516,00100
-96.09474,29.11267,00100
-96.09306,29.09019,00100
-96.07921,29.07430,00100
-96.07738,29.06769,00100
-96.07925,29.06162,00100
-96.09219,29.04523,00100
-96.07934,29.02525,00100
-96.07873,29.02274,00100
-96.07935,29.01993,00100
-96.09312,29.00029,00100
-96.08418,28.97780,00100
-96.08654,28.95533,00100
-96.07957,28.93957,00100
-96.07853,28.93284,00100
-96.07560,28.91037,00100
-96.07966,28.90428,00100
-96.10535,28.89117,00100
-96.12432,28.88798,00100
-96.13103,28.88649,00100
-96.15672,28.87679,00100
-96.17142,28.86558,00100
-96.18240,28.85950,00100
-96.19362,28.86561,00100
-96.19894,28.88808,00100
-96.20471,28.91056,00100
-96.20798,28.92439,00100
-96.20951,28.93304,00100
-96.22449,28.95553,00100
-96.23241,28.97801,00100
-96.23360,28.97893,00100
-96.23587,28.97801,00100
-96.25930,28.96401,00100
-96.26864,28.95556,00100
-96.28500,28.94840,00100
-96.30511,28.95557,00100
-96.31067,28.96536,00100
-96.31577,28.97805,00100
-96.33636,28.99935,00100
-96.35537,28.97805,00100
-96.36032,28.95557,00100
-96.36204,28.93340,00100
-96.36229,28.93310,00100
-96.38770,28.92276,00100
-96.39474,28.91062,00100
-96.40204,28.88814,00100
-96.40347,28.86567,00100
-96.38766,28.84575,00100
-96.37823,28.84320,00100
-96.37433,28.82074,00100
-96.36777,28.79827,00100
-96.36200,28.78600,00100
-96.33636,28.78014,00100
-96.31093,28.77580,00100
-96.32790,28.75333,00100
-96.33636,28.74538,00100
-96.35708,28.75333,00100
-96.36199,28.75598,00100
-96.36385,28.75333,00100
-96.38762,28.74892,00100
-96.40966,28.73084,00100
-96.41322,28.71005,00100
-96.41363,28.70837,00100
-96.41322,28.70695,00100
-96.38758,28.68656,00100
-96.38491,28.68591,00100
-96.36197,28.66435,00100
-96.36119,28.66345,00100
-96.35468,28.64098,00100
-96.34747,28.61851,00100
-96.36195,28.60676,00100
-96.37158,28.59604,00100
-96.38754,28.58976,00100
-96.40901,28.57356,00100
-96.41310,28.56527,00100
-96.42146,28.55108,00100
-96.42912,28.52861,00100
-96.43467,28.50614,00100
-96.43861,28.49934,00100
-96.46227,28.48364,00100
-96.46416,28.48094,00100
-96.48105,28.46116,00100
-96.48323,28.43869,00100
-96.48687,28.41622,00100
-96.48960,28.40441,00100
-96.49892,28.39374,00100
-96.51150,28.37126,00100
-96.51508,28.36929,00100
-96.54059,28.35829,00100
-96.56610,28.35271,00100
-96.57286,28.34869,00100
-96.59160,28.34083,00100
-96.61021,28.32615,00100
-96.61704,28.31281,00100
-96.62126,28.30366,00100
-96.62374,28.28119,00100
-96.62622,28.25873,00100
-96.62600,28.23626,00100
-96.63190,28.21379,00100
-96.63051,28.19133,00100
-96.64214,28.17473,00100
-96.64463,28.16883,00100
-96.64205,28.14937,00100
-96.64137,28.14638,00100
-96.64204,28.14557,00100
-96.65278,28.12389,00100
-96.65823,28.10141,00100
-96.66546,28.07894,00100
-96.66726,28.06895,00100
-96.67101,28.05646,00100
-96.67249,28.03400,00100
-96.67283,28.01154,00100
-96.67855,27.98906,00100
-96.68178,27.96659,00100
-96.68850,27.94412,00100
-96.69224,27.93505,00100
-96.70471,27.92162,00100
-96.71248,27.89913,00100
-96.71680,27.87666,00100
-96.71741,27.87242,00100
-96.72125,27.85419,00100
-96.72174,27.83173,00100
-96.72387,27.80927,00100
-96.72697,27.78681,00100
-96.73238,27.76434,00100
-96.73409,27.74187,00100
-96.74223,27.72619,00100
-96.74485,27.71939,00100
-96.74683,27.69693,00100
-96.75952,27.67443,00100
-96.76727,27.65394,00100
-96.76799,27.65195,00100
-96.77599,27.62947,00100
-96.77628,27.60702,00100
-96.77062,27.58458,00100
-96.76689,27.56548,00100
-96.76614,27.56215,00100
-96.76526,27.53970,00100
-96.76109,27.51727,00100
-96.76512,27.49481,00100
-96.76527,27.47235,00100
-96.76647,27.46840,00100
-96.77169,27.44988,00100
-96.78947,27.42737,00100
-96.77862,27.40496,00100
-96.76719,27.38256,00100
-96.76610,27.38111,00100
-96.75271,27.36016,00100
-96.74071,27.35232,00100
-96.71543,27.35199,00100
-96.69015,27.34873,00100
-96.66633,27.33797,00100
       </coordinates>
      </LinearRing>
     </outerBoundaryIs>
     <innerBoundaryIs>
      <LinearRing>
       <coordinates>
-96.07995,28.73061,00100
-96.08012,28.72326,00100
-96.08179,28.73061,00100
-96.08011,28.73083,00100
-96.07995,28.73061,00100
       </coordinates>
      </LinearRing>
     </innerBoundaryIs>
     <innerBoundaryIs>
      <LinearRing>
       <coordinates>
-96.17850,28.75323,00100
-96.18258,28.74878,00100
-96.19998,28.75326,00100
-96.20756,28.77574,00100
-96.18253,28.78293,00100
-96.17402,28.77570,00100
-96.17850,28.75323,00100
       </coordinates>
      </LinearRing>
     </innerBoundaryIs>
     <innerBoundaryIs>
      <LinearRing>
       <coordinates>
-96.27083,28.77579,00100
-96.28509,28.76398,00100
-96.31052,28.77580,00100
-96.28508,28.78772,00100
-96.27083,28.77579,00100
       </coordinates>
      </LinearRing>
     </innerBoundaryIs>
    </Polygon>
    <Polygon>
     <extrude>1</extrude>
     <altitudeMode>clampToGround</altitudeMode>
     <outerBoundaryIs>
      <LinearRing>
       <coordinates>
-96.59546,28.86542,00100
-96.59295,28.86190,00100
-96.58660,28.86544,00100
-96.59297,28.87215,00100
-96.59546,28.86542,00100
       </coordinates>
      </LinearRing>
     </outerBoundaryIs>
     <innerBoundaryIs>
      <LinearRing>
       <coordinates>
-96.31107,28.86568,00100
-96.33636,28.84714,00100
-96.36201,28.86101,00100
-96.36341,28.86568,00100
-96.36768,28.88815,00100
-96.36652,28.91063,00100
-96.36204,28.93223,00100
-96.33636,28.91566,00100
-96.33485,28.91063,00100
-96.31769,28.88815,00100
-96.31107,28.86568,00100
       </coordinates>
      </LinearRing>
     </innerBoundaryIs>
    </Polygon>
    <Polygon>
     <extrude>1</extrude>
     <altitudeMode>clampToGround</altitudeMode>
     <outerBoundaryIs>
      <LinearRing>
       <coordinates>
-96.49940,28.91053,00100
-96.49037,28.90269,00100
-96.47376,28.91056,00100
-96.48407,28.93302,00100
-96.49043,28.93428,00100
-96.49532,28.93300,00100
-96.49940,28.91053,00100
       </coordinates>
      </LinearRing>
     </outerBoundaryIs>
    </Polygon>
    <Polygon>
     <extrude>1</extrude>
     <altitudeMode>clampToGround</altitudeMode>
     <outerBoundaryIs>
      <LinearRing>
       <coordinates>
-96.55405,28.95539,00100
-96.54181,28.94745,00100
-96.52804,28.95543,00100
-96.53040,28.97791,00100
-96.54189,28.98583,00100
-96.55613,28.97786,00100
-96.55405,28.95539,00100
       </coordinates>
      </LinearRing>
     </outerBoundaryIs>
    </Polygon>
    <Polygon>
     <extrude>1</extrude>
     <altitudeMode>clampToGround</altitudeMode>
     <outerBoundaryIs>
      <LinearRing>
       <coordinates>
-95.43321,29.67167,00100
-95.43085,29.66973,00100
-95.43021,29.67165,00100
-95.43083,29.67250,00100
-95.43321,29.67167,00100
       </coordinates>
      </LinearRing>
     </outerBoundaryIs>
     <innerBoundaryIs>
      <LinearRing>
       <coordinates>
-95.62241,29.80774,00100
-95.63685,29.80652,00100
-95.63733,29.80782,00100
-95.63867,29.83030,00100
-95.63663,29.83782,00100
-95.62498,29.83023,00100
-95.62241,29.80774,00100
       </coordinates>
      </LinearRing>
     </innerBoundaryIs>
     <innerBoundaryIs>
      <LinearRing>
       <coordinates>
-95.54951,29.98716,00100
-95.55772,29.98310,00100
-95.58374,29.97429,00100
-95.59166,29.98741,00100
-95.60606,30.00997,00100
-95.59951,30.03242,00100
-95.58323,30.04036,00100
-95.56010,30.05467,00100
-95.55710,30.06031,00100
-95.54628,30.07706,00100
-95.53092,30.08521,00100
-95.50616,30.07681,00100
-95.50504,30.07294,00100
-95.48643,30.05421,00100
-95.50528,30.04539,00100
-95.51167,30.03189,00100
-95.51619,30.00944,00100
-95.53168,29.99326,00100
-95.54951,29.98716,00100
       </coordinates>
      </LinearRing>
     </innerBoundaryIs>
    </Polygon>
    <Polygon>
     <extrude>1</extrude>
     <altitudeMode>clampToGround</altitudeMode>
     <outerBoundaryIs>
      <LinearRing>
       <coordinates>
-95.95322,30.21379,00100
-95.94616,30.20418,00100
-95.92014,30.20615,00100
-95.91621,30.21368,00100
-95.92007,30.22142,00100
-95.94160,30.23624,00100
-95.94602,30.23800,00100
-95.96998,30.25881,00100
-95.97147,30.28129,00100
-95.97187,30.28312,00100
-95.98850,30.30382,00100
-95.99134,30.32631,00100
-95.99775,30.32920,00100
-96.00373,30.32634,00100
-96.00278,30.30386,00100
-96.00140,30.28137,00100
-95.99798,30.26305,00100
-95.98870,30.25886,00100
-95.97197,30.25647,00100
-95.94878,30.23626,00100
-95.95322,30.21379,00100
       </coordinates>
      </LinearRing>
     </outerBoundaryIs>
     <innerBoundaryIs>
      <LinearRing>
       <coordinates>
-95.41504,30.21110,00100
-95.42593,30.19821,00100
-95.43357,30.21123,00100
-95.42574,30.21961,00100
-95.41504,30.21110,00100
       </coordinates>
      </LinearRing>
     </innerBoundaryIs>
    </Polygon>
    <Polygon>
     <extrude>1</extrude>
     <altitudeMode>clampToGround</altitudeMode>
     <outerBoundaryIs>
      <LinearRing>
       <coordinates>
-96.10194,30.34904,00100
-96.10189,30.34897,00100
-96.07587,30.33753,00100
-96.04990,30.34893,00100
-96.04978,30.35004,00100
-96.04614,30.37141,00100
-96.04397,30.39389,00100
-96.04962,30.40338,00100
-96.05447,30.41639,00100
-96.04955,30.42740,00100
-96.03497,30.43883,00100
-96.02342,30.44375,00100
-96.00504,30.46124,00100
-96.01017,30.48373,00100
-96.02328,30.48845,00100
-96.04936,30.49116,00100
-96.07036,30.50635,00100
-96.07442,30.52884,00100
-96.07534,30.53135,00100
-96.10141,30.54586,00100
-96.11304,30.52892,00100
-96.10828,30.50642,00100
-96.10155,30.49013,00100
-96.09743,30.48392,00100
-96.09937,30.46144,00100
-96.10164,30.45227,00100
-96.10282,30.43897,00100
-96.10860,30.41650,00100
-96.10882,30.39401,00100
-96.11181,30.37154,00100
-96.10194,30.34904,00100
       </coordinates>
      </LinearRing>
     </outerBoundaryIs>
    </Polygon>
    <Polygon>
     <extrude>1</extrude>
     <altitudeMode>clampToGround</altitudeMode>
     <outerBoundaryIs>
      <LinearRing>
       <coordinates>
-95.42760,30.36856,00100
-95.42435,30.36752,00100
-95.39836,30.35978,00100
-95.37229,30.36156,00100
-95.36328,30.36810,00100
-95.37213,30.37758,00100
-95.39809,30.38830,00100
-95.42432,30.37095,00100
-95.42760,30.36856,00100
       </coordinates>
      </LinearRing>
     </outerBoundaryIs>
    </Polygon>
    <Polygon>
     <extrude>1</extrude>
     <altitudeMode>clampToGround</altitudeMode>
     <outerBoundaryIs>
      <LinearRing>
       <coordinates>
-95.75438,30.46036,00100
-95.73649,30.45634,00100
-95.73130,30.46025,00100
-95.73636,30.47808,00100
-95.75438,30.46036,00100
       </coordinates>
      </LinearRing>
     </outerBoundaryIs>
    </Polygon>
    <Polygon>
     <extrude>1</extrude>
     <altitudeMode>clampToGround</altitudeMode>
     <outerBoundaryIs>
      <LinearRing>
       <coordinates>
-95.55421,30.45932,00100
-95.55390,30.45861,00100
-95.52787,30.45222,00100
-95.52200,30.45912,00100
-95.51499,30.48156,00100
-95.50144,30.49295,00100
-95.47533,30.49555,00100
-95.44926,30.49300,00100
-95.43853,30.50354,00100
-95.42295,30.51552,00100
-95.41830,30.52588,00100
-95.39655,30.54642,00100
-95.39307,30.54818,00100
-95.37026,30.56558,00100
-95.36752,30.57048,00100
-95.36129,30.59291,00100
-95.35350,30.61534,00100
-95.35792,30.63786,00100
-95.36946,30.64534,00100
-95.39556,30.64863,00100
-95.41393,30.66075,00100
-95.41384,30.68323,00100
-95.40455,30.70565,00100
-95.40012,30.72810,00100
-95.39474,30.73358,00100
-95.36842,30.74933,00100
-95.36768,30.75034,00100
-95.36229,30.77279,00100
-95.36810,30.78112,00100
-95.39369,30.79550,00100
-95.39413,30.79571,00100
-95.42020,30.80628,00100
-95.44527,30.81834,00100
-95.43362,30.84075,00100
-95.42494,30.86317,00100
-95.43507,30.88573,00100
-95.43735,30.90822,00100
-95.44534,30.91887,00100
-95.44891,30.90830,00100
-95.45902,30.88589,00100
-95.47194,30.87573,00100
-95.49823,30.86459,00100
-95.49889,30.86366,00100
-95.51496,30.84128,00100
-95.51614,30.81881,00100
-95.51366,30.79631,00100
-95.50317,30.77376,00100
-95.49911,30.76296,00100
-95.48630,30.75117,00100
-95.47313,30.74248,00100
-95.46617,30.72855,00100
-95.46742,30.70608,00100
-95.47354,30.69615,00100
-95.49976,30.68856,00100
-95.52502,30.70645,00100
-95.52573,30.70901,00100
-95.52676,30.70646,00100
-95.52583,30.69746,00100
-95.52235,30.68395,00100
-95.52597,30.68021,00100
-95.53271,30.66153,00100
-95.54272,30.63911,00100
-95.54789,30.61666,00100
-95.52869,30.59406,00100
-95.52670,30.59297,00100
-95.51546,30.57149,00100
-95.51987,30.54904,00100
-95.52717,30.53644,00100
-95.55122,30.52675,00100
-95.55338,30.52258,00100
-95.56513,30.50435,00100
-95.55713,30.48182,00100
-95.55421,30.45932,00100
       </coordinates>
      </LinearRing>
     </outerBoundaryIs>
    </Polygon>
    <Polygon>
     <extrude>1</extrude>
     <altitudeMode>clampToGround</altitudeMode>
     <outerBoundaryIs>
      <LinearRing>
       <coordinates>
-95.08572,30.47815,00100
-95.08423,30.47316,00100
-95.07969,30.47809,00100
-95.08414,30.47937,00100
-95.08572,30.47815,00100
       </coordinates>
      </LinearRing>
     </outerBoundaryIs>
    </Polygon>
    <Polygon>
     <extrude>1</extrude>
     <altitudeMode>clampToGround</altitudeMode>
     <outerBoundaryIs>
      <LinearRing>
       <coordinates>
-95.84336,30.50569,00100
-95.84058,30.50133,00100
-95.81454,30.49338,00100
-95.78848,30.48605,00100
-95.78194,30.50545,00100
-95.77548,30.52790,00100
-95.76209,30.53672,00100
-95.75091,30.55028,00100
-95.73714,30.57270,00100
-95.74329,30.59521,00100
-95.75848,30.61776,00100
-95.76156,30.62689,00100
-95.76693,30.64028,00100
-95.76408,30.66275,00100
-95.76126,30.67797,00100
-95.76012,30.68521,00100
-95.75714,30.70768,00100
-95.76040,30.73018,00100
-95.76094,30.73158,00100
-95.77490,30.75272,00100
-95.78288,30.77524,00100
-95.77760,30.79770,00100
-95.77598,30.82018,00100
-95.78181,30.84268,00100
-95.78641,30.85227,00100
-95.81259,30.85243,00100
-95.83881,30.84597,00100
-95.84482,30.84294,00100
-95.86246,30.82052,00100
-95.85252,30.79800,00100
-95.83910,30.78998,00100
-95.81298,30.78109,00100
-95.79876,30.77531,00100
-95.81310,30.75879,00100
-95.81475,30.75289,00100
-95.83941,30.73136,00100
-95.84024,30.73050,00100
-95.84337,30.70803,00100
-95.83958,30.69651,00100
-95.83504,30.68552,00100
-95.83462,30.66304,00100
-95.81587,30.64048,00100
-95.81377,30.63503,00100
-95.80557,30.61796,00100
-95.81393,30.60545,00100
-95.81804,30.59553,00100
-95.82298,30.57306,00100
-95.82735,30.55060,00100
-95.84040,30.53778,00100
-95.84666,30.52819,00100
-95.84336,30.50569,00100
       </coordinates>
      </LinearRing>
     </outerBoundaryIs>
    </Polygon>
    <Polygon>
     <extrude>1</extrude>
     <altitudeMode>clampToGround</altitudeMode>
     <outerBoundaryIs>
      <LinearRing>
       <coordinates>
-94.99114,30.52218,00100
-94.97929,30.51545,00100
-94.97639,30.52202,00100
-94.97914,30.52591,00100
-94.99114,30.52218,00100
       </coordinates>
      </LinearRing>
     </outerBoundaryIs>
    </Polygon>
    <Polygon>
     <extrude>1</extrude>
     <altitudeMode>clampToGround</altitudeMode>
     <outerBoundaryIs>
      <LinearRing>
       <coordinates>
-95.26180,30.56965,00100
-95.23981,30.55618,00100
-95.21371,30.55527,00100
-95.18758,30.55727,00100
-95.17925,30.56895,00100
-95.16988,30.59135,00100
-95.16100,30.59623,00100
-95.13491,30.59307,00100
-95.12076,30.59090,00100
-95.10896,30.58007,00100
-95.10610,30.56828,00100
-95.08327,30.54670,00100
-95.06031,30.56784,00100
-95.05668,30.58342,00100
-95.05231,30.59024,00100
-95.03034,30.59987,00100
-95.02172,30.61242,00100
-95.02917,30.63498,00100
-95.02986,30.63564,00100
-95.03551,30.63505,00100
-95.05611,30.62703,00100
-95.06103,30.61281,00100
-95.08262,30.59718,00100
-95.10604,30.61325,00100
-95.10069,30.63568,00100
-95.08184,30.65718,00100
-95.08075,30.65797,00100
-95.08176,30.66321,00100
-95.10773,30.67670,00100
-95.11162,30.68075,00100
-95.13373,30.68872,00100
-95.15992,30.68468,00100
-95.17483,30.68132,00100
-95.18629,30.66560,00100
-95.19105,30.68147,00100
-95.21212,30.69245,00100
-95.23821,30.69711,00100
-95.24834,30.70444,00100
-95.25413,30.72697,00100
-95.24857,30.74941,00100
-95.25161,30.77192,00100
-95.25433,30.79442,00100
-95.26311,30.80921,00100
-95.28922,30.81586,00100
-95.30342,30.79482,00100
-95.31286,30.77241,00100
-95.31605,30.75440,00100
-95.31792,30.74997,00100
-95.31620,30.74016,00100
-95.31486,30.72746,00100
-95.31657,30.70503,00100
-95.31657,30.70499,00100
-95.32176,30.68255,00100
-95.31694,30.66983,00100
-95.31467,30.66001,00100
-95.29108,30.64389,00100
-95.28195,30.63727,00100
-95.27094,30.61470,00100
-95.26994,30.59220,00100
-95.26567,30.57865,00100
-95.26180,30.56965,00100
       </coordinates>
      </LinearRing>
     </outerBoundaryIs>
    </Polygon>
    <Polygon>
     <extrude>1</extrude>
     <altitudeMode>clampToGround</altitudeMode>
     <outerBoundaryIs>
      <LinearRing>
       <coordinates>
-95.72386,30.59512,00100
-95.70959,30.58255,00100
-95.68346,30.58546,00100
-95.66586,30.59483,00100
-95.65723,30.60249,00100
-95.63101,30.61491,00100
-95.62919,30.61712,00100
-95.63097,30.61980,00100
-95.65682,30.63976,00100
-95.65696,30.63985,00100
-95.68297,30.65801,00100
-95.70919,30.64540,00100
-95.71395,30.64004,00100
-95.72284,30.61760,00100
-95.72386,30.59512,00100
       </coordinates>
      </LinearRing>
     </outerBoundaryIs>
     <innerBoundaryIs>
      <LinearRing>
       <coordinates>
-95.16924,30.61382,00100
-95.18711,30.59622,00100
-95.19732,30.61407,00100
-95.19248,30.63652,00100
-95.18639,30.65715,00100
-95.17756,30.63638,00100
-95.16924,30.61382,00100
       </coordinates>
      </LinearRing>
     </innerBoundaryIs>
    </Polygon>
    <Polygon>
     <extrude>1</extrude>
     <altitudeMode>clampToGround</altitudeMode>
     <outerBoundaryIs>
      <LinearRing>
       <coordinates>
-95.63634,30.77454,00100
-95.62988,30.76922,00100
-95.62764,30.77449,00100
-95.61611,30.79691,00100
-95.60693,30.81935,00100
-95.60614,30.84182,00100
-95.61205,30.86434,00100
-95.62620,30.88690,00100
-95.62901,30.88844,00100
-95.65521,30.88839,00100
-95.66290,30.88709,00100
-95.68117,30.86470,00100
-95.67306,30.84218,00100
-95.66681,30.81967,00100
-95.65624,30.79713,00100
-95.65586,30.79617,00100
-95.63634,30.77454,00100
       </coordinates>
      </LinearRing>
     </outerBoundaryIs>
    </Polygon>
    <Polygon>
     <extrude>1</extrude>
     <altitudeMode>clampToGround</altitudeMode>
     <outerBoundaryIs>
      <LinearRing>
       <coordinates>
-95.29601,30.86221,00100
-95.28889,30.84669,00100
-95.27523,30.86204,00100
-95.27276,30.88451,00100
-95.26585,30.90693,00100
-95.26620,30.92942,00100
-95.27651,30.95199,00100
-95.28752,30.97253,00100
-95.29546,30.97462,00100
-95.28744,30.97963,00100
-95.28115,30.99699,00100
-95.27441,31.01942,00100
-95.28690,31.02945,00100
-95.29652,31.01960,00100
-95.29466,30.99710,00100
-95.31367,30.97944,00100
-95.33988,30.98053,00100
-95.34574,30.97501,00100
-95.34675,30.95253,00100
-95.35458,30.93011,00100
-95.35127,30.90760,00100
-95.34071,30.89953,00100
-95.31462,30.88897,00100
-95.30765,30.88478,00100
-95.29601,30.86221,00100
       </coordinates>
      </LinearRing>
     </outerBoundaryIs>
    </Polygon>
    <Polygon>
     <extrude>1</extrude>
     <altitudeMode>clampToGround</altitudeMode>
     <outerBoundaryIs>
      <LinearRing>
       <coordinates>
-95.03215,30.92730,00100
-95.02596,30.92419,00100
-95.02351,30.92721,00100
-95.01753,30.94964,00100
-95.01527,30.97210,00100
-95.02501,30.99362,00100
-95.05123,30.99413,00100
-95.06097,30.97255,00100
-95.05495,30.95001,00100
-95.05195,30.94042,00100
-95.03215,30.92730,00100
       </coordinates>
      </LinearRing>
     </outerBoundaryIs>
    </Polygon>
    <Polygon>
     <extrude>1</extrude>
     <altitudeMode>clampToGround</altitudeMode>
     <outerBoundaryIs>
      <LinearRing>
       <coordinates>
-95.18459,31.06363,00100
-95.18157,31.06099,00100
-95.15541,31.05400,00100
-95.12929,31.04424,00100
-95.10301,31.04675,00100
-95.07671,31.05171,00100
-95.06969,31.06257,00100
-95.07218,31.08508,00100
-95.04976,31.10473,00100
-95.02348,31.10665,00100
-95.02296,31.10708,00100
-95.01413,31.12947,00100
-95.00289,31.15184,00100
-95.00344,31.17433,00100
-95.01311,31.19691,00100
-95.02217,31.20184,00100
-95.04842,31.20487,00100
-95.07241,31.19749,00100
-95.07481,31.19630,00100
-95.10114,31.19306,00100
-95.11417,31.19789,00100
-95.12725,31.20669,00100
-95.15362,31.20041,00100
-95.15719,31.19828,00100
-95.18008,31.18522,00100
-95.19510,31.19862,00100
-95.20611,31.20645,00100
-95.21391,31.22126,00100
-95.23201,31.24042,00100
-95.25339,31.24407,00100
-95.25824,31.24594,00100
-95.28452,31.24698,00100
-95.28629,31.24434,00100
-95.29747,31.22194,00100
-95.29424,31.19944,00100
-95.28516,31.18826,00100
-95.27687,31.17682,00100
-95.27439,31.15431,00100
-95.26534,31.13176,00100
-95.25967,31.11779,00100
-95.25635,31.10920,00100
-95.23368,31.09409,00100
-95.20747,31.09061,00100
-95.20170,31.08626,00100
-95.18459,31.06363,00100
       </coordinates>
      </LinearRing>
     </outerBoundaryIs>
    </Polygon>
    <Polygon>
     <extrude>1</extrude>
     <altitudeMode>clampToGround</altitudeMode>
     <outerBoundaryIs>
      <LinearRing>
       <coordinates>
-95.00117,31.06189,00100
-94.99790,31.05682,00100
-94.97160,31.06151,00100
-94.97155,31.06159,00100
-94.97159,31.06176,00100
-94.99758,31.07991,00100
-95.00117,31.06189,00100
       </coordinates>
      </LinearRing>
     </outerBoundaryIs>
     <innerBoundaryIs>
      <LinearRing>
       <coordinates>
-95.05410,31.10738,00100
-95.07621,31.09005,00100
-95.09755,31.10780,00100
-95.09286,31.13024,00100
-95.07561,31.13594,00100
-95.06850,31.13001,00100
-95.05410,31.10738,00100
       </coordinates>
      </LinearRing>
     </innerBoundaryIs>
    </Polygon>
    <Polygon>
     <extrude>1</extrude>
     <altitudeMode>clampToGround</altitudeMode>
     <outerBoundaryIs>
      <LinearRing>
       <coordinates>
-95.44358,31.22302,00100
-95.44254,31.22106,00100
-95.44016,31.22300,00100
-95.44251,31.22437,00100
-95.44358,31.22302,00100
       </coordinates>
      </LinearRing>
     </outerBoundaryIs>
    </Polygon>
    <Polygon>
     <extrude>1</extrude>
     <altitudeMode>clampToGround</altitudeMode>
     <outerBoundaryIs>
      <LinearRing>
       <coordinates>
-95.10700,31.26527,00100
-95.10039,31.25194,00100
-95.07413,31.24799,00100
-95.04866,31.26471,00100
-95.06942,31.28739,00100
-95.07360,31.28891,00100
-95.07978,31.28750,00100
-95.10001,31.28069,00100
-95.10700,31.26527,00100
       </coordinates>
      </LinearRing>
     </outerBoundaryIs>
    </Polygon>
    <Polygon>
     <extrude>1</extrude>
     <altitudeMode>clampToGround</altitudeMode>
     <outerBoundaryIs>
      <LinearRing>
       <coordinates>
-94.80222,31.26207,00100
-94.78483,31.24990,00100
-94.76981,31.26168,00100
-94.77551,31.28424,00100
-94.78419,31.28966,00100
-94.79479,31.28447,00100
-94.80222,31.26207,00100
       </coordinates>
      </LinearRing>
     </outerBoundaryIs>
    </Polygon>
    <Polygon>
     <extrude>1</extrude>
     <altitudeMode>clampToGround</altitudeMode>
     <outerBoundaryIs>
      <LinearRing>
       <coordinates>
-94.70047,31.26084,00100
-94.67960,31.25172,00100
-94.66980,31.26046,00100
-94.67309,31.28299,00100
-94.67898,31.28822,00100
-94.69250,31.28323,00100
-94.70047,31.26084,00100
       </coordinates>
      </LinearRing>
     </outerBoundaryIs>
    </Polygon>
    <Polygon>
     <extrude>1</extrude>
     <altitudeMode>clampToGround</altitudeMode>
     <outerBoundaryIs>
      <LinearRing>
       <coordinates>
-95.24213,31.46879,00100
-95.22948,31.46005,00100
-95.22082,31.46862,00100
-95.22926,31.47893,00100
-95.24213,31.46879,00100
       </coordinates>
      </LinearRing>
     </outerBoundaryIs>
    </Polygon>
    <Polygon>
     <extrude>1</extrude>
     <altitudeMode>clampToGround</altitudeMode>
     <outerBoundaryIs>
      <LinearRing>
       <coordinates>
-94.73580,31.55355,00100
-94.72748,31.53418,00100
-94.70090,31.54593,00100
-94.67877,31.55285,00100
-94.67433,31.55695,00100
-94.67048,31.57522,00100
-94.67393,31.57966,00100
-94.70026,31.58327,00100
-94.72672,31.57912,00100
-94.73357,31.57600,00100
-94.73580,31.55355,00100
       </coordinates>
      </LinearRing>
     </outerBoundaryIs>
    </Polygon>
   </MultiGeometry>
  </Placemark>
  <Placemark>
   <name>Contour Level: 1.0E-14 mass/m3</name>
   <Snippet maxLines="0"></Snippet>
   <TimeSpan>
    <begin>2026-01-25T14:00:00Z</begin>
    <end>2026-01-25T15:00:00Z</end>
   </TimeSpan>
   <styleUrl>#conc3</styleUrl>
   <MultiGeometry>
    <Polygon>
     <extrude>1</extrude>
     <altitudeMode>clampToGround</altitudeMode>
     <outerBoundaryIs>
      <LinearRing>
       <coordinates>
-96.15044,27.76482,00300
-96.13336,27.75858,00300
-96.12240,27.76477,00300
-96.10793,27.78109,00300
-96.10036,27.78719,00300
-96.08250,27.79883,00300
-96.07399,27.80959,00300
-96.07057,27.83204,00300
-96.06785,27.85449,00300
-96.05811,27.87693,00300
-96.05690,27.87836,00300
-96.04099,27.89935,00300
-96.03140,27.90659,00300
-96.00852,27.92173,00300
-96.00594,27.92271,00300
-95.98048,27.93461,00300
-95.95506,27.93459,00300
-95.92962,27.94047,00300
-95.91387,27.94390,00300
-95.90417,27.94670,00300
-95.87870,27.95585,00300
-95.86935,27.96620,00300
-95.86302,27.98864,00300
-95.85784,28.01108,00300
-95.85292,28.02893,00300
-95.85102,28.03351,00300
-95.84206,28.05594,00300
-95.82723,28.07598,00300
-95.82565,28.07834,00300
-95.80170,28.09161,00300
-95.77793,28.10060,00300
-95.77618,28.10144,00300
-95.75065,28.11327,00300
-95.72514,28.11961,00300
-95.71728,28.12278,00300
-95.69958,28.13432,00300
-95.69170,28.14512,00300
-95.67392,28.16258,00300
-95.67181,28.16747,00300
-95.67284,28.18995,00300
-95.66580,28.21237,00300
-95.66476,28.23482,00300
-95.66152,28.25727,00300
-95.65830,28.27972,00300
-95.65039,28.30214,00300
-95.64864,28.32459,00300
-95.64730,28.32687,00300
-95.63078,28.34697,00300
-95.62151,28.36475,00300
-95.61956,28.36937,00300
-95.62139,28.38022,00300
-95.62323,28.39185,00300
-95.62125,28.39961,00300
-95.61813,28.41429,00300
-95.61935,28.43676,00300
-95.61472,28.45920,00300
-95.61057,28.48165,00300
-95.60009,28.50406,00300
-95.59849,28.52652,00300
-95.59732,28.54897,00300
-95.60352,28.57148,00300
-95.60770,28.59397,00300
-95.61301,28.61647,00300
-95.61759,28.63897,00300
-95.61593,28.66143,00300
-95.61929,28.67030,00300
-95.62476,28.68395,00300
-95.64183,28.70651,00300
-95.64460,28.71341,00300
-95.64654,28.72901,00300
-95.64436,28.74685,00300
-95.64292,28.75146,00300
-95.64431,28.75433,00300
-95.65177,28.77398,00300
-95.65318,28.79646,00300
-95.65822,28.81896,00300
-95.65916,28.84143,00300
-95.66003,28.86390,00300
-95.64729,28.88631,00300
-95.64336,28.89032,00300
-95.63037,28.90869,00300
-95.63156,28.93117,00300
-95.64297,28.94427,00300
-95.64843,28.95374,00300
-95.65477,28.97625,00300
-95.66548,28.99877,00300
-95.66824,29.00593,00300
-95.67695,29.02131,00300
-95.67268,29.04376,00300
-95.66842,29.06621,00300
-95.66782,29.06690,00300
-95.65672,29.08862,00300
-95.65083,29.11107,00300
-95.65173,29.13355,00300
-95.66724,29.15396,00300
-95.67085,29.15613,00300
-95.68916,29.17869,00300
-95.67522,29.20110,00300
-95.67239,29.22356,00300
-95.67039,29.24603,00300
-95.66726,29.26849,00300
-95.67068,29.29098,00300
-95.67826,29.31349,00300
-95.67960,29.33598,00300
-95.69166,29.35327,00300
-95.69452,29.35853,00300
-95.70107,29.38104,00300
-95.70782,29.40355,00300
-95.70652,29.42602,00300
-95.69113,29.43383,00300
-95.67021,29.44832,00300
-95.66516,29.45698,00300
-95.66000,29.47074,00300
-95.66496,29.48724,00300
-95.66736,29.49326,00300
-95.67256,29.51576,00300
-95.67879,29.53827,00300
-95.69032,29.55628,00300
-95.69284,29.56082,00300
-95.69427,29.58331,00300
-95.71268,29.60588,00300
-95.71583,29.60974,00300
-95.73311,29.62845,00300
-95.72894,29.65092,00300
-95.74132,29.67015,00300
-95.74236,29.67346,00300
-95.74126,29.67979,00300
-95.73193,29.69589,00300
-95.74107,29.70965,00300
-95.74738,29.71844,00300
-95.74755,29.74092,00300
-95.74085,29.74646,00300
-95.73809,29.74088,00300
-95.71506,29.73048,00300
-95.68919,29.72715,00300
-95.67503,29.74057,00300
-95.66348,29.76299,00300
-95.66759,29.78549,00300
-95.67771,29.80803,00300
-95.68200,29.83053,00300
-95.68839,29.84787,00300
-95.71429,29.85075,00300
-95.74023,29.84791,00300
-95.76615,29.84706,00300
-95.79211,29.84026,00300
-95.81805,29.83582,00300
-95.83164,29.85368,00300
-95.84384,29.86076,00300
-95.86970,29.87382,00300
-95.87659,29.87633,00300
-95.87921,29.89882,00300
-95.89056,29.92134,00300
-95.89539,29.92674,00300
-95.91481,29.94390,00300
-95.92123,29.94781,00300
-95.94718,29.94876,00300
-95.95560,29.94402,00300
-95.97318,29.93555,00300
-95.98417,29.94411,00300
-95.99906,29.94973,00300
-96.02497,29.96135,00300
-96.04088,29.96673,00300
-96.05089,29.97278,00300
-96.07681,29.98348,00300
-96.10276,29.98491,00300
-96.12872,29.98051,00300
-96.15470,29.97081,00300
-96.15846,29.96694,00300
-96.16618,29.94447,00300
-96.16807,29.92199,00300
-96.17040,29.89951,00300
-96.16686,29.87703,00300
-96.16539,29.85455,00300
-96.16063,29.83206,00300
-96.15757,29.80958,00300
-96.15503,29.79407,00300
-96.15447,29.78709,00300
-96.15351,29.76461,00300
-96.15154,29.74212,00300
-96.14178,29.71963,00300
-96.14442,29.69716,00300
-96.12936,29.68222,00300
-96.12655,29.67465,00300
-96.12942,29.65384,00300
-96.13040,29.65218,00300
-96.12943,29.64983,00300
-96.12618,29.62969,00300
-96.12388,29.60721,00300
-96.12063,29.58472,00300
-96.11366,29.56223,00300
-96.10863,29.53975,00300
-96.10387,29.51939,00300
-96.10344,29.51726,00300
-96.09904,29.49477,00300
-96.07816,29.47253,00300
-96.07806,29.47225,00300
-96.07817,29.47160,00300
-96.09027,29.44980,00300
-96.07828,29.43042,00300
-96.07745,29.42730,00300
-96.07800,29.40482,00300
-96.07515,29.38234,00300
-96.07024,29.35985,00300
-96.06843,29.33737,00300
-96.06490,29.31489,00300
-96.06406,29.29241,00300
-96.06240,29.26993,00300
-96.06219,29.24745,00300
-96.06353,29.22498,00300
-96.05823,29.20249,00300
-96.05315,29.19504,00300
-96.04372,29.17998,00300
-96.03671,29.15750,00300
-96.04218,29.13503,00300
-96.03658,29.11255,00300
-96.04661,29.09009,00300
-96.05351,29.06802,00300
-96.05362,29.06763,00300
-96.05352,29.06690,00300
-96.05080,29.04515,00300
-96.05362,29.03074,00300
-96.05524,29.02269,00300
-96.05367,29.01367,00300
-96.05139,29.00021,00300
-96.05032,28.97773,00300
-96.04507,28.95525,00300
-96.03296,28.93274,00300
-96.02827,28.92015,00300
-96.02682,28.91026,00300
-96.02831,28.90518,00300
-96.03831,28.88781,00300
-96.02949,28.86532,00300
-96.05191,28.84290,00300
-96.05418,28.83656,00300
-96.06439,28.82046,00300
-96.06760,28.79799,00300
-96.06512,28.77552,00300
-96.05692,28.75303,00300
-96.05444,28.74577,00300
-96.05083,28.73054,00300
-96.05418,28.70808,00300
-96.05455,28.70739,00300
-96.06958,28.68565,00300
-96.07730,28.66319,00300
-96.08031,28.65482,00300
-96.08980,28.64075,00300
-96.08613,28.61827,00300
-96.10602,28.60851,00300
-96.11700,28.59586,00300
-96.13166,28.58342,00300
-96.15488,28.57345,00300
-96.15727,28.57240,00300
-96.16039,28.57346,00300
-96.18285,28.57866,00300
-96.19492,28.57350,00300
-96.20845,28.56179,00300
-96.23062,28.55106,00300
-96.23405,28.54659,00300
-96.23734,28.52860,00300
-96.23942,28.50614,00300
-96.24194,28.48367,00300
-96.24217,28.46120,00300
-96.24339,28.43874,00300
-96.24247,28.41627,00300
-96.24629,28.39381,00300
-96.24774,28.37134,00300
-96.25225,28.34888,00300
-96.25623,28.32642,00300
-96.25856,28.30396,00300
-96.25940,28.28149,00300
-96.25953,28.25903,00300
-96.25863,28.23657,00300
-96.25965,28.21410,00300
-96.25989,28.20680,00300
-96.26054,28.19165,00300
-96.26274,28.16918,00300
-96.26834,28.14673,00300
-96.27067,28.12426,00300
-96.27523,28.10180,00300
-96.27720,28.07935,00300
-96.27797,28.05688,00300
-96.27910,28.03443,00300
-96.27576,28.01196,00300
-96.28135,27.98951,00300
-96.27386,27.96705,00300
-96.26993,27.94459,00300
-96.26010,27.92645,00300
-96.25638,27.92212,00300
-96.24536,27.89965,00300
-96.23473,27.88257,00300
-96.23015,27.87719,00300
-96.22813,27.85473,00300
-96.22027,27.83226,00300
-96.21194,27.80980,00300
-96.20942,27.80624,00300
-96.19341,27.78732,00300
-96.18408,27.77678,00300
-96.15871,27.77193,00300
-96.15044,27.76482,00300
       </coordinates>
      </LinearRing>
     </outerBoundaryIs>
     <innerBoundaryIs>
      <LinearRing>
       <coordinates>
-95.76643,29.76349,00300
-95.76665,29.76330,00300
-95.76690,29.76349,00300
-95.76664,29.76354,00300
-95.76643,29.76349,00300
       </coordinates>
      </LinearRing>
     </innerBoundaryIs>
    </Polygon>
    <Polygon>
     <extrude>1</extrude>
     <altitudeMode>clampToGround</altitudeMode>
     <outerBoundaryIs>
      <LinearRing>
       <coordinates>
-95.65513,29.89783,00300
-95.63622,29.89524,00300
-95.62775,29.89769,00300
-95.61267,29.92008,00300
-95.63311,29.94268,00300
-95.63586,29.94401,00300
-95.64566,29.94274,00300
-95.66187,29.93653,00300
-95.67299,29.92041,00300
-95.66210,29.90239,00300
-95.65513,29.89783,00300
       </coordinates>
      </LinearRing>
     </outerBoundaryIs>
    </Polygon>
   </MultiGeometry>
  </Placemark>
  <Placemark>
   <name>Contour Level: 3.2E-14 mass/m3</name>
   <Snippet maxLines="0"></Snippet>
   <TimeSpan>
    <begin>2026-01-25T14:00:00Z</begin>
    <end>2026-01-25T15:00:00Z</end>
   </TimeSpan>
   <styleUrl>#conc4</styleUrl>
   <MultiGeometry>
    <Polygon>
     <extrude>1</extrude>
     <altitudeMode>clampToGround</altitudeMode>
     <outerBoundaryIs>
      <LinearRing>
       <coordinates>
-95.96135,28.37082,00500
-95.95340,28.36514,00500
-95.92789,28.36037,00500
-95.90231,28.37043,00500
-95.90155,28.37064,00500
-95.88547,28.39304,00500
-95.87666,28.39877,00500
-95.86710,28.41545,00500
-95.86906,28.43792,00500
-95.87056,28.46039,00500
-95.86657,28.48284,00500
-95.85062,28.49954,00500
-95.84035,28.50521,00500
-95.82497,28.51669,00500
-95.81499,28.52758,00500
-95.79926,28.54105,00500
-95.77657,28.54988,00500
-95.77364,28.55066,00500
-95.74804,28.55330,00500
-95.72236,28.56980,00500
-95.72086,28.57210,00500
-95.72230,28.57895,00500
-95.72498,28.59459,00500
-95.72216,28.60126,00500
-95.71899,28.61703,00500
-95.72194,28.63721,00500
-95.72237,28.63951,00500
-95.72192,28.64096,00500
-95.71687,28.66195,00500
-95.71447,28.68441,00500
-95.70515,28.70684,00500
-95.70721,28.72932,00500
-95.71868,28.75184,00500
-95.71879,28.77432,00500
-95.71923,28.79679,00500
-95.71416,28.81924,00500
-95.71804,28.84172,00500
-95.71597,28.86419,00500
-95.71786,28.88667,00500
-95.71511,28.90913,00500
-95.71387,28.93159,00500
-95.71163,28.95406,00500
-95.71194,28.97654,00500
-95.71968,28.99877,00500
-95.71979,28.99904,00500
-95.72229,29.02153,00500
-95.73096,29.04404,00500
-95.74500,29.06112,00500
-95.74741,29.06660,00500
-95.74489,29.07968,00500
-95.73936,29.08903,00500
-95.74002,29.11152,00500
-95.73331,29.13396,00500
-95.72466,29.15639,00500
-95.72859,29.17888,00500
-95.74418,29.19700,00500
-95.74780,29.20145,00500
-95.75338,29.22395,00500
-95.74391,29.24228,00500
-95.74026,29.24637,00500
-95.74033,29.26884,00500
-95.73345,29.29128,00500
-95.73662,29.31378,00500
-95.74335,29.33490,00500
-95.74381,29.33629,00500
-95.76242,29.35885,00500
-95.76887,29.38080,00500
-95.76907,29.38136,00500
-95.77515,29.40386,00500
-95.77867,29.42636,00500
-95.77800,29.44883,00500
-95.78172,29.47132,00500
-95.78698,29.49382,00500
-95.79399,29.50158,00500
-95.80190,29.51636,00500
-95.80507,29.53886,00500
-95.81513,29.56137,00500
-95.81943,29.57607,00500
-95.82233,29.58388,00500
-95.82651,29.60638,00500
-95.83166,29.62888,00500
-95.83177,29.65136,00500
-95.83876,29.67386,00500
-95.84475,29.68028,00500
-95.87058,29.68986,00500
-95.87798,29.69649,00500
-95.89638,29.70720,00500
-95.90553,29.71906,00500
-95.90715,29.74155,00500
-95.92205,29.75696,00500
-95.92852,29.76410,00500
-95.94785,29.78113,00500
-95.95097,29.78664,00500
-95.97366,29.80622,00500
-95.97581,29.80920,00500
-95.98660,29.83171,00500
-95.99940,29.85371,00500
-95.99960,29.85422,00500
-96.01179,29.87673,00500
-96.02517,29.89923,00500
-96.02518,29.89925,00500
-96.04382,29.92177,00500
-96.05103,29.92409,00500
-96.07693,29.94088,00500
-96.10288,29.93627,00500
-96.11571,29.92191,00500
-96.12867,29.89946,00500
-96.12693,29.87697,00500
-96.12897,29.86376,00500
-96.13182,29.85450,00500
-96.12901,29.84664,00500
-96.12683,29.83201,00500
-96.12516,29.80953,00500
-96.12762,29.78705,00500
-96.12221,29.76456,00500
-96.12373,29.74208,00500
-96.11684,29.71959,00500
-96.11413,29.69711,00500
-96.11138,29.67462,00500
-96.10638,29.65214,00500
-96.10358,29.64111,00500
-96.10012,29.62965,00500
-96.09457,29.60716,00500
-96.08707,29.58466,00500
-96.07790,29.57121,00500
-96.07572,29.56216,00500
-96.07798,29.54356,00500
-96.07935,29.53969,00500
-96.07800,29.53813,00500
-96.06974,29.51719,00500
-96.07030,29.49472,00500
-96.06441,29.47222,00500
-96.06091,29.44975,00500
-96.05741,29.42726,00500
-96.05253,29.41002,00500
-96.05083,29.40477,00500
-96.03939,29.38226,00500
-96.02689,29.36044,00500
-96.02669,29.35975,00500
-96.02689,29.35730,00500
-96.03040,29.33729,00500
-96.02698,29.33045,00500
-96.02213,29.31479,00500
-96.02596,29.29232,00500
-96.01974,29.26983,00500
-96.02179,29.24736,00500
-96.01663,29.22487,00500
-96.01327,29.20239,00500
-96.00652,29.17990,00500
-96.00178,29.15894,00500
-96.00134,29.15741,00500
-95.99194,29.13491,00500
-95.98108,29.11241,00500
-95.98734,29.08994,00500
-95.97636,29.07344,00500
-95.97434,29.06744,00500
-95.97640,29.06063,00500
-95.98901,29.04500,00500
-95.99837,29.02255,00500
-95.99161,29.00006,00500
-95.97788,28.97755,00500
-95.97904,28.95508,00500
-95.97681,28.94774,00500
-95.97459,28.93259,00500
-95.97341,28.91012,00500
-95.97700,28.89908,00500
-95.98376,28.88767,00500
-95.98236,28.86520,00500
-95.98985,28.84274,00500
-95.98855,28.82028,00500
-95.98591,28.79780,00500
-95.97739,28.78862,00500
-95.97159,28.77529,00500
-95.97331,28.75282,00500
-95.97759,28.73468,00500
-95.97973,28.73037,00500
-95.97968,28.70790,00500
-95.97776,28.68964,00500
-95.97731,28.68542,00500
-95.97311,28.66294,00500
-95.97792,28.64504,00500
-95.97952,28.64049,00500
-95.97796,28.63483,00500
-95.97391,28.61800,00500
-95.97806,28.60662,00500
-95.98369,28.59556,00500
-95.98904,28.57311,00500
-95.98604,28.55063,00500
-95.97832,28.53408,00500
-95.97260,28.52813,00500
-95.96895,28.50565,00500
-95.97034,28.48318,00500
-95.97095,28.46072,00500
-95.97863,28.44970,00500
-95.98282,28.43828,00500
-95.98568,28.41583,00500
-95.97882,28.39603,00500
-95.97572,28.39333,00500
-95.96135,28.37082,00500
       </coordinates>
      </LinearRing>
     </outerBoundaryIs>
    </Polygon>
   </MultiGeometry>
  </Placemark>
  <Placemark>
   <name>Contour Level: 1.0E-13 mass/m3</name>
   <Snippet maxLines="0"></Snippet>
   <TimeSpan>
    <begin>2026-01-25T14:00:00Z</begin>
    <end>2026-01-25T15:00:00Z</end>
   </TimeSpan>
   <styleUrl>#conc5</styleUrl>
   <MultiGeometry>
    <Polygon>
     <extrude>1</extrude>
     <altitudeMode>clampToGround</altitudeMode>
     <outerBoundaryIs>
      <LinearRing>
       <coordinates>
-95.90482,29.06722,00700
-95.89928,29.05794,00700
-95.87363,29.04600,00700
-95.85946,29.06706,00700
-95.85986,29.08953,00700
-95.86300,29.11202,00700
-95.85686,29.13448,00700
-95.84743,29.14531,00700
-95.84041,29.15689,00700
-95.84069,29.17937,00700
-95.84722,29.18651,00700
-95.85826,29.20191,00700
-95.86186,29.22439,00700
-95.85854,29.24686,00700
-95.85723,29.26933,00700
-95.85551,29.29180,00700
-95.85789,29.31429,00700
-95.86385,29.33678,00700
-95.87180,29.35929,00700
-95.87214,29.36189,00700
-95.87498,29.38178,00700
-95.87198,29.39474,00700
-95.87048,29.40424,00700
-95.86808,29.42671,00700
-95.87132,29.44920,00700
-95.86871,29.47166,00700
-95.87158,29.47871,00700
-95.87927,29.49419,00700
-95.89252,29.51670,00700
-95.89272,29.53918,00700
-95.89711,29.54447,00700
-95.90418,29.56170,00700
-95.90858,29.58420,00700
-95.92232,29.60672,00700
-95.92268,29.60763,00700
-95.93569,29.62924,00700
-95.94837,29.64858,00700
-95.94933,29.65177,00700
-95.95663,29.67426,00700
-95.96393,29.69677,00700
-95.97398,29.71910,00700
-95.97418,29.71927,00700
-95.99518,29.74181,00700
-95.99977,29.74564,00700
-96.01169,29.76433,00700
-96.02232,29.78684,00700
-96.02551,29.79139,00700
-96.05139,29.80058,00700
-96.07518,29.78695,00700
-96.07485,29.76447,00700
-96.07376,29.74199,00700
-96.06779,29.71950,00700
-96.06589,29.69702,00700
-96.05954,29.67452,00700
-96.05392,29.65203,00700
-96.05389,29.62955,00700
-96.05194,29.61238,00700
-96.05094,29.60707,00700
-96.04620,29.58458,00700
-96.04335,29.56209,00700
-96.03130,29.53959,00700
-96.02634,29.53243,00700
-96.01829,29.51708,00700
-96.01765,29.49460,00700
-96.01295,29.47211,00700
-96.00979,29.44963,00700
-96.00797,29.42714,00700
-96.00095,29.40465,00700
-96.00094,29.40464,00700
-95.97980,29.38211,00700
-95.97525,29.37392,00700
-95.97079,29.35961,00700
-95.96624,29.33712,00700
-95.96178,29.31463,00700
-95.95891,29.29214,00700
-95.95834,29.26967,00700
-95.95205,29.24717,00700
-95.95315,29.22470,00700
-95.95009,29.21536,00700
-95.94019,29.20218,00700
-95.92448,29.18129,00700
-95.92316,29.17966,00700
-95.91975,29.15717,00700
-95.92432,29.13471,00700
-95.91816,29.11222,00700
-95.90797,29.08970,00700
-95.90482,29.06722,00700
       </coordinates>
      </LinearRing>
     </outerBoundaryIs>
    </Polygon>
   </MultiGeometry>
  </Placemark>
  <Placemark>
   <name>Maximum Value Grid Cell</name>
   <Snippet maxLines="0"></Snippet>
   <description><![CDATA[<pre>
LAT:   29.5169 LON:  -95.9489
Value: 1.9E-13
      The square represents the location
      of maximum concentration and the
      size of the square represents the
      concentration grid cell size.
    </pre>]]>
   </description>
   <TimeSpan>
    <begin>2026-01-25T14:00:00Z</begin>
    <end>2026-01-25T15:00:00Z</end>
   </TimeSpan>
   <styleUrl>#maxv</styleUrl>
   <Polygon>
    <extrude>1</extrude>
    <altitudeMode>clampToGround</altitudeMode>
    <outerBoundaryIs>
     <LinearRing>
      <coordinates>
        -95.97481,29.49448,00100
        -95.92316,29.49433,00100
        -95.92297,29.53929,00100
        -95.97464,29.53944,00100
        -95.97481,29.49448,00100
      </coordinates>
     </LinearRing>
    </outerBoundaryIs>
   </Polygon>
  </Placemark>
 </Folder>
 <Folder>
  <name><![CDATA[<pre>Concentration 
(Valid:20260125 1600UTC)</pre>]]>
  </name>
  <visibility>0</visibility>
  <description><![CDATA[<pre>
Averaged from 00000 to 00100m
Valid:20260125 1600 UTC
   </pre>]]>
  </description>
  <ScreenOverlay>
   <name>Legend</name>
   <Snippet maxLines="0"></Snippet>
   <TimeSpan>
    <begin>2026-01-25T15:00:00Z</begin>
    <end>2026-01-25T16:00:00Z</end>
   </TimeSpan>
   <Icon>
    <href>GELABEL_16_22130.gif</href>
   </Icon>
   <overlayXY x="0" y="1" xunits="fraction" yunits="fraction"/>
   <screenXY x="0" y="1" xunits="fraction" yunits="fraction"/>
   <rotationXY x="0" y="0" xunits="fraction" yunits="fraction"/>
   <size x="0" y="0" xunits="pixels" yunits="pixels"/>
  </ScreenOverlay>
  <Placemark>
   <name>Contour Level: 3.2E-15 mass/m3</name>
   <Snippet maxLines="0"></Snippet>
   <TimeSpan>
    <begin>2026-01-25T15:00:00Z</begin>
    <end>2026-01-25T16:00:00Z</end>
   </TimeSpan>
   <styleUrl>#conc2</styleUrl>
   <MultiGeometry>
    <Polygon>
     <extrude>1</extrude>
     <altitudeMode>clampToGround</altitudeMode>
     <outerBoundaryIs>
      <LinearRing>
       <coordinates>
-96.24696,27.11393,00100
-96.23552,27.10900,00100
-96.21355,27.11390,00100
-96.21030,27.11491,00100
-96.20825,27.11389,00100
-96.18510,27.10647,00100
-96.15987,27.11346,00100
-96.13468,27.10711,00100
-96.11555,27.11377,00100
-96.10945,27.11653,00100
-96.09773,27.11373,00100
-96.08425,27.11131,00100
-96.07919,27.11370,00100
-96.05899,27.12871,00100
-96.04821,27.13607,00100
-96.03371,27.14779,00100
-96.02448,27.15846,00100
-96.01793,27.18088,00100
-96.01151,27.20331,00100
-96.00829,27.21302,00100
-96.00433,27.22574,00100
-95.99157,27.24815,00100
-95.98287,27.26180,00100
-95.95760,27.26922,00100
-95.95626,27.27049,00100
-95.93229,27.28383,00100
-95.90704,27.28296,00100
-95.89529,27.29274,00100
-95.88171,27.29851,00100
-95.86813,27.31508,00100
-95.85632,27.32740,00100
-95.84579,27.33745,00100
-95.83093,27.34962,00100
-95.81789,27.35978,00100
-95.80945,27.38219,00100
-95.80707,27.40463,00100
-95.80531,27.41704,00100
-95.80341,27.42706,00100
-95.78941,27.44945,00100
-95.77976,27.46309,00100
-95.76341,27.47178,00100
-95.75440,27.47379,00100
-95.72904,27.48309,00100
-95.70374,27.48146,00100
-95.67836,27.49333,00100
-95.67778,27.49382,00100
-95.65706,27.51616,00100
-95.65285,27.52337,00100
-95.63924,27.53851,00100
-95.62728,27.55849,00100
-95.62587,27.56089,00100
-95.62505,27.58333,00100
-95.61929,27.60576,00100
-95.61558,27.62819,00100
-95.60629,27.65059,00100
-95.60121,27.66032,00100
-95.59029,27.67294,00100
-95.57571,27.67931,00100
-95.55028,27.68931,00100
-95.52788,27.69502,00100
-95.52486,27.69589,00100
-95.49947,27.70009,00100
-95.47407,27.70520,00100
-95.45340,27.71698,00100
-95.44855,27.72200,00100
-95.43811,27.73932,00100
-95.42803,27.76171,00100
-95.42907,27.78417,00100
-95.42483,27.80659,00100
-95.42231,27.81767,00100
-95.42106,27.82902,00100
-95.41890,27.85147,00100
-95.41316,27.87388,00100
-95.40808,27.89630,00100
-95.40592,27.91875,00100
-95.39577,27.93929,00100
-95.39410,27.94112,00100
-95.39568,27.94838,00100
-95.39686,27.96360,00100
-95.39548,27.97039,00100
-95.38805,27.98599,00100
-95.39520,27.99945,00100
-95.39700,28.00852,00100
-95.39528,28.03096,00100
-95.39489,28.03225,00100
-95.38007,28.05331,00100
-95.36905,28.07316,00100
-95.36749,28.07568,00100
-95.34338,28.09475,00100
-95.33401,28.09788,00100
-95.31777,28.10839,00100
-95.29221,28.11829,00100
-95.29124,28.12000,00100
-95.29199,28.13805,00100
-95.29382,28.14248,00100
-95.31731,28.15336,00100
-95.34270,28.16165,00100
-95.34470,28.16535,00100
-95.34256,28.17611,00100
-95.33316,28.18773,00100
-95.33540,28.21020,00100
-95.32581,28.23259,00100
-95.31629,28.25273,00100
-95.29079,28.25235,00100
-95.28963,28.25477,00100
-95.28517,28.27719,00100
-95.27721,28.29959,00100
-95.27205,28.32201,00100
-95.27157,28.34448,00100
-95.26854,28.36691,00100
-95.27157,28.38941,00100
-95.27426,28.41190,00100
-95.27261,28.43435,00100
-95.26801,28.45678,00100
-95.26286,28.47601,00100
-95.26212,28.47920,00100
-95.25365,28.50160,00100
-95.25049,28.52404,00100
-95.24529,28.54646,00100
-95.25278,28.56900,00100
-95.26147,28.59154,00100
-95.26160,28.59177,00100
-95.28702,28.60860,00100
-95.29984,28.61432,00100
-95.31238,28.63155,00100
-95.31584,28.63692,00100
-95.31880,28.65941,00100
-95.32530,28.68194,00100
-95.33731,28.69707,00100
-95.34023,28.70452,00100
-95.34655,28.72704,00100
-95.34488,28.74950,00100
-95.35133,28.77202,00100
-95.34813,28.79447,00100
-95.34124,28.81689,00100
-95.34412,28.83938,00100
-95.34588,28.86187,00100
-95.35164,28.88438,00100
-95.36087,28.90526,00100
-95.36148,28.90693,00100
-95.36084,28.90860,00100
-95.35284,28.92934,00100
-95.33484,28.94056,00100
-95.30910,28.94625,00100
-95.29361,28.95135,00100
-95.28329,28.95760,00100
-95.27530,28.97367,00100
-95.28296,28.98944,00100
-95.28635,28.99623,00100
-95.28819,29.01872,00100
-95.29408,29.04125,00100
-95.30340,29.06380,00100
-95.29610,29.08621,00100
-95.28186,29.09157,00100
-95.26037,29.10840,00100
-95.26026,29.13087,00100
-95.27239,29.15345,00100
-95.27489,29.17594,00100
-95.28085,29.18625,00100
-95.29715,29.19860,00100
-95.30638,29.20612,00100
-95.31934,29.22125,00100
-95.33184,29.23471,00100
-95.33974,29.24389,00100
-95.35730,29.26480,00100
-95.38306,29.26582,00100
-95.38380,29.26670,00100
-95.38520,29.28919,00100
-95.38278,29.29363,00100
-95.37391,29.31158,00100
-95.36478,29.33399,00100
-95.35651,29.34301,00100
-95.33913,29.35627,00100
-95.33295,29.37870,00100
-95.33942,29.40123,00100
-95.34289,29.42374,00100
-95.34172,29.44621,00100
-95.34603,29.46872,00100
-95.33547,29.49112,00100
-95.32903,29.50848,00100
-95.30322,29.50681,00100
-95.29219,29.49077,00100
-95.27770,29.47762,00100
-95.25196,29.47064,00100
-95.24139,29.46787,00100
-95.22626,29.45975,00100
-95.21892,29.46768,00100
-95.22015,29.49017,00100
-95.21608,29.51261,00100
-95.22406,29.53516,00100
-95.22540,29.53649,00100
-95.25115,29.54365,00100
-95.26922,29.55802,00100
-95.27622,29.58056,00100
-95.27659,29.58101,00100
-95.29776,29.60322,00100
-95.29756,29.62569,00100
-95.28074,29.64804,00100
-95.27576,29.65700,00100
-95.26134,29.67036,00100
-95.24951,29.69130,00100
-95.23706,29.69263,00100
-95.24933,29.70793,00100
-95.24944,29.71522,00100
-95.24924,29.71619,00100
-95.22321,29.72879,00100
-95.21807,29.71495,00100
-95.22263,29.69251,00100
-95.21832,29.66999,00100
-95.19827,29.64791,00100
-95.17238,29.64904,00100
-95.15260,29.66941,00100
-95.16171,29.69197,00100
-95.16935,29.71452,00100
-95.17152,29.72152,00100
-95.18864,29.73717,00100
-95.19714,29.74482,00100
-95.20750,29.75982,00100
-95.21174,29.78234,00100
-95.22247,29.79301,00100
-95.24834,29.79628,00100
-95.26337,29.80526,00100
-95.26933,29.82779,00100
-95.27387,29.83109,00100
-95.29977,29.83189,00100
-95.30488,29.82808,00100
-95.31126,29.80565,00100
-95.32603,29.79953,00100
-95.33369,29.80582,00100
-95.34693,29.82840,00100
-95.34078,29.85084,00100
-95.34560,29.87336,00100
-95.34010,29.89580,00100
-95.35081,29.91037,00100
-95.35227,29.91837,00100
-95.35723,29.94089,00100
-95.37634,29.95265,00100
-95.40221,29.96068,00100
-95.40886,29.96375,00100
-95.40202,29.97969,00100
-95.39645,29.98615,00100
-95.37596,29.99055,00100
-95.34996,29.99511,00100
-95.32404,29.99134,00100
-95.31596,29.98554,00100
-95.30405,29.96296,00100
-95.30372,29.94047,00100
-95.30798,29.91803,00100
-95.29902,29.90306,00100
-95.28788,29.89538,00100
-95.27325,29.88857,00100
-95.24738,29.88245,00100
-95.22594,29.87239,00100
-95.22552,29.84990,00100
-95.22192,29.84195,00100
-95.19617,29.82775,00100
-95.19196,29.82713,00100
-95.17038,29.81678,00100
-95.14452,29.81212,00100
-95.12016,29.82648,00100
-95.11842,29.82749,00100
-95.09232,29.84263,00100
-95.07890,29.84856,00100
-95.06616,29.86042,00100
-95.05999,29.87086,00100
-95.06576,29.89178,00100
-95.06658,29.89341,00100
-95.09143,29.91218,00100
-95.09352,29.91615,00100
-95.09515,29.93865,00100
-95.10886,29.96126,00100
-95.10140,29.98368,00100
-95.09037,29.99502,00100
-95.06671,30.00582,00100
-95.06740,30.02831,00100
-95.08972,30.04564,00100
-95.09796,30.05109,00100
-95.11552,30.06014,00100
-95.14140,30.06803,00100
-95.14404,30.07400,00100
-95.14302,30.09648,00100
-95.16679,30.11664,00100
-95.17815,30.11927,00100
-95.19249,30.14153,00100
-95.19270,30.14188,00100
-95.21032,30.16452,00100
-95.21759,30.18707,00100
-95.21794,30.18872,00100
-95.23277,30.20967,00100
-95.22767,30.23212,00100
-95.21732,30.24262,00100
-95.21096,30.25446,00100
-95.20741,30.27691,00100
-95.21419,30.29946,00100
-95.21442,30.32194,00100
-95.21630,30.33135,00100
-95.23025,30.34455,00100
-95.24216,30.34722,00100
-95.26588,30.36734,00100
-95.26794,30.37283,00100
-95.28008,30.38993,00100
-95.29367,30.40327,00100
-95.30171,30.41259,00100
-95.31946,30.43004,00100
-95.34551,30.43223,00100
-95.36115,30.41305,00100
-95.37196,30.39458,00100
-95.37434,30.39067,00100
-95.37208,30.38269,00100
-95.37106,30.36816,00100
-95.37228,30.36279,00100
-95.39793,30.34587,00100
-95.39850,30.34542,00100
-95.39937,30.34588,00100
-95.42445,30.35682,00100
-95.45041,30.36697,00100
-95.45154,30.36873,00100
-95.47628,30.38839,00100
-95.50234,30.38851,00100
-95.52843,30.38444,00100
-95.54385,30.36932,00100
-95.55360,30.34690,00100
-95.55482,30.34498,00100
-95.56590,30.32449,00100
-95.56671,30.30201,00100
-95.58122,30.29915,00100
-95.60737,30.28570,00100
-95.61420,30.27980,00100
-95.61852,30.25734,00100
-95.60840,30.23480,00100
-95.60777,30.23211,00100
-95.60239,30.21228,00100
-95.59143,30.18974,00100
-95.58216,30.17829,00100
-95.57902,30.16719,00100
-95.58228,30.16258,00100
-95.60248,30.14484,00100
-95.60856,30.12632,00100
-95.60957,30.12240,00100
-95.60861,30.11943,00100
-95.60193,30.09988,00100
-95.58289,30.08498,00100
-95.57599,30.07724,00100
-95.57253,30.05474,00100
-95.56561,30.03222,00100
-95.56107,30.00971,00100
-95.55765,29.99223,00100
-95.55641,29.98720,00100
-95.55127,29.96469,00100
-95.55370,29.94222,00100
-95.53225,29.92430,00100
-95.53053,29.91960,00100
-95.53237,29.91006,00100
-95.55833,29.90741,00100
-95.58418,29.91830,00100
-95.59156,29.91996,00100
-95.61002,29.93106,00100
-95.62231,29.94262,00100
-95.63581,29.95172,00100
-95.64230,29.94272,00100
-95.65705,29.92032,00100
-95.64940,29.89780,00100
-95.63628,29.88554,00100
-95.62935,29.87521,00100
-95.63651,29.85450,00100
-95.64550,29.85282,00100
-95.66245,29.85182,00100
-95.68842,29.84384,00100
-95.71436,29.84170,00100
-95.72095,29.83072,00100
-95.73009,29.80828,00100
-95.74051,29.80283,00100
-95.76617,29.78596,00100
-95.76652,29.78436,00100
-95.77275,29.76351,00100
-95.76840,29.74101,00100
-95.76686,29.72642,00100
-95.76624,29.71852,00100
-95.76691,29.71753,00100
-95.78195,29.69611,00100
-95.79299,29.68259,00100
-95.80759,29.67374,00100
-95.81892,29.67069,00100
-95.84482,29.66623,00100
-95.87074,29.65708,00100
-95.87860,29.65153,00100
-95.89672,29.63120,00100
-95.90112,29.62913,00100
-95.92262,29.62189,00100
-95.94466,29.60679,00100
-95.94855,29.60415,00100
-95.97204,29.58439,00100
-95.97448,29.58266,00100
-96.00038,29.56842,00100
-96.01089,29.56201,00100
-96.02631,29.54280,00100
-96.02765,29.53958,00100
-96.02687,29.51710,00100
-96.03590,29.49464,00100
-96.02650,29.48002,00100
-96.02483,29.47214,00100
-96.02656,29.46221,00100
-96.03342,29.44968,00100
-96.02666,29.42895,00100
-96.02619,29.42719,00100
-96.02036,29.40469,00100
-96.00655,29.38218,00100
-96.00108,29.36223,00100
-96.00077,29.35969,00100
-95.99691,29.33720,00100
-95.98677,29.31470,00100
-95.99430,29.29224,00100
-95.97564,29.26994,00100
-95.97556,29.26972,00100
-95.97564,29.26931,00100
-95.99248,29.24729,00100
-95.98977,29.22480,00100
-95.98571,29.20231,00100
-95.97592,29.19252,00100
-95.97031,29.17980,00100
-95.96527,29.15731,00100
-95.95521,29.13481,00100
-95.95138,29.11232,00100
-95.95052,29.10345,00100
-95.94943,29.08984,00100
-95.95060,29.08433,00100
-95.96245,29.06740,00100
-95.97179,29.04495,00100
-95.96938,29.02247,00100
-95.96983,29.00000,00100
-95.95995,28.97750,00100
-95.95107,28.96318,00100
-95.94769,28.95499,00100
-95.92994,28.93246,00100
-95.92554,28.92622,00100
-95.92228,28.90997,00100
-95.92568,28.89339,00100
-95.93066,28.88752,00100
-95.92574,28.88024,00100
-95.92101,28.86501,00100
-95.91241,28.84251,00100
-95.90363,28.82002,00100
-95.90037,28.81339,00100
-95.89451,28.79751,00100
-95.87489,28.77670,00100
-95.87434,28.77497,00100
-95.87491,28.77258,00100
-95.89322,28.75256,00100
-95.90067,28.74518,00100
-95.91665,28.73018,00100
-95.92184,28.70772,00100
-95.92649,28.69929,00100
-95.94691,28.68533,00100
-95.95219,28.67797,00100
-95.96958,28.66293,00100
-95.97791,28.64596,00100
-95.98155,28.64049,00100
-96.00359,28.62334,00100
-96.00699,28.61809,00100
-96.02927,28.59665,00100
-96.03071,28.59568,00100
-96.03943,28.57323,00100
-96.05265,28.55079,00100
-96.05504,28.53512,00100
-96.05829,28.52834,00100
-96.06939,28.50590,00100
-96.08073,28.48899,00100
-96.08597,28.48346,00100
-96.08981,28.46100,00100
-96.09185,28.43854,00100
-96.08090,28.42355,00100
-96.07901,28.41605,00100
-96.08093,28.41239,00100
-96.10381,28.39363,00100
-96.10654,28.38687,00100
-96.11457,28.37118,00100
-96.13213,28.36076,00100
-96.15766,28.35710,00100
-96.18320,28.35242,00100
-96.19183,28.34883,00100
-96.20873,28.34114,00100
-96.23428,28.32771,00100
-96.23495,28.32640,00100
-96.23941,28.30394,00100
-96.24233,28.28148,00100
-96.24289,28.25902,00100
-96.24502,28.23656,00100
-96.24380,28.21409,00100
-96.24792,28.19164,00100
-96.24774,28.16917,00100
-96.25229,28.14672,00100
-96.25469,28.12425,00100
-96.25935,28.10180,00100
-96.25997,28.09853,00100
-96.26404,28.07934,00100
-96.26604,28.05688,00100
-96.26539,28.03442,00100
-96.26559,28.01196,00100
-96.27085,27.98951,00100
-96.27225,27.96704,00100
-96.28551,27.94650,00100
-96.28828,27.94459,00100
-96.29430,27.92214,00100
-96.30888,27.89968,00100
-96.31095,27.88309,00100
-96.31311,27.87723,00100
-96.31841,27.85477,00100
-96.32334,27.83232,00100
-96.32945,27.80986,00100
-96.33636,27.80082,00100
-96.34724,27.78741,00100
-96.36174,27.77477,00100
-96.37118,27.76495,00100
-96.37941,27.74249,00100
-96.38709,27.73639,00100
-96.39610,27.72003,00100
-96.40002,27.69757,00100
-96.40952,27.67511,00100
-96.41241,27.66069,00100
-96.41402,27.65266,00100
-96.41586,27.63021,00100
-96.41663,27.60776,00100
-96.41615,27.58530,00100
-96.41515,27.56285,00100
-96.41443,27.54040,00100
-96.41265,27.51795,00100
-96.41324,27.49551,00100
-96.41276,27.47305,00100
-96.41251,27.45061,00100
-96.41224,27.44385,00100
-96.41148,27.42816,00100
-96.41121,27.40571,00100
-96.41144,27.38326,00100
-96.40990,27.36082,00100
-96.40433,27.33838,00100
-96.40246,27.31593,00100
-96.39767,27.29349,00100
-96.40157,27.27105,00100
-96.39741,27.24860,00100
-96.40083,27.22616,00100
-96.39551,27.20371,00100
-96.38720,27.18127,00100
-96.38681,27.17853,00100
-96.37182,27.15884,00100
-96.36158,27.15621,00100
-96.33636,27.14532,00100
-96.31114,27.14024,00100
-96.29771,27.13639,00100
-96.28593,27.13260,00100
-96.26071,27.12469,00100
-96.24696,27.11393,00100
       </coordinates>
      </LinearRing>
     </outerBoundaryIs>
    </Polygon>
    <Polygon>
     <extrude>1</extrude>
     <altitudeMode>clampToGround</altitudeMode>
     <outerBoundaryIs>
      <LinearRing>
       <coordinates>
-96.18543,28.70830,00100
-96.18265,28.70597,00100
-96.18045,28.70829,00100
-96.17994,28.73077,00100
-96.18260,28.73531,00100
-96.18552,28.73077,00100
-96.18543,28.70830,00100
       </coordinates>
      </LinearRing>
     </outerBoundaryIs>
    </Polygon>
    <Polygon>
     <extrude>1</extrude>
     <altitudeMode>clampToGround</altitudeMode>
     <outerBoundaryIs>
      <LinearRing>
       <coordinates>
-95.20919,29.19786,00100
-95.20354,29.19181,00100
-95.17782,29.19055,00100
-95.17495,29.19756,00100
-95.16505,29.21994,00100
-95.16209,29.24240,00100
-95.15813,29.26484,00100
-95.16191,29.28735,00100
-95.17545,29.30995,00100
-95.17638,29.31257,00100
-95.19169,29.33257,00100
-95.20181,29.34189,00100
-95.22752,29.34897,00100
-95.25327,29.35258,00100
-95.25612,29.35560,00100
-95.26263,29.37814,00100
-95.27866,29.38893,00100
-95.30448,29.38669,00100
-95.32565,29.37865,00100
-95.32051,29.35613,00100
-95.30487,29.35026,00100
-95.27914,29.34400,00100
-95.26570,29.33321,00100
-95.26315,29.31071,00100
-95.25397,29.28900,00100
-95.25309,29.28815,00100
-95.24383,29.26559,00100
-95.24025,29.24308,00100
-95.22890,29.22729,00100
-95.22573,29.22048,00100
-95.20919,29.19786,00100
       </coordinates>
      </LinearRing>
     </outerBoundaryIs>
     <innerBoundaryIs>
      <LinearRing>
       <coordinates>
-95.41535,29.71651,00100
-95.43063,29.69490,00100
-95.45633,29.71396,00100
-95.45892,29.71681,00100
-95.46129,29.73930,00100
-95.45596,29.75477,00100
-95.43003,29.75911,00100
-95.42325,29.73904,00100
-95.41535,29.71651,00100
       </coordinates>
      </LinearRing>
     </innerBoundaryIs>
     <innerBoundaryIs>
      <LinearRing>
       <coordinates>
-95.68510,29.76310,00100
-95.68897,29.76082,00100
-95.69367,29.76315,00100
-95.68884,29.78054,00100
-95.68510,29.76310,00100
       </coordinates>
      </LinearRing>
     </innerBoundaryIs>
     <innerBoundaryIs>
      <LinearRing>
       <coordinates>
-95.26527,29.76031,00100
-95.27471,29.75401,00100
-95.30058,29.75684,00100
-95.30453,29.76063,00100
-95.30763,29.78314,00100
-95.30016,29.79601,00100
-95.27423,29.79792,00100
-95.26185,29.78276,00100
-95.26527,29.76031,00100
       </coordinates>
      </LinearRing>
     </innerBoundaryIs>
     <innerBoundaryIs>
      <LinearRing>
       <coordinates>
-95.53149,29.85216,00100
-95.53287,29.84952,00100
-95.53402,29.85218,00100
-95.54225,29.87471,00100
-95.53259,29.88386,00100
-95.52795,29.87462,00100
-95.53149,29.85216,00100
       </coordinates>
      </LinearRing>
     </innerBoundaryIs>
    </Polygon>
    <Polygon>
     <extrude>1</extrude>
     <altitudeMode>clampToGround</altitudeMode>
     <outerBoundaryIs>
      <LinearRing>
       <coordinates>
-95.74424,29.87579,00100
-95.74019,29.85471,00100
-95.73306,29.87574,00100
-95.74004,29.88006,00100
-95.74424,29.87579,00100
       </coordinates>
      </LinearRing>
     </outerBoundaryIs>
    </Polygon>
    <Polygon>
     <extrude>1</extrude>
     <altitudeMode>clampToGround</altitudeMode>
     <outerBoundaryIs>
      <LinearRing>
       <coordinates>
-95.03975,29.96059,00100
-95.03893,29.95886,00100
-95.03776,29.96057,00100
-95.03881,29.96836,00100
-95.03975,29.96059,00100
       </coordinates>
      </LinearRing>
     </outerBoundaryIs>
    </Polygon>
    <Polygon>
     <extrude>1</extrude>
     <altitudeMode>clampToGround</altitudeMode>
     <outerBoundaryIs>
      <LinearRing>
       <coordinates>
-94.94112,30.00453,00100
-94.93452,30.00107,00100
-94.92937,30.00440,00100
-94.92444,30.02683,00100
-94.93404,30.03528,00100
-94.95016,30.02711,00100
-94.94112,30.00453,00100
       </coordinates>
      </LinearRing>
     </outerBoundaryIs>
     <innerBoundaryIs>
      <LinearRing>
       <coordinates>
-95.47791,30.07663,00100
-95.47903,30.07611,00100
-95.47933,30.07664,00100
-95.47902,30.07828,00100
-95.47791,30.07663,00100
       </coordinates>
      </LinearRing>
     </innerBoundaryIs>
    </Polygon>
    <Polygon>
     <extrude>1</extrude>
     <altitudeMode>clampToGround</altitudeMode>
     <outerBoundaryIs>
      <LinearRing>
       <coordinates>
-94.79298,30.07030,00100
-94.77774,30.06473,00100
-94.77209,30.07005,00100
-94.75135,30.08981,00100
-94.73651,30.09211,00100
-94.72532,30.09301,00100
-94.70907,30.11425,00100
-94.71469,30.13680,00100
-94.72444,30.14577,00100
-94.75029,30.15490,00100
-94.75345,30.15976,00100
-94.75654,30.18228,00100
-94.76555,30.20488,00100
-94.77200,30.22744,00100
-94.77508,30.23099,00100
-94.79919,30.22777,00100
-94.80116,30.22706,00100
-94.81001,30.20541,00100
-94.82169,30.18306,00100
-94.82203,30.16058,00100
-94.81126,30.13797,00100
-94.80260,30.13579,00100
-94.77668,30.13090,00100
-94.76895,30.11498,00100
-94.76632,30.09247,00100
-94.77738,30.08699,00100
-94.79298,30.07030,00100
       </coordinates>
      </LinearRing>
     </outerBoundaryIs>
     <innerBoundaryIs>
      <LinearRing>
       <coordinates>
-95.42642,30.12124,00100
-95.42666,30.12081,00100
-95.45274,30.11059,00100
-95.45804,30.12146,00100
-95.45261,30.12578,00100
-95.42665,30.12160,00100
-95.42642,30.12124,00100
       </coordinates>
      </LinearRing>
     </innerBoundaryIs>
    </Polygon>
    <Polygon>
     <extrude>1</extrude>
     <altitudeMode>clampToGround</altitudeMode>
     <outerBoundaryIs>
      <LinearRing>
       <coordinates>
-95.05906,30.11816,00100
-95.03696,30.10686,00100
-95.01102,30.10324,00100
-94.98511,30.09794,00100
-94.97596,30.11732,00100
-94.98461,30.13346,00100
-95.01066,30.12966,00100
-95.03658,30.13486,00100
-95.05906,30.11816,00100
       </coordinates>
      </LinearRing>
     </outerBoundaryIs>
     <innerBoundaryIs>
      <LinearRing>
       <coordinates>
-95.46381,30.14398,00100
-95.47855,30.13096,00100
-95.48524,30.14413,00100
-95.50426,30.16458,00100
-95.50513,30.16674,00100
-95.50408,30.18564,00100
-95.50275,30.18921,00100
-95.47795,30.19908,00100
-95.47056,30.18899,00100
-95.46272,30.16646,00100
-95.46381,30.14398,00100
       </coordinates>
      </LinearRing>
     </innerBoundaryIs>
    </Polygon>
    <Polygon>
     <extrude>1</extrude>
     <altitudeMode>clampToGround</altitudeMode>
     <outerBoundaryIs>
      <LinearRing>
       <coordinates>
-95.09170,30.14095,00100
-95.08862,30.13149,00100
-95.08041,30.14085,00100
-95.07241,30.16325,00100
-95.07994,30.18581,00100
-95.08788,30.18977,00100
-95.10432,30.20852,00100
-95.10432,30.23101,00100
-95.10194,30.25347,00100
-95.10686,30.27600,00100
-95.11266,30.28721,00100
-95.13540,30.29875,00100
-95.13853,30.30036,00100
-95.14092,30.29880,00100
-95.16479,30.28273,00100
-95.17259,30.27660,00100
-95.18060,30.25419,00100
-95.17422,30.23166,00100
-95.16743,30.20910,00100
-95.16575,30.20317,00100
-95.16016,30.18656,00100
-95.15099,30.16399,00100
-95.14033,30.15500,00100
-95.11435,30.15307,00100
-95.09170,30.14095,00100
       </coordinates>
      </LinearRing>
     </outerBoundaryIs>
    </Polygon>
    <Polygon>
     <extrude>1</extrude>
     <altitudeMode>clampToGround</altitudeMode>
     <outerBoundaryIs>
      <LinearRing>
       <coordinates>
-95.94772,30.16881,00100
-95.94631,30.16604,00100
-95.93853,30.16878,00100
-95.94629,30.17091,00100
-95.94772,30.16881,00100
       </coordinates>
      </LinearRing>
     </outerBoundaryIs>
    </Polygon>
    <Polygon>
     <extrude>1</extrude>
     <altitudeMode>clampToGround</altitudeMode>
     <outerBoundaryIs>
      <LinearRing>
       <coordinates>
-96.05596,30.21405,00100
-96.05021,30.20443,00100
-96.02420,30.20273,00100
-96.01702,30.21396,00100
-96.01941,30.23645,00100
-96.02198,30.25894,00100
-96.02400,30.26535,00100
-96.05002,30.26805,00100
-96.05365,30.25901,00100
-96.05506,30.23654,00100
-96.05596,30.21405,00100
       </coordinates>
      </LinearRing>
     </outerBoundaryIs>
     <innerBoundaryIs>
      <LinearRing>
       <coordinates>
-95.51839,30.21179,00100
-95.52990,30.20878,00100
-95.54057,30.21192,00100
-95.55576,30.22863,00100
-95.55909,30.23452,00100
-95.56517,30.25704,00100
-95.56544,30.27952,00100
-95.55519,30.29836,00100
-95.52917,30.29545,00100
-95.51633,30.27922,00100
-95.51508,30.25673,00100
-95.51706,30.23426,00100
-95.51839,30.21179,00100
       </coordinates>
      </LinearRing>
     </innerBoundaryIs>
     <innerBoundaryIs>
      <LinearRing>
       <coordinates>
-95.37180,30.21078,00100
-95.37381,30.20850,00100
-95.39987,30.20318,00100
-95.40430,30.21102,00100
-95.40075,30.23348,00100
-95.39957,30.23499,00100
-95.38042,30.23333,00100
-95.37359,30.23028,00100
-95.37180,30.21078,00100
       </coordinates>
      </LinearRing>
     </innerBoundaryIs>
     <innerBoundaryIs>
      <LinearRing>
       <coordinates>
-95.24755,30.20980,00100
-95.26991,30.19429,00100
-95.29583,30.20200,00100
-95.30315,30.21026,00100
-95.30092,30.23273,00100
-95.29546,30.23674,00100
-95.26942,30.23817,00100
-95.25223,30.23233,00100
-95.24755,30.20980,00100
       </coordinates>
      </LinearRing>
     </innerBoundaryIs>
    </Polygon>
    <Polygon>
     <extrude>1</extrude>
     <altitudeMode>clampToGround</altitudeMode>
     <outerBoundaryIs>
      <LinearRing>
       <coordinates>
-95.04503,30.23044,00100
-95.03558,30.21029,00100
-95.00941,30.22080,00100
-94.99315,30.22991,00100
-94.99517,30.25241,00100
-94.99107,30.27485,00100
-94.98247,30.28741,00100
-94.95706,30.27450,00100
-94.95662,30.27408,00100
-94.93072,30.26482,00100
-94.90488,30.25227,00100
-94.87885,30.25169,00100
-94.86649,30.27351,00100
-94.86363,30.29596,00100
-94.85950,30.31840,00100
-94.85925,30.34088,00100
-94.86219,30.36340,00100
-94.87039,30.38597,00100
-94.87674,30.39251,00100
-94.90275,30.39655,00100
-94.90896,30.40889,00100
-94.90240,30.41988,00100
-94.89362,30.43120,00100
-94.87602,30.44032,00100
-94.85910,30.45330,00100
-94.85551,30.47574,00100
-94.87523,30.49304,00100
-94.89561,30.49867,00100
-94.90121,30.50045,00100
-94.92714,30.51200,00100
-94.95321,30.51398,00100
-94.97515,30.52201,00100
-94.97916,30.52440,00100
-95.00514,30.53289,00100
-95.02103,30.54497,00100
-95.03100,30.55124,00100
-95.03794,30.54514,00100
-95.05741,30.52806,00100
-95.06019,30.52287,00100
-95.06950,30.50048,00100
-95.08392,30.49634,00100
-95.08742,30.50065,00100
-95.09819,30.52324,00100
-95.10940,30.54561,00100
-95.10961,30.54583,00100
-95.13534,30.55878,00100
-95.16149,30.55526,00100
-95.16785,30.54636,00100
-95.17993,30.52399,00100
-95.18713,30.50157,00100
-95.18834,30.49314,00100
-95.19128,30.50160,00100
-95.21423,30.51091,00100
-95.24033,30.51039,00100
-95.26633,30.51888,00100
-95.28177,30.52485,00100
-95.29228,30.53209,00100
-95.29681,30.52497,00100
-95.29258,30.50476,00100
-95.29191,30.50245,00100
-95.29220,30.47997,00100
-95.29233,30.45748,00100
-95.28452,30.43494,00100
-95.26742,30.42014,00100
-95.24141,30.41437,00100
-95.23865,30.41208,00100
-95.22421,30.38947,00100
-95.21574,30.37928,00100
-95.20866,30.36685,00100
-95.19006,30.34753,00100
-95.16404,30.34495,00100
-95.15858,30.34393,00100
-95.13805,30.33980,00100
-95.13132,30.34368,00100
-95.11169,30.36452,00100
-95.11058,30.36597,00100
-95.11163,30.36851,00100
-95.11637,30.38851,00100
-95.13723,30.40598,00100
-95.14085,30.41122,00100
-95.13706,30.41935,00100
-95.11090,30.42646,00100
-95.10408,30.43336,00100
-95.08462,30.44269,00100
-95.06062,30.43294,00100
-95.05879,30.42372,00100
-95.05586,30.41041,00100
-95.03319,30.38859,00100
-95.02082,30.41006,00100
-95.02259,30.43257,00100
-95.03246,30.44272,00100
-95.05467,30.45536,00100
-95.05359,30.47784,00100
-95.03183,30.48952,00100
-95.00581,30.48428,00100
-94.99554,30.47725,00100
-94.98508,30.45466,00100
-94.98016,30.45290,00100
-94.96567,30.43198,00100
-94.95569,30.40939,00100
-94.95472,30.40804,00100
-94.92880,30.39731,00100
-94.90889,30.38640,00100
-94.91018,30.36393,00100
-94.91624,30.34151,00100
-94.92472,30.31912,00100
-94.93011,30.30662,00100
-94.95620,30.30362,00100
-94.95997,30.31950,00100
-94.98174,30.33997,00100
-94.98472,30.34224,00100
-95.00748,30.36197,00100
-95.03351,30.36493,00100
-95.05961,30.36133,00100
-95.06928,30.34309,00100
-95.06963,30.32061,00100
-95.07134,30.29814,00100
-95.06947,30.27564,00100
-95.06304,30.25310,00100
-95.06107,30.24982,00100
-95.04503,30.23044,00100
       </coordinates>
      </LinearRing>
     </outerBoundaryIs>
    </Polygon>
    <Polygon>
     <extrude>1</extrude>
     <altitudeMode>clampToGround</altitudeMode>
     <outerBoundaryIs>
      <LinearRing>
       <coordinates>
-95.42992,30.45851,00100
-95.42352,30.45626,00100
-95.39745,30.45397,00100
-95.38541,30.45819,00100
-95.38490,30.48067,00100
-95.39705,30.49539,00100
-95.42319,30.48987,00100
-95.43642,30.48104,00100
-95.42992,30.45851,00100
       </coordinates>
      </LinearRing>
     </outerBoundaryIs>
    </Polygon>
    <Polygon>
     <extrude>1</extrude>
     <altitudeMode>clampToGround</altitudeMode>
     <outerBoundaryIs>
      <LinearRing>
       <coordinates>
-94.80418,30.45266,00100
-94.79765,30.44898,00100
-94.77486,30.45232,00100
-94.77148,30.45390,00100
-94.76577,30.47469,00100
-94.77100,30.48362,00100
-94.79697,30.49141,00100
-94.81422,30.47527,00100
-94.80418,30.45266,00100
       </coordinates>
      </LinearRing>
     </outerBoundaryIs>
    </Polygon>
    <Polygon>
     <extrude>1</extrude>
     <altitudeMode>clampToGround</altitudeMode>
     <outerBoundaryIs>
      <LinearRing>
       <coordinates>
-95.63969,30.50477,00100
-95.63184,30.50118,00100
-95.62521,30.50469,00100
-95.62002,30.52714,00100
-95.63158,30.53584,00100
-95.64878,30.52730,00100
-95.63969,30.50477,00100
       </coordinates>
      </LinearRing>
     </outerBoundaryIs>
    </Polygon>
    <Polygon>
     <extrude>1</extrude>
     <altitudeMode>clampToGround</altitudeMode>
     <outerBoundaryIs>
      <LinearRing>
       <coordinates>
-94.70410,30.51891,00100
-94.69238,30.50444,00100
-94.66640,30.51843,00100
-94.68404,30.54114,00100
-94.69166,30.54677,00100
-94.69655,30.54130,00100
-94.70410,30.51891,00100
       </coordinates>
      </LinearRing>
     </outerBoundaryIs>
    </Polygon>
    <Polygon>
     <extrude>1</extrude>
     <altitudeMode>clampToGround</altitudeMode>
     <outerBoundaryIs>
      <LinearRing>
       <coordinates>
-95.18854,30.61400,00100
-95.18693,30.61223,00100
-95.18394,30.61396,00100
-95.18687,30.61729,00100
-95.18854,30.61400,00100
       </coordinates>
      </LinearRing>
     </outerBoundaryIs>
    </Polygon>
    <Polygon>
     <extrude>1</extrude>
     <altitudeMode>clampToGround</altitudeMode>
     <outerBoundaryIs>
      <LinearRing>
       <coordinates>
-95.48777,30.66125,00100
-95.47386,30.66028,00100
-95.47325,30.66115,00100
-95.47384,30.66305,00100
-95.48777,30.66125,00100
       </coordinates>
      </LinearRing>
     </outerBoundaryIs>
    </Polygon>
    <Polygon>
     <extrude>1</extrude>
     <altitudeMode>clampToGround</altitudeMode>
     <outerBoundaryIs>
      <LinearRing>
       <coordinates>
-95.11673,30.65832,00100
-95.10805,30.65200,00100
-95.08199,30.64623,00100
-95.07101,30.65788,00100
-95.06767,30.68033,00100
-95.06981,30.70283,00100
-95.05639,30.72518,00100
-95.05480,30.72572,00100
-95.02863,30.72644,00100
-95.02596,30.72488,00100
-95.00421,30.70218,00100
-95.00282,30.70122,00100
-94.97678,30.69432,00100
-94.96891,30.70182,00100
-94.96295,30.72424,00100
-94.95116,30.74660,00100
-94.95077,30.76908,00100
-94.94948,30.77451,00100
-94.93804,30.79143,00100
-94.92285,30.80595,00100
-94.91911,30.81371,00100
-94.92260,30.82272,00100
-94.94859,30.83628,00100
-94.96828,30.81423,00100
-94.97514,30.81024,00100
-94.98843,30.81444,00100
-95.00103,30.83138,00100
-95.00294,30.83707,00100
-95.02227,30.85975,00100
-95.02676,30.86481,00100
-95.03880,30.88240,00100
-95.05257,30.89305,00100
-95.05722,30.90506,00100
-95.06322,30.92760,00100
-95.07811,30.94426,00100
-95.09128,30.95036,00100
-95.10410,30.96164,00100
-95.10905,30.97301,00100
-95.12993,30.99324,00100
-95.15618,30.99113,00100
-95.16716,30.97354,00100
-95.16479,30.95104,00100
-95.15686,30.93581,00100
-95.14727,30.92840,00100
-95.13911,30.90584,00100
-95.13118,30.89291,00100
-95.12727,30.88325,00100
-95.11708,30.86067,00100
-95.10549,30.85285,00100
-95.07941,30.84424,00100
-95.06786,30.83772,00100
-95.06313,30.81519,00100
-95.06680,30.79274,00100
-95.06737,30.77026,00100
-95.06949,30.74780,00100
-95.08086,30.73311,00100
-95.10709,30.72672,00100
-95.12651,30.74834,00100
-95.12515,30.77081,00100
-95.13260,30.77921,00100
-95.14439,30.77099,00100
-95.13687,30.74843,00100
-95.13320,30.73084,00100
-95.11613,30.72576,00100
-95.13353,30.70343,00100
-95.12488,30.68087,00100
-95.11673,30.65832,00100
       </coordinates>
      </LinearRing>
     </outerBoundaryIs>
    </Polygon>
    <Polygon>
     <extrude>1</extrude>
     <altitudeMode>clampToGround</altitudeMode>
     <outerBoundaryIs>
      <LinearRing>
       <coordinates>
-94.91370,30.67875,00100
-94.89880,30.66298,00100
-94.87247,30.67557,00100
-94.87135,30.67828,00100
-94.87240,30.68047,00100
-94.89847,30.68509,00100
-94.91370,30.67875,00100
       </coordinates>
      </LinearRing>
     </outerBoundaryIs>
    </Polygon>
    <Polygon>
     <extrude>1</extrude>
     <altitudeMode>clampToGround</altitudeMode>
     <outerBoundaryIs>
      <LinearRing>
       <coordinates>
-95.58295,30.70679,00100
-95.57808,30.70208,00100
-95.56416,30.70668,00100
-95.55172,30.72843,00100
-95.55129,30.72909,00100
-95.55171,30.72928,00100
-95.57784,30.73362,00100
-95.58413,30.72928,00100
-95.58295,30.70679,00100
       </coordinates>
      </LinearRing>
     </outerBoundaryIs>
    </Polygon>
    <Polygon>
     <extrude>1</extrude>
     <altitudeMode>clampToGround</altitudeMode>
     <outerBoundaryIs>
      <LinearRing>
       <coordinates>
-94.80643,30.70002,00100
-94.79372,30.69547,00100
-94.78143,30.69972,00100
-94.76732,30.71139,00100
-94.76315,30.72199,00100
-94.76693,30.73547,00100
-94.77678,30.74464,00100
-94.79262,30.76476,00100
-94.80727,30.74500,00100
-94.81944,30.72337,00100
-94.82023,30.72266,00100
-94.81946,30.72202,00100
-94.80643,30.70002,00100
       </coordinates>
      </LinearRing>
     </outerBoundaryIs>
    </Polygon>
    <Polygon>
     <extrude>1</extrude>
     <altitudeMode>clampToGround</altitudeMode>
     <outerBoundaryIs>
      <LinearRing>
       <coordinates>
-94.58985,30.76476,00100
-94.58333,30.76244,00100
-94.58146,30.76465,00100
-94.58323,30.76777,00100
-94.58985,30.76476,00100
       </coordinates>
      </LinearRing>
     </outerBoundaryIs>
    </Polygon>
    <Polygon>
     <extrude>1</extrude>
     <altitudeMode>clampToGround</altitudeMode>
     <outerBoundaryIs>
      <LinearRing>
       <coordinates>
-95.18737,30.81634,00100
-95.18452,30.81368,00100
-95.18153,30.81629,00100
-95.18443,30.82155,00100
-95.18737,30.81634,00100
       </coordinates>
      </LinearRing>
     </outerBoundaryIs>
    </Polygon>
    <Polygon>
     <extrude>1</extrude>
     <altitudeMode>clampToGround</altitudeMode>
     <outerBoundaryIs>
      <LinearRing>
       <coordinates>
-94.79705,30.81233,00100
-94.79205,30.80074,00100
-94.78157,30.81215,00100
-94.78648,30.83469,00100
-94.79134,30.84504,00100
-94.80109,30.85735,00100
-94.79639,30.87978,00100
-94.80033,30.90231,00100
-94.80573,30.92485,00100
-94.81605,30.93856,00100
-94.83673,30.94769,00100
-94.84209,30.94946,00100
-94.85515,30.97039,00100
-94.86244,30.99295,00100
-94.86761,30.99600,00100
-94.89382,30.99679,00100
-94.90224,30.99339,00100
-94.91149,30.97101,00100
-94.90690,30.94848,00100
-94.89474,30.93489,00100
-94.87569,30.92565,00100
-94.86886,30.91344,00100
-94.86610,30.90306,00100
-94.85471,30.88045,00100
-94.84854,30.85789,00100
-94.84360,30.85238,00100
-94.81746,30.84897,00100
-94.79782,30.83482,00100
-94.79705,30.81233,00100
       </coordinates>
      </LinearRing>
     </outerBoundaryIs>
    </Polygon>
    <Polygon>
     <extrude>1</extrude>
     <altitudeMode>clampToGround</altitudeMode>
     <outerBoundaryIs>
      <LinearRing>
       <coordinates>
-94.53278,30.85393,00100
-94.52930,30.85275,00100
-94.52772,30.85386,00100
-94.52023,30.87624,00100
-94.52866,30.88679,00100
-94.55371,30.87670,00100
-94.53278,30.85393,00100
       </coordinates>
      </LinearRing>
     </outerBoundaryIs>
    </Polygon>
    <Polygon>
     <extrude>1</extrude>
     <altitudeMode>clampToGround</altitudeMode>
     <outerBoundaryIs>
      <LinearRing>
       <coordinates>
-95.23692,30.92918,00100
-95.23564,30.92257,00100
-95.23377,30.92915,00100
-95.23542,30.94202,00100
-95.23692,30.92918,00100
       </coordinates>
      </LinearRing>
     </outerBoundaryIs>
    </Polygon>
    <Polygon>
     <extrude>1</extrude>
     <altitudeMode>clampToGround</altitudeMode>
     <outerBoundaryIs>
      <LinearRing>
       <coordinates>
-94.97531,30.92672,00100
-94.97351,30.92614,00100
-94.97343,30.92670,00100
-94.97350,30.92678,00100
-94.97531,30.92672,00100
       </coordinates>
      </LinearRing>
     </outerBoundaryIs>
    </Polygon>
    <Polygon>
     <extrude>1</extrude>
     <altitudeMode>clampToGround</altitudeMode>
     <outerBoundaryIs>
      <LinearRing>
       <coordinates>
-95.23783,30.97415,00100
-95.23525,30.95719,00100
-95.23093,30.97409,00100
-95.23502,30.97735,00100
-95.23783,30.97415,00100
       </coordinates>
      </LinearRing>
     </outerBoundaryIs>
    </Polygon>
    <Polygon>
     <extrude>1</extrude>
     <altitudeMode>clampToGround</altitudeMode>
     <outerBoundaryIs>
      <LinearRing>
       <coordinates>
-94.68825,30.96840,00100
-94.68454,30.96428,00100
-94.65827,30.96717,00100
-94.63225,30.95580,00100
-94.61729,30.96749,00100
-94.63184,30.97919,00100
-94.65823,30.96906,00100
-94.68438,30.97360,00100
-94.68825,30.96840,00100
       </coordinates>
      </LinearRing>
     </outerBoundaryIs>
    </Polygon>
    <Polygon>
     <extrude>1</extrude>
     <altitudeMode>clampToGround</altitudeMode>
     <outerBoundaryIs>
      <LinearRing>
       <coordinates>
-94.50211,30.96593,00100
-94.50098,30.96464,00100
-94.47478,30.96333,00100
-94.47327,30.96552,00100
-94.47469,30.96837,00100
-94.50093,30.96741,00100
-94.50211,30.96593,00100
       </coordinates>
      </LinearRing>
     </outerBoundaryIs>
    </Polygon>
    <Polygon>
     <extrude>1</extrude>
     <altitudeMode>clampToGround</altitudeMode>
     <outerBoundaryIs>
      <LinearRing>
       <coordinates>
-94.82387,31.01500,00100
-94.81487,31.01379,00100
-94.78887,30.99886,00100
-94.77429,31.01442,00100
-94.78106,31.03698,00100
-94.78814,31.04419,00100
-94.80535,31.03727,00100
-94.81480,31.01780,00100
-94.82387,31.01500,00100
       </coordinates>
      </LinearRing>
     </outerBoundaryIs>
    </Polygon>
    <Polygon>
     <extrude>1</extrude>
     <altitudeMode>clampToGround</altitudeMode>
     <outerBoundaryIs>
      <LinearRing>
       <coordinates>
-94.95596,31.06142,00100
-94.94562,31.04254,00100
-94.91920,31.05437,00100
-94.91718,31.06101,00100
-94.91563,31.08348,00100
-94.91128,31.10591,00100
-94.91667,31.12846,00100
-94.91810,31.12964,00100
-94.94420,31.14093,00100
-94.95619,31.15136,00100
-94.95941,31.17387,00100
-94.96976,31.19093,00100
-94.98315,31.19660,00100
-94.99588,31.20253,00100
-95.00526,31.21931,00100
-95.01405,31.24188,00100
-95.02151,31.25020,00100
-95.04774,31.25532,00100
-95.07076,31.24244,00100
-95.07434,31.23222,00100
-95.09065,31.22015,00100
-95.10088,31.21288,00100
-95.10443,31.22028,00100
-95.12694,31.23154,00100
-95.15325,31.22990,00100
-95.17950,31.23405,00100
-95.19651,31.22111,00100
-95.19566,31.19862,00100
-95.18939,31.17608,00100
-95.18034,31.16345,00100
-95.16727,31.15341,00100
-95.15423,31.15038,00100
-95.12800,31.14731,00100
-95.11456,31.15293,00100
-95.10340,31.17530,00100
-95.10126,31.18407,00100
-95.07541,31.19752,00100
-95.07479,31.19819,00100
-95.07462,31.19752,00100
-95.04861,31.19055,00100
-95.02237,31.18738,00100
-95.01411,31.17444,00100
-95.00835,31.15190,00100
-94.99676,31.13924,00100
-94.97057,31.13358,00100
-94.96539,31.12897,00100
-94.96188,31.10645,00100
-94.95843,31.08393,00100
-94.95596,31.06142,00100
       </coordinates>
      </LinearRing>
     </outerBoundaryIs>
    </Polygon>
    <Polygon>
     <extrude>1</extrude>
     <altitudeMode>clampToGround</altitudeMode>
     <outerBoundaryIs>
      <LinearRing>
       <coordinates>
-94.60416,31.25961,00100
-94.60065,31.25487,00100
-94.57440,31.25174,00100
-94.56681,31.25911,00100
-94.56908,31.28163,00100
-94.57378,31.28561,00100
-94.60014,31.28284,00100
-94.60094,31.28205,00100
-94.60416,31.25961,00100
       </coordinates>
      </LinearRing>
     </outerBoundaryIs>
    </Polygon>
    <Polygon>
     <extrude>1</extrude>
     <altitudeMode>clampToGround</altitudeMode>
     <outerBoundaryIs>
      <LinearRing>
       <coordinates>
-95.09963,31.35513,00100
-95.09906,31.35460,00100
-95.07275,31.35409,00100
-95.07188,31.35486,00100
-95.07001,31.37732,00100
-95.07240,31.38012,00100
-95.09871,31.38230,00100
-95.10302,31.37764,00100
-95.09963,31.35513,00100
       </coordinates>
      </LinearRing>
     </outerBoundaryIs>
    </Polygon>
    <Polygon>
     <extrude>1</extrude>
     <altitudeMode>clampToGround</altitudeMode>
     <outerBoundaryIs>
      <LinearRing>
       <coordinates>
-94.50003,31.41558,00100
-94.49253,31.40673,00100
-94.47612,31.41525,00100
-94.49210,31.42963,00100
-94.50003,31.41558,00100
       </coordinates>
      </LinearRing>
     </outerBoundaryIs>
    </Polygon>
    <Polygon>
     <extrude>1</extrude>
     <altitudeMode>clampToGround</altitudeMode>
     <outerBoundaryIs>
      <LinearRing>
       <coordinates>
-94.44112,31.50468,00100
-94.43797,31.50196,00100
-94.43318,31.50456,00100
-94.42696,31.52696,00100
-94.43735,31.53317,00100
-94.44544,31.52722,00100
-94.44112,31.50468,00100
       </coordinates>
      </LinearRing>
     </outerBoundaryIs>
    </Polygon>
   </MultiGeometry>
  </Placemark>
  <Placemark>
   <name>Contour Level: 1.0E-14 mass/m3</name>
   <Snippet maxLines="0"></Snippet>
   <TimeSpan>
    <begin>2026-01-25T15:00:00Z</begin>
    <end>2026-01-25T16:00:00Z</end>
   </TimeSpan>
   <styleUrl>#conc3</styleUrl>
   <MultiGeometry>
    <Polygon>
     <extrude>1</extrude>
     <altitudeMode>clampToGround</altitudeMode>
     <outerBoundaryIs>
      <LinearRing>
       <coordinates>
-95.96172,27.71949,00300
-95.95589,27.71664,00300
-95.93053,27.71574,00300
-95.90520,27.71008,00300
-95.87982,27.71185,00300
-95.85445,27.71265,00300
-95.82906,27.71809,00300
-95.82668,27.71902,00300
-95.80365,27.72737,00300
-95.77830,27.72493,00300
-95.75290,27.73026,00300
-95.72752,27.73147,00300
-95.70211,27.73898,00300
-95.69897,27.74090,00300
-95.67664,27.75405,00300
-95.67017,27.76321,00300
-95.66560,27.78564,00300
-95.65814,27.80805,00300
-95.65428,27.83049,00300
-95.65065,27.84306,00300
-95.64642,27.85291,00300
-95.63866,27.87532,00300
-95.62488,27.89579,00300
-95.62376,27.89769,00300
-95.60185,27.92003,00300
-95.59927,27.92212,00300
-95.57378,27.93261,00300
-95.55132,27.94218,00300
-95.54827,27.94316,00300
-95.52277,27.95179,00300
-95.49726,27.96255,00300
-95.49355,27.96427,00300
-95.47829,27.98663,00300
-95.47153,27.99735,00300
-95.46755,28.00902,00300
-95.46431,28.03146,00300
-95.45866,28.05388,00300
-95.45142,28.07629,00300
-95.44534,28.08155,00300
-95.43009,28.09860,00300
-95.41959,28.11234,00300
-95.41562,28.12096,00300
-95.41747,28.14344,00300
-95.41339,28.16587,00300
-95.41515,28.18834,00300
-95.41362,28.21079,00300
-95.41271,28.23325,00300
-95.40883,28.25569,00300
-95.40610,28.27813,00300
-95.39859,28.30054,00300
-95.39886,28.32301,00300
-95.39194,28.34265,00300
-95.39016,28.34541,00300
-95.39188,28.34843,00300
-95.39668,28.36792,00300
-95.39149,28.38973,00300
-95.39118,28.39035,00300
-95.39148,28.39069,00300
-95.39932,28.41287,00300
-95.39459,28.43530,00300
-95.39122,28.45775,00300
-95.39080,28.46217,00300
-95.38589,28.48018,00300
-95.36890,28.50252,00300
-95.36470,28.51759,00300
-95.36088,28.52493,00300
-95.36453,28.53424,00300
-95.36701,28.54744,00300
-95.37957,28.57001,00300
-95.37680,28.59245,00300
-95.38939,28.60902,00300
-95.39219,28.61503,00300
-95.38922,28.62659,00300
-95.38460,28.63745,00300
-95.38894,28.65665,00300
-95.38947,28.65995,00300
-95.38881,28.67013,00300
-95.38769,28.68241,00300
-95.38865,28.68653,00300
-95.39208,28.70491,00300
-95.39606,28.72742,00300
-95.39674,28.74989,00300
-95.40125,28.77240,00300
-95.39412,28.79482,00300
-95.39771,28.81732,00300
-95.39036,28.83973,00300
-95.39548,28.86224,00300
-95.39514,28.88471,00300
-95.40395,28.90725,00300
-95.40692,28.92974,00300
-95.39893,28.95216,00300
-95.38947,28.97457,00300
-95.39600,28.99709,00300
-95.40073,29.01959,00300
-95.40827,29.04212,00300
-95.41087,29.04766,00300
-95.43645,29.06269,00300
-95.43797,29.06481,00300
-95.43890,29.08729,00300
-95.43674,29.10975,00300
-95.44053,29.13225,00300
-95.45514,29.15483,00300
-95.45908,29.17733,00300
-95.43526,29.19145,00300
-95.41100,29.19947,00300
-95.40942,29.20265,00300
-95.39817,29.22185,00300
-95.40913,29.23354,00300
-95.42239,29.24450,00300
-95.43473,29.24975,00300
-95.46041,29.25876,00300
-95.47027,29.26731,00300
-95.48598,29.28204,00300
-95.48912,29.28991,00300
-95.49821,29.31245,00300
-95.51132,29.33218,00300
-95.51363,29.33503,00300
-95.53699,29.34620,00300
-95.55674,29.35777,00300
-95.56264,29.36401,00300
-95.57966,29.38038,00300
-95.58366,29.40289,00300
-95.58807,29.41106,00300
-95.59441,29.42543,00300
-95.59203,29.44790,00300
-95.61344,29.46943,00300
-95.61861,29.47052,00300
-95.61340,29.47424,00300
-95.60770,29.49294,00300
-95.60687,29.51541,00300
-95.60960,29.53790,00300
-95.61287,29.54735,00300
-95.62306,29.56046,00300
-95.62968,29.58297,00300
-95.63833,29.60025,00300
-95.64117,29.60551,00300
-95.64610,29.62802,00300
-95.63807,29.63591,00300
-95.61710,29.65034,00300
-95.61206,29.65655,00300
-95.58614,29.66257,00300
-95.57906,29.67260,00300
-95.58598,29.68394,00300
-95.61182,29.68930,00300
-95.63768,29.69080,00300
-95.66361,29.68264,00300
-95.67494,29.67313,00300
-95.68966,29.65648,00300
-95.69241,29.65074,00300
-95.70467,29.62832,00300
-95.70478,29.60584,00300
-95.70795,29.58338,00300
-95.71118,29.56091,00300
-95.71619,29.55263,00300
-95.74203,29.55337,00300
-95.75036,29.56109,00300
-95.75464,29.58360,00300
-95.75966,29.60610,00300
-95.76609,29.62860,00300
-95.76742,29.63059,00300
-95.79324,29.63849,00300
-95.81390,29.62881,00300
-95.81918,29.62394,00300
-95.84512,29.60654,00300
-95.84517,29.60645,00300
-95.87108,29.58512,00300
-95.87302,29.58407,00300
-95.89699,29.57118,00300
-95.91022,29.56172,00300
-95.92289,29.55799,00300
-95.94876,29.55005,00300
-95.96341,29.53941,00300
-95.97147,29.51695,00300
-95.97475,29.50994,00300
-95.98849,29.49452,00300
-96.00071,29.47258,00300
-96.00094,29.47208,00300
-96.00071,29.47142,00300
-95.99233,29.44958,00300
-95.97505,29.42867,00300
-95.97446,29.42705,00300
-95.97508,29.41932,00300
-95.97798,29.40458,00300
-95.97519,29.39133,00300
-95.97451,29.38210,00300
-95.97280,29.35961,00300
-95.97370,29.33714,00300
-95.96836,29.31465,00300
-95.96909,29.29217,00300
-95.96386,29.26968,00300
-95.95960,29.24719,00300
-95.95406,29.22470,00300
-95.95009,29.21482,00300
-95.94594,29.20220,00300
-95.93767,29.17970,00300
-95.93030,29.15721,00300
-95.92464,29.14327,00300
-95.92247,29.13470,00300
-95.91315,29.11220,00300
-95.90166,29.08968,00300
-95.89917,29.08231,00300
-95.89477,29.06719,00300
-95.89813,29.04472,00300
-95.89936,29.04050,00300
-95.91029,29.02229,00300
-95.91055,28.99982,00300
-95.90989,28.97734,00300
-95.90603,28.95486,00300
-95.89983,28.93430,00300
-95.89894,28.93236,00300
-95.89268,28.90987,00300
-95.87753,28.88734,00300
-95.87440,28.88309,00300
-95.86526,28.86482,00300
-95.86400,28.84234,00300
-95.86194,28.81987,00300
-95.86028,28.79739,00300
-95.85992,28.77492,00300
-95.86044,28.75245,00300
-95.86481,28.72999,00300
-95.86761,28.70753,00300
-95.87183,28.68508,00300
-95.87041,28.66260,00300
-95.87373,28.64015,00300
-95.87098,28.61767,00300
-95.87566,28.61082,00300
-95.89294,28.59528,00300
-95.90138,28.58349,00300
-95.91127,28.57287,00300
-95.92575,28.55045,00300
-95.92712,28.54828,00300
-95.95276,28.53056,00300
-95.95746,28.52808,00300
-95.95918,28.50562,00300
-95.95288,28.50053,00300
-95.93192,28.48307,00300
-95.92740,28.47872,00300
-95.92142,28.46057,00300
-95.92152,28.43810,00300
-95.91586,28.41562,00300
-95.92503,28.39318,00300
-95.92225,28.37070,00300
-95.92789,28.36145,00300
-95.95074,28.34833,00300
-95.95348,28.34589,00300
-95.97906,28.33004,00300
-95.98045,28.32595,00300
-95.98267,28.30349,00300
-95.98208,28.28102,00300
-95.98110,28.25856,00300
-95.97937,28.24443,00300
-95.97564,28.23608,00300
-95.97099,28.21360,00300
-95.97952,28.20152,00300
-95.98234,28.19118,00300
-95.98660,28.16872,00300
-95.99007,28.14627,00300
-95.99624,28.12383,00300
-95.99560,28.10136,00300
-95.99656,28.07891,00300
-95.99668,28.05644,00300
-95.99663,28.03399,00300
-95.99838,28.01153,00300
-95.99634,27.98907,00300
-95.99876,27.96661,00300
-95.99382,27.94414,00300
-95.99110,27.92168,00300
-95.99288,27.89923,00300
-95.99672,27.87678,00300
-95.99821,27.85433,00300
-96.00143,27.83188,00300
-96.00213,27.80942,00300
-95.99641,27.78695,00300
-95.99305,27.76449,00300
-95.98449,27.74201,00300
-95.98119,27.73517,00300
-95.96172,27.71949,00300
       </coordinates>
      </LinearRing>
     </outerBoundaryIs>
     <innerBoundaryIs>
      <LinearRing>
       <coordinates>
-95.47761,29.22241,00300
-95.48656,29.21433,00300
-95.49082,29.22249,00300
-95.48632,29.24194,00300
-95.47761,29.22241,00300
       </coordinates>
      </LinearRing>
     </innerBoundaryIs>
    </Polygon>
    <Polygon>
     <extrude>1</extrude>
     <altitudeMode>clampToGround</altitudeMode>
     <outerBoundaryIs>
      <LinearRing>
       <coordinates>
-95.45212,29.37958,00300
-95.43373,29.35860,00300
-95.42793,29.37941,00300
-95.43349,29.38404,00300
-95.45212,29.37958,00300
       </coordinates>
      </LinearRing>
     </outerBoundaryIs>
    </Polygon>
    <Polygon>
     <extrude>1</extrude>
     <altitudeMode>clampToGround</altitudeMode>
     <outerBoundaryIs>
      <LinearRing>
       <coordinates>
-95.48994,29.40231,00300
-95.48501,29.39318,00300
-95.47104,29.40218,00300
-95.47231,29.42467,00300
-95.48466,29.43300,00300
-95.49400,29.42481,00300
-95.48994,29.40231,00300
       </coordinates>
      </LinearRing>
     </outerBoundaryIs>
    </Polygon>
    <Polygon>
     <extrude>1</extrude>
     <altitudeMode>clampToGround</altitudeMode>
     <outerBoundaryIs>
      <LinearRing>
       <coordinates>
-95.56148,29.47019,00300
-95.53608,29.45778,00300
-95.52245,29.46995,00300
-95.52918,29.49247,00300
-95.52547,29.51493,00300
-95.52885,29.53742,00300
-95.53535,29.54636,00300
-95.54034,29.53750,00300
-95.54906,29.51507,00300
-95.54933,29.49260,00300
-95.56148,29.47019,00300
       </coordinates>
      </LinearRing>
     </outerBoundaryIs>
     <innerBoundaryIs>
      <LinearRing>
       <coordinates>
-95.66042,29.51570,00300
-95.66484,29.50448,00300
-95.69070,29.49961,00300
-95.70411,29.51592,00300
-95.70541,29.53841,00300
-95.69039,29.54638,00300
-95.66709,29.53821,00300
-95.66463,29.53425,00300
-95.66042,29.51570,00300
       </coordinates>
      </LinearRing>
     </innerBoundaryIs>
    </Polygon>
    <Polygon>
     <extrude>1</extrude>
     <altitudeMode>clampToGround</altitudeMode>
     <outerBoundaryIs>
      <LinearRing>
       <coordinates>
-95.50174,29.55973,00300
-95.48359,29.55662,00300
-95.47678,29.55957,00300
-95.46381,29.58196,00300
-95.45750,29.58405,00300
-95.43163,29.58588,00300
-95.41221,29.60408,00300
-95.41254,29.62656,00300
-95.43112,29.64149,00300
-95.45702,29.63725,00300
-95.46165,29.62690,00300
-95.46272,29.60443,00300
-95.48335,29.58387,00300
-95.50270,29.58222,00300
-95.50174,29.55973,00300
       </coordinates>
      </LinearRing>
     </outerBoundaryIs>
    </Polygon>
    <Polygon>
     <extrude>1</extrude>
     <altitudeMode>clampToGround</altitudeMode>
     <outerBoundaryIs>
      <LinearRing>
       <coordinates>
-95.55527,29.60503,00300
-95.53505,29.58411,00300
-95.51559,29.60478,00300
-95.51643,29.62726,00300
-95.53456,29.64299,00300
-95.55730,29.62752,00300
-95.55527,29.60503,00300
       </coordinates>
      </LinearRing>
     </outerBoundaryIs>
    </Polygon>
    <Polygon>
     <extrude>1</extrude>
     <altitudeMode>clampToGround</altitudeMode>
     <outerBoundaryIs>
      <LinearRing>
       <coordinates>
-95.49966,29.67212,00300
-95.48274,29.65329,00300
-95.47499,29.67196,00300
-95.48251,29.68018,00300
-95.49966,29.67212,00300
       </coordinates>
      </LinearRing>
     </outerBoundaryIs>
    </Polygon>
    <Polygon>
     <extrude>1</extrude>
     <altitudeMode>clampToGround</altitudeMode>
     <outerBoundaryIs>
      <LinearRing>
       <coordinates>
-95.34443,29.67102,00300
-95.32745,29.66169,00300
-95.32310,29.67086,00300
-95.32730,29.67644,00300
-95.34443,29.67102,00300
       </coordinates>
      </LinearRing>
     </outerBoundaryIs>
    </Polygon>
    <Polygon>
     <extrude>1</extrude>
     <altitudeMode>clampToGround</altitudeMode>
     <outerBoundaryIs>
      <LinearRing>
       <coordinates>
-95.19711,29.87214,00300
-95.19568,29.86952,00300
-95.18653,29.87204,00300
-95.19561,29.87483,00300
-95.19711,29.87214,00300
       </coordinates>
      </LinearRing>
     </outerBoundaryIs>
    </Polygon>
    <Polygon>
     <extrude>1</extrude>
     <altitudeMode>clampToGround</altitudeMode>
     <outerBoundaryIs>
      <LinearRing>
       <coordinates>
-95.50690,29.91945,00300
-95.50636,29.91829,00300
-95.48061,29.89734,00300
-95.45726,29.91912,00300
-95.45957,29.94162,00300
-95.46387,29.96413,00300
-95.47075,29.98666,00300
-95.47974,29.99655,00300
-95.49812,29.98684,00300
-95.50586,29.97714,00300
-95.50905,29.96443,00300
-95.50611,29.94797,00300
-95.50340,29.94191,00300
-95.50629,29.92718,00300
-95.50690,29.91945,00300
       </coordinates>
      </LinearRing>
     </outerBoundaryIs>
    </Polygon>
    <Polygon>
     <extrude>1</extrude>
     <altitudeMode>clampToGround</altitudeMode>
     <outerBoundaryIs>
      <LinearRing>
       <coordinates>
-95.14738,30.00658,00300
-95.14217,30.00452,00300
-95.13944,30.00651,00300
-95.13734,30.02897,00300
-95.14184,30.03166,00300
-95.16324,30.05169,00300
-95.16535,30.07419,00300
-95.16726,30.07736,00300
-95.19307,30.09196,00300
-95.21925,30.07526,00300
-95.22095,30.07468,00300
-95.23781,30.05234,00300
-95.24559,30.04252,00300
-95.25261,30.02999,00300
-95.24591,30.01413,00300
-95.21994,30.01487,00300
-95.20477,30.02958,00300
-95.19376,30.03291,00300
-95.16773,30.03788,00300
-95.15528,30.02914,00300
-95.14738,30.00658,00300
       </coordinates>
      </LinearRing>
     </outerBoundaryIs>
    </Polygon>
    <Polygon>
     <extrude>1</extrude>
     <altitudeMode>clampToGround</altitudeMode>
     <outerBoundaryIs>
      <LinearRing>
       <coordinates>
-95.53573,30.12197,00300
-95.53065,30.11706,00300
-95.52882,30.12192,00300
-95.53059,30.12516,00300
-95.53573,30.12197,00300
       </coordinates>
      </LinearRing>
     </outerBoundaryIs>
    </Polygon>
    <Polygon>
     <extrude>1</extrude>
     <altitudeMode>clampToGround</altitudeMode>
     <outerBoundaryIs>
      <LinearRing>
       <coordinates>
-95.35429,30.16569,00300
-95.34832,30.15686,00300
-95.32230,30.15830,00300
-95.31769,30.16541,00300
-95.32214,30.17422,00300
-95.34811,30.17791,00300
-95.35429,30.16569,00300
       </coordinates>
      </LinearRing>
     </outerBoundaryIs>
    </Polygon>
    <Polygon>
     <extrude>1</extrude>
     <altitudeMode>clampToGround</altitudeMode>
     <outerBoundaryIs>
      <LinearRing>
       <coordinates>
-95.24590,30.45710,00300
-95.24097,30.45340,00300
-95.23158,30.45698,00300
-95.23174,30.47947,00300
-95.24062,30.48377,00300
-95.24690,30.47960,00300
-95.24590,30.45710,00300
       </coordinates>
      </LinearRing>
     </outerBoundaryIs>
    </Polygon>
    <Polygon>
     <extrude>1</extrude>
     <altitudeMode>clampToGround</altitudeMode>
     <outerBoundaryIs>
      <LinearRing>
       <coordinates>
-95.13679,30.52360,00300
-95.13583,30.51871,00300
-95.13490,30.52358,00300
-95.13577,30.52438,00300
-95.13679,30.52360,00300
       </coordinates>
      </LinearRing>
     </outerBoundaryIs>
    </Polygon>
   </MultiGeometry>
  </Placemark>
  <Placemark>
   <name>Contour Level: 3.2E-14 mass/m3</name>
   <Snippet maxLines="0"></Snippet>
   <TimeSpan>
    <begin>2026-01-25T15:00:00Z</begin>
    <end>2026-01-25T16:00:00Z</end>
   </TimeSpan>
   <styleUrl>#conc4</styleUrl>
   <MultiGeometry>
    <Polygon>
     <extrude>1</extrude>
     <altitudeMode>clampToGround</altitudeMode>
     <outerBoundaryIs>
      <LinearRing>
       <coordinates>
-95.73473,28.34750,00500
-95.72375,28.34407,00500
-95.69822,28.34601,00500
-95.69273,28.34729,00500
-95.67265,28.35186,00500
-95.64706,28.36164,00500
-95.62151,28.36451,00500
-95.59595,28.36743,00500
-95.57043,28.36638,00500
-95.54490,28.36676,00500
-95.54069,28.36890,00500
-95.52570,28.39127,00500
-95.51908,28.40092,00500
-95.50883,28.41363,00500
-95.50805,28.43609,00500
-95.51286,28.45859,00500
-95.51260,28.48105,00500
-95.50858,28.50350,00500
-95.50282,28.52593,00500
-95.49239,28.53701,00500
-95.48530,28.54828,00500
-95.48111,28.57072,00500
-95.48249,28.59320,00500
-95.49173,28.61325,00500
-95.49258,28.61574,00500
-95.49168,28.61899,00500
-95.48553,28.63816,00500
-95.49030,28.66066,00500
-95.48477,28.68309,00500
-95.47658,28.70551,00500
-95.47819,28.72799,00500
-95.49063,28.74153,00500
-95.50031,28.75061,00500
-95.51049,28.77315,00500
-95.51574,28.79565,00500
-95.51502,28.81812,00500
-95.51561,28.82004,00500
-95.52348,28.84064,00500
-95.54094,28.85951,00500
-95.54342,28.86324,00500
-95.54078,28.87916,00500
-95.53754,28.88567,00500
-95.53648,28.90814,00500
-95.52217,28.93052,00500
-95.51453,28.94869,00500
-95.51385,28.95295,00500
-95.51438,28.96670,00500
-95.51463,28.97543,00500
-95.52329,28.99795,00500
-95.53970,29.01194,00500
-95.54519,29.02056,00500
-95.54006,29.04300,00500
-95.55158,29.06555,00500
-95.56107,29.08808,00500
-95.56384,29.11057,00500
-95.56458,29.11708,00500
-95.56620,29.13307,00500
-95.56761,29.15555,00500
-95.57422,29.17806,00500
-95.58972,29.19427,00500
-95.59278,29.20065,00500
-95.60683,29.22320,00500
-95.60734,29.24568,00500
-95.61493,29.26783,00500
-95.61561,29.26821,00500
-95.63022,29.29076,00500
-95.64048,29.29784,00500
-95.64880,29.31334,00500
-95.64863,29.33582,00500
-95.65072,29.35830,00500
-95.66570,29.37798,00500
-95.66767,29.38087,00500
-95.69134,29.40215,00500
-95.69247,29.40347,00500
-95.71146,29.42605,00500
-95.71696,29.43072,00500
-95.74268,29.44440,00500
-95.76853,29.43805,00500
-95.79433,29.44011,00500
-95.80238,29.44894,00500
-95.82008,29.45164,00500
-95.84586,29.46023,00500
-95.85536,29.47161,00500
-95.87152,29.49230,00500
-95.88424,29.49420,00500
-95.89732,29.49701,00500
-95.90121,29.49426,00500
-95.91740,29.47183,00500
-95.92332,29.45711,00500
-95.92721,29.44939,00500
-95.92432,29.42690,00500
-95.93123,29.40444,00500
-95.93688,29.38199,00500
-95.93764,29.35951,00500
-95.93343,29.33702,00500
-95.92589,29.31452,00500
-95.92416,29.29204,00500
-95.92401,29.29180,00500
-95.91609,29.26954,00500
-95.91086,29.24704,00500
-95.90508,29.22455,00500
-95.89864,29.20288,00500
-95.89825,29.20205,00500
-95.89621,29.17957,00500
-95.88925,29.15707,00500
-95.87532,29.13454,00500
-95.87323,29.13128,00500
-95.86787,29.11204,00500
-95.86279,29.08955,00500
-95.85604,29.06705,00500
-95.84791,29.04803,00500
-95.84580,29.04453,00500
-95.83755,29.02203,00500
-95.83418,28.99954,00500
-95.82336,28.97703,00500
-95.82392,28.95456,00500
-95.82272,28.95032,00500
-95.82011,28.93207,00500
-95.81725,28.90958,00500
-95.81639,28.88711,00500
-95.81302,28.86462,00500
-95.81072,28.84213,00500
-95.80820,28.81966,00500
-95.79787,28.79811,00500
-95.79731,28.79714,00500
-95.78690,28.77463,00500
-95.78453,28.75214,00500
-95.77924,28.72965,00500
-95.77613,28.70717,00500
-95.77878,28.68471,00500
-95.77296,28.66765,00500
-95.77152,28.66221,00500
-95.77311,28.64244,00500
-95.77341,28.63975,00500
-95.77313,28.63900,00500
-95.76780,28.61725,00500
-95.77333,28.60430,00500
-95.78139,28.59484,00500
-95.79906,28.57715,00500
-95.80299,28.57247,00500
-95.79922,28.55021,00500
-95.79913,28.54998,00500
-95.78946,28.52747,00500
-95.78169,28.50497,00500
-95.77796,28.48249,00500
-95.77703,28.46002,00500
-95.78469,28.43758,00500
-95.79272,28.41515,00500
-95.77927,28.39263,00500
-95.77459,28.38218,00500
-95.76812,28.37011,00500
-95.74924,28.35155,00500
-95.73473,28.34750,00500
       </coordinates>
      </LinearRing>
     </outerBoundaryIs>
    </Polygon>
   </MultiGeometry>
  </Placemark>
  <Placemark>
   <name>Contour Level: 1.0E-13 mass/m3</name>
   <Snippet maxLines="0"></Snippet>
   <TimeSpan>
    <begin>2026-01-25T15:00:00Z</begin>
    <end>2026-01-25T16:00:00Z</end>
   </TimeSpan>
   <styleUrl>#conc5</styleUrl>
   <MultiGeometry>
    <Polygon>
     <extrude>1</extrude>
     <altitudeMode>clampToGround</altitudeMode>
     <outerBoundaryIs>
      <LinearRing>
       <coordinates>
-95.72977,29.02156,00700
-95.71956,29.01795,00700
-95.71722,29.02150,00700
-95.69373,29.03738,00700
-95.68913,29.04384,00700
-95.67401,29.06624,00700
-95.69276,29.08881,00700
-95.69339,29.08918,00700
-95.71289,29.11139,00700
-95.71884,29.13281,00700
-95.71964,29.13389,00700
-95.74068,29.15647,00700
-95.74438,29.16339,00700
-95.75771,29.15655,00700
-95.76438,29.13410,00700
-95.76413,29.11162,00700
-95.75691,29.08911,00700
-95.75182,29.06662,00700
-95.74505,29.05264,00700
-95.73276,29.04405,00700
-95.72977,29.02156,00700
       </coordinates>
      </LinearRing>
     </outerBoundaryIs>
    </Polygon>
   </MultiGeometry>
  </Placemark>
  <Placemark>
   <name>Maximum Value Grid Cell</name>
   <Snippet maxLines="0"></Snippet>
   <description><![CDATA[<pre>
LAT:   29.1115 LON:  -95.7447
Value: 1.2E-13
      The square represents the location
      of maximum concentration and the
      size of the square represents the
      concentration grid cell size.
    </pre>]]>
   </description>
   <TimeSpan>
    <begin>2026-01-25T15:00:00Z</begin>
    <end>2026-01-25T16:00:00Z</end>
   </TimeSpan>
   <styleUrl>#maxv</styleUrl>
   <Polygon>
    <extrude>1</extrude>
    <altitudeMode>clampToGround</altitudeMode>
    <outerBoundaryIs>
     <LinearRing>
      <coordinates>
        -95.77055,29.08917,00100
        -95.71912,29.08894,00100
        -95.71883,29.13389,00100
        -95.77029,29.13412,00100
        -95.77055,29.08917,00100
      </coordinates>
     </LinearRing>
    </outerBoundaryIs>
   </Polygon>
  </Placemark>
 </Folder>
 <Folder>
  <name><![CDATA[<pre>Concentration 
(Valid:20260125 1700UTC)</pre>]]>
  </name>
  <visibility>0</visibility>
  <description><![CDATA[<pre>
Averaged from 00000 to 00100m
Valid:20260125 1700 UTC
   </pre>]]>
  </description>
  <ScreenOverlay>
   <name>Legend</name>
   <Snippet maxLines="0"></Snippet>
   <TimeSpan>
    <begin>2026-01-25T16:00:00Z</begin>
    <end>2026-01-25T17:00:00Z</end>
   </TimeSpan>
   <Icon>
    <href>GELABEL_17_22130.gif</href>
   </Icon>
   <overlayXY x="0" y="1" xunits="fraction" yunits="fraction"/>
   <screenXY x="0" y="1" xunits="fraction" yunits="fraction"/>
   <rotationXY x="0" y="0" xunits="fraction" yunits="fraction"/>
   <size x="0" y="0" xunits="pixels" yunits="pixels"/>
  </ScreenOverlay>
  <Placemark>
   <name>Contour Level: 3.2E-15 mass/m3</name>
   <Snippet maxLines="0"></Snippet>
   <TimeSpan>
    <begin>2026-01-25T16:00:00Z</begin>
    <end>2026-01-25T17:00:00Z</end>
   </TimeSpan>
   <styleUrl>#conc2</styleUrl>
   <MultiGeometry>
    <Polygon>
     <extrude>1</extrude>
     <altitudeMode>clampToGround</altitudeMode>
     <outerBoundaryIs>
      <LinearRing>
       <coordinates>
-96.15527,26.75485,00100
-96.13540,26.74926,00100
-96.12080,26.75479,00100
-96.11024,26.76296,00100
-96.09064,26.77717,00100
-96.08507,26.78341,00100
-96.07385,26.79957,00100
-96.06245,26.82198,00100
-96.06068,26.84441,00100
-96.05995,26.86684,00100
-96.05972,26.86747,00100
-96.05235,26.88926,00100
-96.03575,26.91166,00100
-96.03442,26.91403,00100
-96.02198,26.93406,00100
-96.00917,26.94100,00100
-95.98396,26.95560,00100
-95.98200,26.95639,00100
-95.95911,26.97876,00100
-95.95869,26.98030,00100
-95.94757,27.00117,00100
-95.93335,27.01943,00100
-95.90816,27.01854,00100
-95.90131,27.02345,00100
-95.88293,27.03111,00100
-95.86445,27.04576,00100
-95.85762,27.05451,00100
-95.83628,27.06809,00100
-95.83235,27.06847,00100
-95.80714,27.07065,00100
-95.78194,27.07015,00100
-95.75673,27.07262,00100
-95.73152,27.07415,00100
-95.70628,27.07960,00100
-95.68871,27.08986,00100
-95.68099,27.09276,00100
-95.65913,27.11215,00100
-95.65562,27.11752,00100
-95.64088,27.13449,00100
-95.63017,27.15042,00100
-95.62560,27.15685,00100
-95.62057,27.17926,00100
-95.61621,27.20168,00100
-95.61188,27.22410,00100
-95.60429,27.24069,00100
-95.60001,27.24647,00100
-95.58813,27.26885,00100
-95.57880,27.27287,00100
-95.55346,27.28494,00100
-95.53196,27.29095,00100
-95.52814,27.29188,00100
-95.50287,27.29470,00100
-95.47755,27.30127,00100
-95.46323,27.31294,00100
-95.45212,27.32083,00100
-95.43468,27.33519,00100
-95.42668,27.34025,00100
-95.41161,27.35747,00100
-95.40656,27.37987,00100
-95.40470,27.40231,00100
-95.40508,27.42476,00100
-95.40051,27.43678,00100
-95.39273,27.44712,00100
-95.38008,27.46947,00100
-95.37486,27.47339,00100
-95.34940,27.48940,00100
-95.34338,27.49164,00100
-95.32401,27.49812,00100
-95.29863,27.50387,00100
-95.27912,27.51357,00100
-95.27356,27.53598,00100
-95.27296,27.53708,00100
-95.26743,27.55838,00100
-95.26597,27.58081,00100
-95.26507,27.60326,00100
-95.26215,27.62569,00100
-95.25651,27.64809,00100
-95.25317,27.67052,00100
-95.24607,27.68163,00100
-95.23421,27.69281,00100
-95.22034,27.71438,00100
-95.21971,27.71514,00100
-95.21340,27.73754,00100
-95.20914,27.75995,00100
-95.20798,27.78240,00100
-95.20832,27.80486,00100
-95.20742,27.82731,00100
-95.19953,27.84970,00100
-95.19898,27.87215,00100
-95.19304,27.88350,00100
-95.18217,27.89445,00100
-95.17505,27.91685,00100
-95.16721,27.93924,00100
-95.16696,27.94029,00100
-95.16159,27.96164,00100
-95.16404,27.98413,00100
-95.16636,27.99169,00100
-95.17078,28.00665,00100
-95.16716,28.02908,00100
-95.16589,28.03079,00100
-95.15307,28.05141,00100
-95.14664,28.07381,00100
-95.13987,28.07930,00100
-95.11445,28.07616,00100
-95.08891,28.08244,00100
-95.06343,28.08404,00100
-95.03786,28.09221,00100
-95.03600,28.09519,00100
-95.02796,28.11757,00100
-95.02535,28.14001,00100
-95.02538,28.16247,00100
-95.02494,28.18493,00100
-95.02789,28.20742,00100
-95.02666,28.22987,00100
-95.02414,28.25231,00100
-95.01913,28.27473,00100
-95.01772,28.29717,00100
-95.01287,28.31959,00100
-95.00974,28.34203,00100
-95.00910,28.36448,00100
-95.00868,28.37023,00100
-95.00716,28.38693,00100
-95.00830,28.39841,00100
-95.00918,28.40942,00100
-95.00788,28.42983,00100
-95.00773,28.43187,00100
-95.00478,28.45431,00100
-95.00174,28.47675,00100
-94.99501,28.49915,00100
-94.99141,28.52158,00100
-94.99055,28.54403,00100
-94.99157,28.56652,00100
-94.99805,28.58905,00100
-95.00558,28.60114,00100
-95.02493,28.61180,00100
-95.03090,28.62165,00100
-95.03517,28.63438,00100
-95.03372,28.65683,00100
-95.03165,28.67928,00100
-95.03010,28.68196,00100
-95.02287,28.70166,00100
-95.02126,28.72412,00100
-95.02942,28.73340,00100
-95.04877,28.74687,00100
-95.05477,28.75480,00100
-95.05914,28.76945,00100
-95.05952,28.79192,00100
-95.06547,28.81446,00100
-95.05391,28.83681,00100
-95.05370,28.83701,00100
-95.02789,28.84843,00100
-95.00227,28.84619,00100
-94.97665,28.84358,00100
-94.96520,28.83589,00100
-94.95927,28.81336,00100
-94.95159,28.80061,00100
-94.92603,28.79536,00100
-94.91112,28.81284,00100
-94.91241,28.83532,00100
-94.92516,28.85557,00100
-94.93118,28.85800,00100
-94.93384,28.88050,00100
-94.92471,28.90288,00100
-94.92445,28.90550,00100
-94.92315,28.92533,00100
-94.92415,28.92621,00100
-94.94955,28.94577,00100
-94.95045,28.94810,00100
-94.95799,28.97066,00100
-94.95782,28.99313,00100
-94.96327,29.01567,00100
-94.97409,29.02879,00100
-94.99310,29.03846,00100
-94.99963,29.04067,00100
-95.01812,29.06119,00100
-95.02318,29.08372,00100
-95.02472,29.08713,00100
-95.03432,29.10631,00100
-95.02638,29.12871,00100
-95.02415,29.12946,00100
-95.02094,29.12865,00100
-94.99867,29.11127,00100
-94.97299,29.10801,00100
-94.97109,29.10565,00100
-94.94743,29.09582,00100
-94.92160,29.10369,00100
-94.92058,29.10511,00100
-94.91932,29.12757,00100
-94.92123,29.12947,00100
-94.94683,29.13882,00100
-94.96397,29.15054,00100
-94.96788,29.17305,00100
-94.97196,29.18201,00100
-94.97942,29.19565,00100
-94.99709,29.21831,00100
-94.99126,29.24073,00100
-94.99679,29.24918,00100
-95.02240,29.26035,00100
-95.04814,29.26243,00100
-95.05051,29.26381,00100
-95.04803,29.27021,00100
-95.02240,29.28600,00100
-95.02206,29.28609,00100
-95.01411,29.28592,00100
-94.99630,29.28503,00100
-94.99490,29.28572,00100
-94.97044,29.29107,00100
-94.95738,29.30780,00100
-94.95668,29.33027,00100
-94.96459,29.35283,00100
-94.96442,29.37531,00100
-94.94322,29.39318,00100
-94.91743,29.39241,00100
-94.89174,29.38507,00100
-94.87798,29.39684,00100
-94.86562,29.40617,00100
-94.85787,29.41910,00100
-94.83936,29.43628,00100
-94.82964,29.44125,00100
-94.81323,29.45664,00100
-94.80929,29.46349,00100
-94.81219,29.48600,00100
-94.81276,29.48691,00100
-94.83834,29.50318,00100
-94.84805,29.50890,00100
-94.85455,29.53146,00100
-94.86345,29.55107,00100
-94.88097,29.55423,00100
-94.88922,29.55579,00100
-94.90227,29.57695,00100
-94.91463,29.58579,00100
-94.93258,29.59977,00100
-94.94022,29.60335,00100
-94.95061,29.62244,00100
-94.95139,29.64493,00100
-94.95897,29.66749,00100
-94.95583,29.68994,00100
-94.94681,29.71233,00100
-94.94508,29.73479,00100
-94.95440,29.75737,00100
-94.95631,29.77987,00100
-94.94487,29.80223,00100
-94.94455,29.82471,00100
-94.93698,29.83039,00100
-94.93462,29.82460,00100
-94.93578,29.80214,00100
-94.93249,29.77962,00100
-94.93238,29.75714,00100
-94.93484,29.73468,00100
-94.92943,29.71214,00100
-94.91715,29.68952,00100
-94.91318,29.68553,00100
-94.90358,29.66689,00100
-94.88783,29.64981,00100
-94.87084,29.64405,00100
-94.86221,29.63290,00100
-94.85724,29.62141,00100
-94.84768,29.59882,00100
-94.83707,29.58642,00100
-94.83036,29.59862,00100
-94.82157,29.62099,00100
-94.82806,29.64355,00100
-94.82554,29.66600,00100
-94.81470,29.68836,00100
-94.80940,29.70255,00100
-94.80762,29.71076,00100
-94.80255,29.73318,00100
-94.78276,29.75010,00100
-94.75701,29.74095,00100
-94.73110,29.74217,00100
-94.71509,29.75460,00100
-94.71077,29.77702,00100
-94.71416,29.79955,00100
-94.71696,29.82207,00100
-94.72946,29.84204,00100
-94.73324,29.84475,00100
-94.75491,29.86750,00100
-94.75497,29.86757,00100
-94.77896,29.89028,00100
-94.78048,29.89327,00100
-94.78509,29.91283,00100
-94.78162,29.93527,00100
-94.77975,29.93855,00100
-94.75373,29.94376,00100
-94.72772,29.94761,00100
-94.71737,29.95697,00100
-94.71658,29.97944,00100
-94.72699,29.99165,00100
-94.75063,30.00235,00100
-94.75272,30.00587,00100
-94.75723,30.02491,00100
-94.75227,30.03382,00100
-94.73784,30.04716,00100
-94.72581,30.06330,00100
-94.70816,30.06927,00100
-94.69963,30.07493,00100
-94.69055,30.09153,00100
-94.68182,30.11390,00100
-94.69861,30.13566,00100
-94.69893,30.13660,00100
-94.72048,30.15936,00100
-94.72404,30.17008,00100
-94.73602,30.18203,00100
-94.74956,30.19976,00100
-94.77559,30.19897,00100
-94.80156,30.20178,00100
-94.80737,30.20538,00100
-94.82014,30.22801,00100
-94.82707,30.23388,00100
-94.85049,30.25084,00100
-94.85281,30.25256,00100
-94.87883,30.25347,00100
-94.90482,30.25656,00100
-94.92603,30.25168,00100
-94.92897,30.22923,00100
-94.93143,30.21538,00100
-94.93879,30.20685,00100
-94.93319,30.18431,00100
-94.93190,30.18314,00100
-94.92844,30.16178,00100
-94.93239,30.14955,00100
-94.95689,30.13960,00100
-94.95854,30.13851,00100
-94.96101,30.13964,00100
-94.98444,30.14608,00100
-94.99711,30.16250,00100
-94.99645,30.18498,00100
-94.98367,30.20094,00100
-94.97117,30.20720,00100
-94.95729,30.22954,00100
-94.95725,30.22966,00100
-94.93904,30.25183,00100
-94.95650,30.27449,00100
-94.95661,30.27464,00100
-94.98242,30.29063,00100
-95.00137,30.27496,00100
-95.00890,30.25864,00100
-95.01241,30.25259,00100
-95.03521,30.23773,00100
-95.04752,30.25294,00100
-95.05981,30.27555,00100
-95.06071,30.27723,00100
-95.07508,30.29818,00100
-95.08635,30.30826,00100
-95.10635,30.32096,00100
-95.11204,30.33635,00100
-95.13808,30.33736,00100
-95.15263,30.32139,00100
-95.14819,30.29887,00100
-95.14886,30.27639,00100
-95.14115,30.25384,00100
-95.13912,30.25270,00100
-95.11945,30.23115,00100
-95.11354,30.21693,00100
-95.11069,30.20859,00100
-95.08789,30.18860,00100
-95.08295,30.18584,00100
-95.07651,30.16329,00100
-95.08325,30.14087,00100
-95.08858,30.13522,00100
-95.09931,30.11855,00100
-95.09510,30.09603,00100
-95.10107,30.07360,00100
-95.09740,30.05108,00100
-95.09267,30.02855,00100
-95.11607,30.01611,00100
-95.12691,30.00639,00100
-95.14229,29.99502,00100
-95.16817,30.00165,00100
-95.19411,30.00256,00100
-95.20596,30.00711,00100
-95.21983,30.02388,00100
-95.23794,30.02986,00100
-95.24570,30.03241,00100
-95.24850,30.02995,00100
-95.25415,30.00751,00100
-95.25945,29.98508,00100
-95.26126,29.96261,00100
-95.26954,29.94020,00100
-95.27124,29.91773,00100
-95.27119,29.89525,00100
-95.26475,29.87271,00100
-95.26121,29.85020,00100
-95.24796,29.83097,00100
-95.24060,29.82755,00100
-95.24816,29.81263,00100
-95.25134,29.80516,00100
-95.27425,29.79630,00100
-95.30016,29.79613,00100
-95.32601,29.80098,00100
-95.35191,29.80146,00100
-95.36598,29.80607,00100
-95.36774,29.82856,00100
-95.35155,29.83724,00100
-95.32559,29.84120,00100
-95.31597,29.85065,00100
-95.31077,29.87308,00100
-95.32504,29.89441,00100
-95.33530,29.89576,00100
-95.35093,29.89932,00100
-95.36311,29.91845,00100
-95.37646,29.93974,00100
-95.40252,29.92747,00100
-95.40675,29.91877,00100
-95.40269,29.90959,00100
-95.38206,29.89611,00100
-95.37691,29.89378,00100
-95.36606,29.87351,00100
-95.36620,29.85103,00100
-95.37748,29.83633,00100
-95.39556,29.82877,00100
-95.38898,29.80624,00100
-95.37783,29.80067,00100
-95.36781,29.78360,00100
-95.36974,29.76113,00100
-95.37832,29.75112,00100
-95.40432,29.73980,00100
-95.40601,29.73892,00100
-95.42372,29.71656,00100
-95.41367,29.69401,00100
-95.40494,29.67441,00100
-95.40199,29.67145,00100
-95.40501,29.66634,00100
-95.41087,29.64903,00100
-95.43113,29.64050,00100
-95.45638,29.62687,00100
-95.44730,29.60433,00100
-95.43156,29.59439,00100
-95.41753,29.58164,00100
-95.41875,29.55917,00100
-95.43200,29.54597,00100
-95.44623,29.53688,00100
-95.45475,29.51446,00100
-95.44373,29.49191,00100
-95.43264,29.47669,00100
-95.40913,29.46918,00100
-95.40690,29.46849,00100
-95.40569,29.46916,00100
-95.38100,29.47727,00100
-95.35510,29.48398,00100
-95.32926,29.48587,00100
-95.30357,29.47349,00100
-95.27780,29.46847,00100
-95.27759,29.46817,00100
-95.27782,29.46727,00100
-95.29562,29.44584,00100
-95.29426,29.42335,00100
-95.30420,29.41414,00100
-95.31468,29.40104,00100
-95.33022,29.39267,00100
-95.35601,29.39372,00100
-95.38177,29.39712,00100
-95.40329,29.40171,00100
-95.40752,29.40303,00100
-95.41065,29.40176,00100
-95.43336,29.39900,00100
-95.45920,29.39507,00100
-95.48508,29.38486,00100
-95.49168,29.37984,00100
-95.49865,29.35741,00100
-95.49756,29.33492,00100
-95.51146,29.31625,00100
-95.51823,29.31258,00100
-95.53735,29.30224,00100
-95.55309,29.29032,00100
-95.56329,29.28171,00100
-95.57029,29.26795,00100
-95.58927,29.25351,00100
-95.61497,29.26210,00100
-95.64078,29.25599,00100
-95.66659,29.24843,00100
-95.66819,29.24602,00100
-95.67628,29.22358,00100
-95.68448,29.20114,00100
-95.69272,29.19239,00100
-95.70726,29.17878,00100
-95.71867,29.15969,00100
-95.72186,29.15638,00100
-95.74453,29.13909,00100
-95.77028,29.13571,00100
-95.79600,29.13804,00100
-95.82170,29.14405,00100
-95.84745,29.14001,00100
-95.85225,29.13446,00100
-95.85765,29.11200,00100
-95.84827,29.08949,00100
-95.84780,29.06962,00100
-95.84771,29.06702,00100
-95.83977,29.04451,00100
-95.83314,29.02201,00100
-95.83288,28.99954,00100
-95.82257,28.97771,00100
-95.82234,28.97702,00100
-95.82144,28.95455,00100
-95.81809,28.93206,00100
-95.81404,28.90957,00100
-95.79736,28.89128,00100
-95.79382,28.88701,00100
-95.78314,28.86449,00100
-95.79425,28.84207,00100
-95.79770,28.82831,00100
-95.82331,28.83622,00100
-95.84900,28.82918,00100
-95.85443,28.81984,00100
-95.84911,28.80528,00100
-95.83794,28.79731,00100
-95.82358,28.78482,00100
-95.79797,28.77965,00100
-95.79594,28.77467,00100
-95.78607,28.75215,00100
-95.77534,28.72964,00100
-95.78021,28.70718,00100
-95.79060,28.68476,00100
-95.79637,28.66231,00100
-95.79512,28.63984,00100
-95.79877,28.63163,00100
-95.81683,28.61746,00100
-95.82446,28.61590,00100
-95.85008,28.60878,00100
-95.86466,28.59518,00100
-95.87229,28.57274,00100
-95.87590,28.56089,00100
-95.88451,28.55031,00100
-95.87954,28.52783,00100
-95.88251,28.50537,00100
-95.87626,28.48394,00100
-95.87614,28.48288,00100
-95.87257,28.46040,00100
-95.87444,28.43794,00100
-95.86968,28.41546,00100
-95.87614,28.39301,00100
-95.87160,28.37053,00100
-95.87687,28.35190,00100
-95.88003,28.34810,00100
-95.87693,28.33970,00100
-95.87483,28.32561,00100
-95.87706,28.31064,00100
-95.88043,28.30317,00100
-95.87714,28.29260,00100
-95.87578,28.28069,00100
-95.87488,28.25822,00100
-95.87577,28.23576,00100
-95.87197,28.21328,00100
-95.87759,28.19533,00100
-95.88139,28.19086,00100
-95.87765,28.18384,00100
-95.87476,28.16837,00100
-95.87776,28.15945,00100
-95.89036,28.14597,00100
-95.88644,28.12349,00100
-95.89912,28.10107,00100
-95.90339,28.07863,00100
-95.90360,28.07596,00100
-95.90735,28.05618,00100
-95.90376,28.03885,00100
-95.90340,28.03370,00100
-95.90382,28.02571,00100
-95.90638,28.01126,00100
-95.91583,27.98883,00100
-95.92101,27.96638,00100
-95.92955,27.95602,00100
-95.94979,27.94402,00100
-95.95505,27.93813,00100
-95.97563,27.92164,00100
-95.97108,27.89916,00100
-95.95524,27.88906,00100
-95.92987,27.87902,00100
-95.92822,27.87658,00100
-95.92916,27.85412,00100
-95.93002,27.84088,00100
-95.93162,27.83167,00100
-95.93401,27.80923,00100
-95.95403,27.78683,00100
-95.95563,27.78596,00100
-95.98101,27.78664,00100
-95.99148,27.76448,00100
-96.00555,27.74207,00100
-96.00655,27.74026,00100
-96.01430,27.71964,00100
-96.03049,27.69722,00100
-96.03206,27.69271,00100
-96.04293,27.67480,00100
-96.05531,27.65237,00100
-96.05756,27.64255,00100
-96.06124,27.62993,00100
-96.06583,27.60749,00100
-96.07281,27.58505,00100
-96.07446,27.56261,00100
-96.08315,27.54766,00100
-96.09003,27.54019,00100
-96.09267,27.51774,00100
-96.10589,27.49532,00100
-96.10860,27.48602,00100
-96.11456,27.47288,00100
-96.11696,27.45044,00100
-96.11340,27.42799,00100
-96.12044,27.40555,00100
-96.13096,27.38312,00100
-96.13416,27.36648,00100
-96.15943,27.36798,00100
-96.16933,27.36073,00100
-96.18472,27.35516,00100
-96.21001,27.34037,00100
-96.21402,27.33834,00100
-96.23531,27.31664,00100
-96.23551,27.31591,00100
-96.24646,27.29347,00100
-96.25027,27.27103,00100
-96.25558,27.24859,00100
-96.25750,27.22615,00100
-96.25977,27.20370,00100
-96.26067,27.19145,00100
-96.26164,27.18126,00100
-96.26403,27.15882,00100
-96.26720,27.13638,00100
-96.26781,27.11394,00100
-96.27196,27.09150,00100
-96.26947,27.06906,00100
-96.27189,27.04662,00100
-96.26767,27.02418,00100
-96.26924,27.00175,00100
-96.26873,26.97931,00100
-96.26460,26.95687,00100
-96.26085,26.94734,00100
-96.25575,26.93443,00100
-96.24650,26.91198,00100
-96.24323,26.88955,00100
-96.23576,26.87040,00100
-96.23373,26.86710,00100
-96.23577,26.85289,00100
-96.23656,26.84467,00100
-96.23579,26.84316,00100
-96.22512,26.82223,00100
-96.21653,26.79979,00100
-96.21070,26.79248,00100
-96.19753,26.77733,00100
-96.18562,26.76290,00100
-96.16050,26.75790,00100
-96.15527,26.75485,00100
       </coordinates>
      </LinearRing>
     </outerBoundaryIs>
     <innerBoundaryIs>
      <LinearRing>
       <coordinates>
-95.01325,28.90382,00100
-95.02736,28.88866,00100
-95.05306,28.88609,00100
-95.07860,28.89601,00100
-95.08617,28.90455,00100
-95.09721,28.92713,00100
-95.09596,28.94959,00100
-95.09261,28.97203,00100
-95.07747,28.98470,00100
-95.05178,28.98413,00100
-95.02615,28.97972,00100
-95.02222,28.97133,00100
-95.02072,28.94884,00100
-95.01138,28.92627,00100
-95.01325,28.90382,00100
       </coordinates>
      </LinearRing>
     </innerBoundaryIs>
     <innerBoundaryIs>
      <LinearRing>
       <coordinates>
-95.48503,29.31236,00100
-95.48572,29.31145,00100
-95.49758,29.31244,00100
-95.48568,29.31599,00100
-95.48503,29.31236,00100
       </coordinates>
      </LinearRing>
     </innerBoundaryIs>
    </Polygon>
    <Polygon>
     <extrude>1</extrude>
     <altitudeMode>clampToGround</altitudeMode>
     <outerBoundaryIs>
      <LinearRing>
       <coordinates>
-95.64240,29.35826,00100
-95.64006,29.35641,00100
-95.61427,29.35662,00100
-95.58856,29.34673,00100
-95.57913,29.35790,00100
-95.58124,29.38040,00100
-95.58823,29.38976,00100
-95.61409,29.38180,00100
-95.63988,29.38178,00100
-95.64116,29.38073,00100
-95.64240,29.35826,00100
       </coordinates>
      </LinearRing>
     </outerBoundaryIs>
     <innerBoundaryIs>
      <LinearRing>
       <coordinates>
-94.96626,29.46525,00100
-94.96807,29.46123,00100
-94.99396,29.45632,00100
-95.00000,29.46560,00100
-94.99364,29.47962,00100
-94.96788,29.47469,00100
-94.96626,29.46525,00100
       </coordinates>
      </LinearRing>
     </innerBoundaryIs>
    </Polygon>
    <Polygon>
     <extrude>1</extrude>
     <altitudeMode>clampToGround</altitudeMode>
     <outerBoundaryIs>
      <LinearRing>
       <coordinates>
-95.59740,29.51536,00100
-95.58734,29.50622,00100
-95.57475,29.51522,00100
-95.58711,29.53574,00100
-95.59740,29.51536,00100
       </coordinates>
      </LinearRing>
     </outerBoundaryIs>
     <innerBoundaryIs>
      <LinearRing>
       <coordinates>
-95.32845,29.51354,00100
-95.32905,29.50653,00100
-95.33182,29.51357,00100
-95.32897,29.51432,00100
-95.32845,29.51354,00100
       </coordinates>
      </LinearRing>
     </innerBoundaryIs>
     <innerBoundaryIs>
      <LinearRing>
       <coordinates>
-94.92994,29.50982,00100
-94.94167,29.50261,00100
-94.95145,29.51005,00100
-94.94127,29.53036,00100
-94.92994,29.50982,00100
       </coordinates>
      </LinearRing>
     </innerBoundaryIs>
     <innerBoundaryIs>
      <LinearRing>
       <coordinates>
-95.32700,29.62592,00100
-95.32784,29.62456,00100
-95.35125,29.62611,00100
-95.32780,29.62817,00100
-95.32700,29.62592,00100
       </coordinates>
      </LinearRing>
     </innerBoundaryIs>
    </Polygon>
    <Polygon>
     <extrude>1</extrude>
     <altitudeMode>clampToGround</altitudeMode>
     <outerBoundaryIs>
      <LinearRing>
       <coordinates>
-94.73614,29.61997,00100
-94.73315,29.61695,00100
-94.73110,29.61990,00100
-94.73303,29.62440,00100
-94.73614,29.61997,00100
       </coordinates>
      </LinearRing>
     </outerBoundaryIs>
    </Polygon>
    <Polygon>
     <extrude>1</extrude>
     <altitudeMode>clampToGround</altitudeMode>
     <outerBoundaryIs>
      <LinearRing>
       <coordinates>
-95.49202,29.67206,00100
-95.48273,29.65556,00100
-95.47484,29.67195,00100
-95.48251,29.67951,00100
-95.49202,29.67206,00100
       </coordinates>
      </LinearRing>
     </outerBoundaryIs>
     <innerBoundaryIs>
      <LinearRing>
       <coordinates>
-95.16875,29.71452,00100
-95.17165,29.71087,00100
-95.19767,29.69893,00100
-95.22347,29.70523,00100
-95.24931,29.70879,00100
-95.27515,29.71364,00100
-95.28168,29.71548,00100
-95.27509,29.71919,00100
-95.24913,29.72573,00100
-95.22315,29.73376,00100
-95.21839,29.73743,00100
-95.19711,29.74723,00100
-95.18037,29.73710,00100
-95.17146,29.72651,00100
-95.16875,29.71452,00100
       </coordinates>
      </LinearRing>
     </innerBoundaryIs>
     <innerBoundaryIs>
      <LinearRing>
       <coordinates>
-94.82942,29.80094,00100
-94.83392,29.79109,00100
-94.83630,29.80102,00100
-94.84414,29.82359,00100
-94.83323,29.83590,00100
-94.82499,29.82337,00100
-94.82942,29.80094,00100
       </coordinates>
      </LinearRing>
     </innerBoundaryIs>
     <innerBoundaryIs>
      <LinearRing>
       <coordinates>
-95.07999,29.87106,00100
-95.09203,29.86505,00100
-95.09572,29.87121,00100
-95.09187,29.87735,00100
-95.07999,29.87106,00100
       </coordinates>
      </LinearRing>
     </innerBoundaryIs>
     <innerBoundaryIs>
      <LinearRing>
       <coordinates>
-94.96690,29.86991,00100
-94.98853,29.85091,00100
-94.99888,29.87024,00100
-94.98996,29.89264,00100
-94.98784,29.90058,00100
-94.98479,29.89258,00100
-94.96690,29.86991,00100
       </coordinates>
      </LinearRing>
     </innerBoundaryIs>
     <innerBoundaryIs>
      <LinearRing>
       <coordinates>
-94.86328,29.86877,00100
-94.88481,29.85320,00100
-94.91052,29.86730,00100
-94.91221,29.86932,00100
-94.91045,29.87245,00100
-94.88424,29.89133,00100
-94.86328,29.86877,00100
       </coordinates>
      </LinearRing>
     </innerBoundaryIs>
     <innerBoundaryIs>
      <LinearRing>
       <coordinates>
-94.87910,30.04882,00100
-94.88192,30.04703,00100
-94.90794,30.04423,00100
-94.93390,30.04485,00100
-94.93551,30.04944,00100
-94.93829,30.07195,00100
-94.93380,30.09439,00100
-94.93314,30.09730,00100
-94.91125,30.09414,00100
-94.90720,30.09397,00100
-94.88130,30.08839,00100
-94.86953,30.07119,00100
-94.87910,30.04882,00100
       </coordinates>
      </LinearRing>
     </innerBoundaryIs>
    </Polygon>
    <Polygon>
     <extrude>1</extrude>
     <altitudeMode>clampToGround</altitudeMode>
     <outerBoundaryIs>
      <LinearRing>
       <coordinates>
-94.70892,30.27164,00100
-94.69667,30.25088,00100
-94.67054,30.25671,00100
-94.66316,30.27106,00100
-94.66267,30.29354,00100
-94.66002,30.31598,00100
-94.65656,30.33842,00100
-94.64275,30.35769,00100
-94.63560,30.36064,00100
-94.64066,30.38319,00100
-94.64227,30.38498,00100
-94.66830,30.38676,00100
-94.69427,30.39251,00100
-94.71114,30.40657,00100
-94.71680,30.42913,00100
-94.71275,30.45156,00100
-94.70781,30.47398,00100
-94.69262,30.49029,00100
-94.66657,30.48751,00100
-94.65765,30.47335,00100
-94.64666,30.45072,00100
-94.64127,30.44221,00100
-94.61512,30.44636,00100
-94.60361,30.45016,00100
-94.58885,30.45661,00100
-94.57981,30.47232,00100
-94.57094,30.49469,00100
-94.56570,30.51710,00100
-94.56149,30.52679,00100
-94.54853,30.53936,00100
-94.53509,30.54266,00100
-94.52059,30.53897,00100
-94.50915,30.53382,00100
-94.48315,30.52832,00100
-94.45699,30.53105,00100
-94.45217,30.53800,00100
-94.45296,30.56050,00100
-94.45054,30.58294,00100
-94.45435,30.60549,00100
-94.45544,30.61107,00100
-94.45731,30.62802,00100
-94.45478,30.64467,00100
-94.45246,30.65043,00100
-94.45457,30.65561,00100
-94.46394,30.67308,00100
-94.48019,30.68266,00100
-94.49641,30.67354,00100
-94.50662,30.66758,00100
-94.52821,30.65150,00100
-94.53311,30.64888,00100
-94.55168,30.62934,00100
-94.55991,30.61259,00100
-94.56254,30.60700,00100
-94.58044,30.58475,00100
-94.58677,30.57217,00100
-94.61287,30.57295,00100
-94.62064,30.58529,00100
-94.63842,30.60513,00100
-94.63908,30.60802,00100
-94.64010,30.63052,00100
-94.64609,30.65308,00100
-94.65778,30.67571,00100
-94.66306,30.69139,00100
-94.67056,30.69836,00100
-94.68898,30.70425,00100
-94.70030,30.72122,00100
-94.69775,30.74367,00100
-94.70585,30.76626,00100
-94.71396,30.77438,00100
-94.73992,30.78677,00100
-94.76612,30.78530,00100
-94.79232,30.78345,00100
-94.80341,30.76744,00100
-94.79283,30.75138,00100
-94.78598,30.74475,00100
-94.77483,30.72213,00100
-94.78079,30.69971,00100
-94.78213,30.67725,00100
-94.78904,30.65485,00100
-94.79459,30.64148,00100
-94.79900,30.65497,00100
-94.80326,30.67750,00100
-94.81991,30.69341,00100
-94.84598,30.69806,00100
-94.85275,30.70055,00100
-94.85936,30.72311,00100
-94.87154,30.73699,00100
-94.89767,30.73836,00100
-94.90865,30.72366,00100
-94.90192,30.70110,00100
-94.89827,30.69851,00100
-94.87219,30.69374,00100
-94.86119,30.67816,00100
-94.85920,30.65566,00100
-94.84698,30.63304,00100
-94.84695,30.63304,00100
-94.83936,30.61046,00100
-94.84737,30.60812,00100
-94.87135,30.58834,00100
-94.87382,30.58651,00100
-94.90006,30.57802,00100
-94.90904,30.56627,00100
-94.92657,30.55047,00100
-94.93142,30.54403,00100
-94.93707,30.52161,00100
-94.92851,30.49903,00100
-94.92733,30.49845,00100
-94.91283,30.47638,00100
-94.91050,30.45387,00100
-94.91615,30.43145,00100
-94.90228,30.42774,00100
-94.89204,30.40870,00100
-94.87783,30.38605,00100
-94.87685,30.38516,00100
-94.86913,30.36347,00100
-94.87173,30.34102,00100
-94.85172,30.32375,00100
-94.82566,30.32483,00100
-94.81503,30.34037,00100
-94.80923,30.36279,00100
-94.79872,30.38136,00100
-94.77260,30.38478,00100
-94.76348,30.36224,00100
-94.76128,30.33973,00100
-94.75235,30.31714,00100
-94.74771,30.31302,00100
-94.72233,30.29429,00100
-94.72198,30.29407,00100
-94.70892,30.27164,00100
       </coordinates>
      </LinearRing>
     </outerBoundaryIs>
    </Polygon>
    <Polygon>
     <extrude>1</extrude>
     <altitudeMode>clampToGround</altitudeMode>
     <outerBoundaryIs>
      <LinearRing>
       <coordinates>
-95.29750,30.32263,00100
-95.29459,30.31824,00100
-95.28799,30.32255,00100
-95.29450,30.32595,00100
-95.29750,30.32263,00100
       </coordinates>
      </LinearRing>
     </outerBoundaryIs>
    </Polygon>
    <Polygon>
     <extrude>1</extrude>
     <altitudeMode>clampToGround</altitudeMode>
     <outerBoundaryIs>
      <LinearRing>
       <coordinates>
-94.60202,30.31523,00100
-94.59160,30.30397,00100
-94.57310,30.31484,00100
-94.58466,30.33748,00100
-94.59092,30.34169,00100
-94.59711,30.33765,00100
-94.60202,30.31523,00100
       </coordinates>
      </LinearRing>
     </outerBoundaryIs>
    </Polygon>
    <Polygon>
     <extrude>1</extrude>
     <altitudeMode>clampToGround</altitudeMode>
     <outerBoundaryIs>
      <LinearRing>
       <coordinates>
-95.10476,30.36591,00100
-95.08588,30.34484,00100
-95.05965,30.35826,00100
-95.03356,30.36096,00100
-95.02916,30.36518,00100
-95.02869,30.38766,00100
-95.01801,30.41003,00100
-95.01828,30.43252,00100
-95.03236,30.44996,00100
-95.05859,30.43934,00100
-95.06147,30.43295,00100
-95.06669,30.41052,00100
-95.08524,30.39461,00100
-95.09335,30.38829,00100
-95.10476,30.36591,00100
       </coordinates>
      </LinearRing>
     </outerBoundaryIs>
     <innerBoundaryIs>
      <LinearRing>
       <coordinates>
-94.78830,30.51993,00100
-94.79654,30.51852,00100
-94.79759,30.52004,00100
-94.79645,30.52420,00100
-94.78830,30.51993,00100
       </coordinates>
      </LinearRing>
     </innerBoundaryIs>
    </Polygon>
    <Polygon>
     <extrude>1</extrude>
     <altitudeMode>clampToGround</altitudeMode>
     <outerBoundaryIs>
      <LinearRing>
       <coordinates>
-95.14429,30.56863,00100
-95.13533,30.55920,00100
-95.12637,30.56847,00100
-95.13506,30.58085,00100
-95.14429,30.56863,00100
       </coordinates>
      </LinearRing>
     </outerBoundaryIs>
    </Polygon>
    <Polygon>
     <extrude>1</extrude>
     <altitudeMode>clampToGround</altitudeMode>
     <outerBoundaryIs>
      <LinearRing>
       <coordinates>
-94.94275,30.61161,00100
-94.92587,30.59898,00100
-94.91747,30.61134,00100
-94.92537,30.63313,00100
-94.94275,30.61161,00100
       </coordinates>
      </LinearRing>
     </outerBoundaryIs>
    </Polygon>
    <Polygon>
     <extrude>1</extrude>
     <altitudeMode>clampToGround</altitudeMode>
     <outerBoundaryIs>
      <LinearRing>
       <coordinates>
-94.63997,30.72045,00100
-94.63649,30.71518,00100
-94.63285,30.72036,00100
-94.63631,30.72549,00100
-94.63997,30.72045,00100
       </coordinates>
      </LinearRing>
     </outerBoundaryIs>
    </Polygon>
    <Polygon>
     <extrude>1</extrude>
     <altitudeMode>clampToGround</altitudeMode>
     <outerBoundaryIs>
      <LinearRing>
       <coordinates>
-94.51883,30.80877,00100
-94.50424,30.79319,00100
-94.47809,30.79206,00100
-94.46591,30.80802,00100
-94.46435,30.83048,00100
-94.45078,30.85029,00100
-94.42456,30.85128,00100
-94.42194,30.85236,00100
-94.40521,30.87459,00100
-94.39753,30.89320,00100
-94.39506,30.89693,00100
-94.39737,30.90125,00100
-94.40056,30.91950,00100
-94.40466,30.94204,00100
-94.42264,30.94829,00100
-94.44888,30.94734,00100
-94.47055,30.96548,00100
-94.47462,30.97158,00100
-94.50056,30.98675,00100
-94.50161,30.98841,00100
-94.52500,31.01122,00100
-94.52628,31.01376,00100
-94.53173,31.01131,00100
-94.54867,30.98906,00100
-94.55311,30.98201,00100
-94.55624,30.96668,00100
-94.55348,30.96170,00100
-94.52746,30.95118,00100
-94.50109,30.95904,00100
-94.47490,30.95743,00100
-94.46038,30.94285,00100
-94.46452,30.92043,00100
-94.46341,30.89793,00100
-94.45877,30.87537,00100
-94.45364,30.85281,00100
-94.47713,30.84188,00100
-94.50336,30.83935,00100
-94.51727,30.83123,00100
-94.51883,30.80877,00100
       </coordinates>
      </LinearRing>
     </outerBoundaryIs>
    </Polygon>
    <Polygon>
     <extrude>1</extrude>
     <altitudeMode>clampToGround</altitudeMode>
     <outerBoundaryIs>
      <LinearRing>
       <coordinates>
-94.89790,30.92590,00100
-94.89507,30.91345,00100
-94.88684,30.92577,00100
-94.89484,30.92885,00100
-94.89790,30.92590,00100
       </coordinates>
      </LinearRing>
     </outerBoundaryIs>
    </Polygon>
    <Polygon>
     <extrude>1</extrude>
     <altitudeMode>clampToGround</altitudeMode>
     <outerBoundaryIs>
      <LinearRing>
       <coordinates>
-94.79353,30.92471,00100
-94.79018,30.91757,00100
-94.78176,30.92457,00100
-94.79001,30.92772,00100
-94.79353,30.92471,00100
       </coordinates>
      </LinearRing>
     </outerBoundaryIs>
    </Polygon>
    <Polygon>
     <extrude>1</extrude>
     <altitudeMode>clampToGround</altitudeMode>
     <outerBoundaryIs>
      <LinearRing>
       <coordinates>
-95.04905,31.01740,00100
-95.02478,31.01077,00100
-95.01149,31.01703,00100
-94.99832,31.02672,00100
-94.97208,31.02662,00100
-94.94968,31.01639,00100
-94.94602,31.01467,00100
-94.94336,31.01632,00100
-94.94532,31.03883,00100
-94.94567,31.03915,00100
-94.95440,31.06141,00100
-94.96011,31.08395,00100
-94.97114,31.09376,00100
-94.99737,31.09567,00100
-95.00889,31.08445,00100
-95.01265,31.06201,00100
-95.02144,31.03961,00100
-95.02443,31.03653,00100
-95.04905,31.01740,00100
       </coordinates>
      </LinearRing>
     </outerBoundaryIs>
    </Polygon>
    <Polygon>
     <extrude>1</extrude>
     <altitudeMode>clampToGround</altitudeMode>
     <outerBoundaryIs>
      <LinearRing>
       <coordinates>
-94.63912,31.01274,00100
-94.63132,31.00834,00100
-94.62668,31.01258,00100
-94.63104,31.02401,00100
-94.63912,31.01274,00100
       </coordinates>
      </LinearRing>
     </outerBoundaryIs>
    </Polygon>
    <Polygon>
     <extrude>1</extrude>
     <altitudeMode>clampToGround</altitudeMode>
     <outerBoundaryIs>
      <LinearRing>
       <coordinates>
-95.10776,31.06293,00100
-95.10291,31.05564,00100
-95.07677,31.04694,00100
-95.06434,31.06252,00100
-95.06223,31.08498,00100
-95.05751,31.10742,00100
-95.05761,31.12990,00100
-95.06306,31.15244,00100
-95.06734,31.17496,00100
-95.07496,31.18541,00100
-95.10127,31.18282,00100
-95.10735,31.17534,00100
-95.11158,31.15290,00100
-95.11364,31.13044,00100
-95.11344,31.10795,00100
-95.11108,31.08545,00100
-95.10776,31.06293,00100
       </coordinates>
      </LinearRing>
     </outerBoundaryIs>
    </Polygon>
    <Polygon>
     <extrude>1</extrude>
     <altitudeMode>clampToGround</altitudeMode>
     <outerBoundaryIs>
      <LinearRing>
       <coordinates>
-94.34628,31.14354,00100
-94.34021,31.13096,00100
-94.33627,31.14339,00100
-94.32297,31.16567,00100
-94.32814,31.18823,00100
-94.33645,31.21084,00100
-94.33846,31.21562,00100
-94.34171,31.21092,00100
-94.35640,31.18866,00100
-94.36053,31.16624,00100
-94.34628,31.14354,00100
       </coordinates>
      </LinearRing>
     </outerBoundaryIs>
    </Polygon>
    <Polygon>
     <extrude>1</extrude>
     <altitudeMode>clampToGround</altitudeMode>
     <outerBoundaryIs>
      <LinearRing>
       <coordinates>
-94.68626,31.26066,00100
-94.67950,31.25741,00100
-94.67639,31.26054,00100
-94.67925,31.27234,00100
-94.68626,31.26066,00100
       </coordinates>
      </LinearRing>
     </outerBoundaryIs>
    </Polygon>
    <Polygon>
     <extrude>1</extrude>
     <altitudeMode>clampToGround</altitudeMode>
     <outerBoundaryIs>
      <LinearRing>
       <coordinates>
-94.69229,31.41812,00100
-94.67684,31.41177,00100
-94.67293,31.41788,00100
-94.67664,31.42381,00100
-94.69229,31.41812,00100
       </coordinates>
      </LinearRing>
     </outerBoundaryIs>
    </Polygon>
    <Polygon>
     <extrude>1</extrude>
     <altitudeMode>clampToGround</altitudeMode>
     <outerBoundaryIs>
      <LinearRing>
       <coordinates>
-95.44493,31.47032,00100
-95.44029,31.46315,00100
-95.43314,31.47024,00100
-95.44017,31.47576,00100
-95.44493,31.47032,00100
       </coordinates>
      </LinearRing>
     </outerBoundaryIs>
    </Polygon>
    <Polygon>
     <extrude>1</extrude>
     <altitudeMode>clampToGround</altitudeMode>
     <outerBoundaryIs>
      <LinearRing>
       <coordinates>
-94.49512,31.57289,00100
-94.48949,31.56461,00100
-94.48199,31.57271,00100
-94.48917,31.58145,00100
-94.49512,31.57289,00100
       </coordinates>
      </LinearRing>
     </outerBoundaryIs>
    </Polygon>
   </MultiGeometry>
  </Placemark>
  <Placemark>
   <name>Contour Level: 1.0E-14 mass/m3</name>
   <Snippet maxLines="0"></Snippet>
   <TimeSpan>
    <begin>2026-01-25T16:00:00Z</begin>
    <end>2026-01-25T17:00:00Z</end>
   </TimeSpan>
   <styleUrl>#conc3</styleUrl>
   <MultiGeometry>
    <Polygon>
     <extrude>1</extrude>
     <altitudeMode>clampToGround</altitudeMode>
     <outerBoundaryIs>
      <LinearRing>
       <coordinates>
-95.58511,27.51575,00300
-95.57697,27.51423,00300
-95.56554,27.51563,00300
-95.55164,27.51717,00300
-95.52634,27.51546,00300
-95.50093,27.52630,00300
-95.48092,27.53754,00300
-95.47549,27.54036,00300
-95.45861,27.55984,00300
-95.45059,27.58224,00300
-95.44978,27.58486,00300
-95.44369,27.60464,00300
-95.43977,27.62707,00300
-95.43410,27.64948,00300
-95.42372,27.66423,00300
-95.42027,27.67183,00300
-95.40698,27.69419,00300
-95.39794,27.70967,00300
-95.38887,27.71651,00300
-95.37237,27.73170,00300
-95.36428,27.73878,00300
-95.34678,27.75331,00300
-95.33350,27.76100,00300
-95.32117,27.77565,00300
-95.31627,27.78331,00300
-95.29984,27.80564,00300
-95.29534,27.81920,00300
-95.29430,27.82805,00300
-95.29095,27.85048,00300
-95.28780,27.87291,00300
-95.28116,27.89531,00300
-95.27141,27.91769,00300
-95.26885,27.92185,00300
-95.26247,27.94007,00300
-95.25357,27.96246,00300
-95.24800,27.98487,00300
-95.24654,28.00732,00300
-95.24564,28.02977,00300
-95.24209,28.04399,00300
-95.23928,28.05218,00300
-95.24184,28.06600,00300
-95.24281,28.07467,00300
-95.24173,28.07642,00300
-95.22301,28.09696,00300
-95.21590,28.10982,00300
-95.20974,28.11930,00300
-95.20754,28.14175,00300
-95.20661,28.16420,00300
-95.20531,28.18666,00300
-95.20715,28.20913,00300
-95.20522,28.23158,00300
-95.19785,28.25398,00300
-95.19633,28.27643,00300
-95.18835,28.28906,00300
-95.17898,28.29874,00300
-95.17368,28.32115,00300
-95.16737,28.34356,00300
-95.16821,28.36604,00300
-95.16767,28.38850,00300
-95.18288,28.41111,00300
-95.17078,28.43346,00300
-95.16290,28.45586,00300
-95.16080,28.46065,00300
-95.15188,28.47822,00300
-95.13482,28.49638,00300
-95.12302,28.50043,00300
-95.10905,28.51254,00300
-95.09525,28.52263,00300
-95.10060,28.54515,00300
-95.09960,28.56761,00300
-95.10835,28.56949,00300
-95.13383,28.57736,00300
-95.14185,28.59048,00300
-95.15243,28.61304,00300
-95.15016,28.63550,00300
-95.13974,28.65787,00300
-95.13605,28.68030,00300
-95.13668,28.70278,00300
-95.13486,28.72523,00300
-95.14149,28.74777,00300
-95.15714,28.76868,00300
-95.15891,28.77040,00300
-95.16473,28.79293,00300
-95.16924,28.81544,00300
-95.15656,28.83779,00300
-95.15630,28.83808,00300
-95.13041,28.85776,00300
-95.12764,28.86000,00300
-95.12959,28.88249,00300
-95.13010,28.88347,00300
-95.14289,28.90509,00300
-95.15527,28.92448,00300
-95.15703,28.92769,00300
-95.17635,28.95034,00300
-95.18048,28.96435,00300
-95.18213,28.97287,00300
-95.19267,28.99544,00300
-95.20562,29.01197,00300
-95.20979,29.01806,00300
-95.20549,29.02276,00300
-95.17968,29.03213,00300
-95.16302,29.01764,00300
-95.15434,29.00169,00300
-95.12865,29.00142,00300
-95.11572,29.01720,00300
-95.11688,29.03969,00300
-95.12555,29.06225,00300
-95.12783,29.06797,00300
-95.13127,29.08477,00300
-95.14275,29.10736,00300
-95.15281,29.12906,00300
-95.15298,29.12993,00300
-95.17827,29.15211,00300
-95.18593,29.15271,00300
-95.20396,29.15560,00300
-95.21066,29.15293,00300
-95.22979,29.14745,00300
-95.24885,29.15325,00300
-95.25542,29.15678,00300
-95.28089,29.17599,00300
-95.28095,29.17607,00300
-95.30656,29.18889,00300
-95.33225,29.19429,00300
-95.35697,29.19907,00300
-95.35795,29.19957,00300
-95.37471,29.22168,00300
-95.38316,29.24422,00300
-95.37830,29.26666,00300
-95.38193,29.28916,00300
-95.37314,29.31158,00300
-95.38252,29.32071,00300
-95.40829,29.32101,00300
-95.43399,29.33072,00300
-95.43826,29.31205,00300
-95.43649,29.28956,00300
-95.43455,29.26982,00300
-95.43224,29.26705,00300
-95.42290,29.24451,00300
-95.41652,29.22199,00300
-95.43517,29.20253,00300
-95.44705,29.19972,00300
-95.46098,29.19579,00300
-95.48687,29.17829,00300
-95.48740,29.17752,00300
-95.48854,29.15505,00300
-95.51298,29.13507,00300
-95.53868,29.13862,00300
-95.56431,29.15216,00300
-95.59002,29.15461,00300
-95.60786,29.13331,00300
-95.61607,29.11119,00300
-95.61621,29.11088,00300
-95.62956,29.08848,00300
-95.63644,29.06604,00300
-95.64214,29.06249,00300
-95.64840,29.06611,00300
-95.66771,29.08455,00300
-95.69341,29.08606,00300
-95.71910,29.06647,00300
-95.71925,29.06640,00300
-95.74506,29.05222,00300
-95.77072,29.05923,00300
-95.77807,29.04426,00300
-95.78943,29.02183,00300
-95.77922,28.99932,00300
-95.77113,28.98793,00300
-95.76337,28.97678,00300
-95.76154,28.95429,00300
-95.76553,28.93184,00300
-95.76490,28.90936,00300
-95.76186,28.88687,00300
-95.76023,28.86440,00300
-95.75635,28.84190,00300
-95.75498,28.81943,00300
-95.74654,28.80459,00300
-95.74168,28.79690,00300
-95.72631,28.77436,00300
-95.72883,28.75189,00300
-95.72751,28.72942,00300
-95.73007,28.70695,00300
-95.73721,28.68452,00300
-95.74005,28.66206,00300
-95.73569,28.63958,00300
-95.73450,28.61710,00300
-95.74545,28.59468,00300
-95.74781,28.59132,00300
-95.77347,28.57990,00300
-95.79908,28.57503,00300
-95.80682,28.57248,00300
-95.82479,28.55022,00300
-95.82485,28.55009,00300
-95.82480,28.54906,00300
-95.82275,28.52761,00300
-95.81638,28.50512,00300
-95.79954,28.49060,00300
-95.77972,28.48249,00300
-95.77404,28.47904,00300
-95.74851,28.47320,00300
-95.73378,28.45982,00300
-95.73291,28.43735,00300
-95.72330,28.41882,00300
-95.72183,28.41483,00300
-95.72335,28.41025,00300
-95.73111,28.39241,00300
-95.72355,28.37729,00300
-95.72234,28.36990,00300
-95.72362,28.36694,00300
-95.74444,28.34754,00300
-95.74931,28.34044,00300
-95.76227,28.32516,00300
-95.75471,28.30266,00300
-95.74955,28.29859,00300
-95.72887,28.28007,00300
-95.72420,28.27244,00300
-95.72072,28.25757,00300
-95.71708,28.23509,00300
-95.71225,28.21260,00300
-95.71980,28.19018,00300
-95.72012,28.16772,00300
-95.72491,28.15856,00300
-95.74139,28.14536,00300
-95.75052,28.13458,00300
-95.76171,28.12298,00300
-95.75101,28.10048,00300
-95.75072,28.10024,00300
-95.72539,28.08018,00300
-95.72383,28.07789,00300
-95.71999,28.05541,00300
-95.71442,28.03292,00300
-95.71205,28.01045,00300
-95.71960,27.98803,00300
-95.72025,27.96557,00300
-95.72617,27.95391,00300
-95.73856,27.94320,00300
-95.75178,27.92216,00300
-95.75262,27.92081,00300
-95.75182,27.91334,00300
-95.75007,27.89834,00300
-95.74934,27.87588,00300
-95.74750,27.85341,00300
-95.74821,27.83096,00300
-95.74812,27.80850,00300
-95.74606,27.78604,00300
-95.74760,27.76359,00300
-95.75134,27.74115,00300
-95.75288,27.73358,00300
-95.75574,27.71872,00300
-95.75300,27.71398,00300
-95.74037,27.69619,00300
-95.72780,27.68620,00300
-95.71558,27.67362,00300
-95.70267,27.65161,00300
-95.70234,27.65110,00300
-95.68928,27.62858,00300
-95.68404,27.60611,00300
-95.67939,27.58363,00300
-95.67778,27.58129,00300
-95.67059,27.56113,00300
-95.65273,27.54029,00300
-95.65043,27.53857,00300
-95.62753,27.52505,00300
-95.60224,27.51983,00300
-95.58511,27.51575,00300
       </coordinates>
      </LinearRing>
     </outerBoundaryIs>
     <innerBoundaryIs>
      <LinearRing>
       <coordinates>
-95.38494,29.06443,00300
-95.38501,29.06436,00300
-95.38506,29.06443,00300
-95.38500,29.06469,00300
-95.38494,29.06443,00300
       </coordinates>
      </LinearRing>
     </innerBoundaryIs>
    </Polygon>
    <Polygon>
     <extrude>1</extrude>
     <altitudeMode>clampToGround</altitudeMode>
     <outerBoundaryIs>
      <LinearRing>
       <coordinates>
-95.05535,29.21890,00300
-95.04889,29.20547,00300
-95.02309,29.20926,00300
-95.01958,29.21854,00300
-95.02290,29.22367,00300
-95.04860,29.22730,00300
-95.05535,29.21890,00300
       </coordinates>
      </LinearRing>
     </outerBoundaryIs>
    </Polygon>
    <Polygon>
     <extrude>1</extrude>
     <altitudeMode>clampToGround</altitudeMode>
     <outerBoundaryIs>
      <LinearRing>
       <coordinates>
-95.29090,29.26598,00300
-95.28011,29.25498,00300
-95.25436,29.25323,00300
-95.22865,29.24943,00300
-95.20290,29.24803,00300
-95.17709,29.25238,00300
-95.16689,29.26492,00300
-95.16822,29.28741,00300
-95.15064,29.30871,00300
-95.12518,29.30949,00300
-95.12486,29.30951,00300
-95.10810,29.33181,00300
-95.10360,29.35424,00300
-95.10370,29.37672,00300
-95.09796,29.39801,00300
-95.09653,29.39913,00300
-95.09792,29.40156,00300
-95.10182,29.42166,00300
-95.09753,29.43258,00300
-95.07172,29.43230,00300
-95.06776,29.42133,00300
-95.04634,29.39937,00300
-95.02031,29.41644,00300
-95.01842,29.42083,00300
-95.02020,29.42425,00300
-95.04350,29.44357,00300
-95.04573,29.44554,00300
-95.06103,29.46622,00300
-95.05479,29.48864,00300
-95.04556,29.51102,00300
-95.04651,29.53351,00300
-95.06157,29.55614,00300
-95.06600,29.57866,00300
-95.06769,29.60116,00300
-95.06673,29.62363,00300
-95.06916,29.62996,00300
-95.09256,29.64637,00300
-95.09480,29.64782,00300
-95.12057,29.65460,00300
-95.13332,29.64675,00300
-95.14664,29.63858,00300
-95.15376,29.62446,00300
-95.15651,29.60201,00300
-95.16120,29.57957,00300
-95.16138,29.55709,00300
-95.14789,29.53585,00300
-95.14480,29.53446,00300
-95.12230,29.51580,00300
-95.12061,29.51175,00300
-95.11415,29.48921,00300
-95.10954,29.46669,00300
-95.12314,29.44825,00300
-95.13882,29.44449,00300
-95.14902,29.44241,00300
-95.16199,29.42222,00300
-95.17126,29.39982,00300
-95.17546,29.38969,00300
-95.18469,29.37747,00300
-95.18229,29.35497,00300
-95.17596,29.34748,00300
-95.16387,29.33232,00300
-95.15214,29.30974,00300
-95.17657,29.29629,00300
-95.20238,29.29325,00300
-95.21550,29.28783,00300
-95.22832,29.27817,00300
-95.25415,29.27229,00300
-95.27986,29.27793,00300
-95.29090,29.26598,00300
       </coordinates>
      </LinearRing>
     </outerBoundaryIs>
    </Polygon>
    <Polygon>
     <extrude>1</extrude>
     <altitudeMode>clampToGround</altitudeMode>
     <outerBoundaryIs>
      <LinearRing>
       <coordinates>
-95.34338,29.55861,00300
-95.32856,29.55434,00300
-95.31966,29.55843,00300
-95.32246,29.58093,00300
-95.32825,29.58348,00300
-95.33678,29.58104,00300
-95.34338,29.55861,00300
       </coordinates>
      </LinearRing>
     </outerBoundaryIs>
    </Polygon>
    <Polygon>
     <extrude>1</extrude>
     <altitudeMode>clampToGround</altitudeMode>
     <outerBoundaryIs>
      <LinearRing>
       <coordinates>
-95.25435,29.55790,00300
-95.25104,29.55356,00300
-95.22522,29.55208,00300
-95.22065,29.55761,00300
-95.22437,29.58012,00300
-95.22489,29.58054,00300
-95.23378,29.58021,00300
-95.25082,29.57414,00300
-95.25435,29.55790,00300
       </coordinates>
      </LinearRing>
     </outerBoundaryIs>
    </Polygon>
    <Polygon>
     <extrude>1</extrude>
     <altitudeMode>clampToGround</altitudeMode>
     <outerBoundaryIs>
      <LinearRing>
       <coordinates>
-94.89359,29.75671,00300
-94.88637,29.74852,00300
-94.87697,29.75652,00300
-94.87521,29.77898,00300
-94.88498,29.80158,00300
-94.88239,29.82403,00300
-94.88521,29.82626,00300
-94.88872,29.82410,00300
-94.88625,29.80159,00300
-94.89599,29.77921,00300
-94.89359,29.75671,00300
       </coordinates>
      </LinearRing>
     </outerBoundaryIs>
    </Polygon>
    <Polygon>
     <extrude>1</extrude>
     <altitudeMode>clampToGround</altitudeMode>
     <outerBoundaryIs>
      <LinearRing>
       <coordinates>
-95.14542,29.80423,00300
-95.14463,29.80334,00300
-95.11874,29.80231,00300
-95.11560,29.80396,00300
-95.11125,29.82639,00300
-95.11834,29.83408,00300
-95.13797,29.84912,00300
-95.13436,29.87157,00300
-95.14371,29.87892,00300
-95.14886,29.87170,00300
-95.14678,29.84920,00300
-95.15285,29.82678,00300
-95.14542,29.80423,00300
       </coordinates>
      </LinearRing>
     </outerBoundaryIs>
    </Polygon>
    <Polygon>
     <extrude>1</extrude>
     <altitudeMode>clampToGround</altitudeMode>
     <outerBoundaryIs>
      <LinearRing>
       <coordinates>
-95.10223,29.96120,00300
-95.09098,29.94724,00300
-95.06554,29.96085,00300
-95.07244,29.98339,00300
-95.09050,29.98504,00300
-95.09284,29.98359,00300
-95.10223,29.96120,00300
       </coordinates>
      </LinearRing>
     </outerBoundaryIs>
    </Polygon>
    <Polygon>
     <extrude>1</extrude>
     <altitudeMode>clampToGround</altitudeMode>
     <outerBoundaryIs>
      <LinearRing>
       <coordinates>
-95.04619,30.00562,00300
-95.03844,29.99639,00300
-95.02794,30.00544,00300
-95.02782,30.02792,00300
-95.03794,30.03359,00300
-95.04395,30.02808,00300
-95.04619,30.00562,00300
       </coordinates>
      </LinearRing>
     </outerBoundaryIs>
    </Polygon>
    <Polygon>
     <extrude>1</extrude>
     <altitudeMode>clampToGround</altitudeMode>
     <outerBoundaryIs>
      <LinearRing>
       <coordinates>
-94.89935,30.16146,00300
-94.88039,30.14923,00300
-94.86956,30.16112,00300
-94.87151,30.18363,00300
-94.87964,30.19956,00300
-94.89534,30.18390,00300
-94.89935,30.16146,00300
       </coordinates>
      </LinearRing>
     </outerBoundaryIs>
    </Polygon>
    <Polygon>
     <extrude>1</extrude>
     <altitudeMode>clampToGround</altitudeMode>
     <outerBoundaryIs>
      <LinearRing>
       <coordinates>
-94.69500,30.56376,00300
-94.69144,30.55976,00300
-94.68625,30.56365,00300
-94.67877,30.58604,00300
-94.66531,30.60835,00300
-94.66947,30.63089,00300
-94.68990,30.65034,00300
-94.71620,30.64046,00300
-94.72222,30.63156,00300
-94.72195,30.60907,00300
-94.71683,30.60322,00300
-94.70387,30.58636,00300
-94.69500,30.56376,00300
       </coordinates>
      </LinearRing>
     </outerBoundaryIs>
    </Polygon>
    <Polygon>
     <extrude>1</extrude>
     <altitudeMode>clampToGround</altitudeMode>
     <outerBoundaryIs>
      <LinearRing>
       <coordinates>
-94.74287,30.72174,00300
-94.74107,30.71675,00300
-94.73804,30.72168,00300
-94.74095,30.72448,00300
-94.74287,30.72174,00300
       </coordinates>
      </LinearRing>
     </outerBoundaryIs>
    </Polygon>
   </MultiGeometry>
  </Placemark>
  <Placemark>
   <name>Contour Level: 3.2E-14 mass/m3</name>
   <Snippet maxLines="0"></Snippet>
   <TimeSpan>
    <begin>2026-01-25T16:00:00Z</begin>
    <end>2026-01-25T17:00:00Z</end>
   </TimeSpan>
   <styleUrl>#conc4</styleUrl>
   <MultiGeometry>
    <Polygon>
     <extrude>1</extrude>
     <altitudeMode>clampToGround</altitudeMode>
     <outerBoundaryIs>
      <LinearRing>
       <coordinates>
-95.55882,28.16683,00500
-95.54659,28.15445,00500
-95.52113,28.15248,00500
-95.49558,28.16103,00500
-95.48495,28.16636,00500
-95.46996,28.17765,00500
-95.46095,28.18867,00500
-95.44823,28.21104,00500
-95.44405,28.22546,00500
-95.44012,28.23344,00500
-95.42965,28.25584,00500
-95.41809,28.27486,00500
-95.41670,28.27821,00500
-95.39966,28.30055,00500
-95.39217,28.31846,00500
-95.36664,28.32005,00500
-95.36390,28.32274,00500
-95.34097,28.33403,00500
-95.31853,28.34486,00500
-95.31532,28.34735,00500
-95.28961,28.36374,00500
-95.28833,28.36708,00500
-95.28240,28.38950,00500
-95.27773,28.41193,00500
-95.27748,28.43439,00500
-95.27999,28.45688,00500
-95.27990,28.47935,00500
-95.27716,28.50179,00500
-95.27580,28.52425,00500
-95.27085,28.54667,00500
-95.26926,28.56913,00500
-95.27185,28.59162,00500
-95.28381,28.61419,00500
-95.27789,28.63661,00500
-95.28010,28.65910,00500
-95.28629,28.67782,00500
-95.28712,28.68163,00500
-95.29093,28.70413,00500
-95.29239,28.72661,00500
-95.30742,28.74920,00500
-95.31110,28.75451,00500
-95.32326,28.77180,00500
-95.33100,28.79434,00500
-95.32558,28.81677,00500
-95.33343,28.83930,00500
-95.33229,28.86176,00500
-95.33558,28.86780,00500
-95.34727,28.88435,00500
-95.35702,28.90690,00500
-95.36071,28.92175,00500
-95.36245,28.92941,00500
-95.38610,28.95112,00500
-95.39028,28.95210,00500
-95.41167,28.96384,00500
-95.43731,28.96868,00500
-95.46305,28.96250,00500
-95.48876,28.95960,00500
-95.50687,28.97538,00500
-95.51421,28.98781,00500
-95.53330,28.99801,00500
-95.53976,29.00470,00500
-95.54258,28.99807,00500
-95.56565,28.98029,00500
-95.59137,28.97702,00500
-95.61700,28.98532,00500
-95.64265,28.99094,00500
-95.66457,28.97630,00500
-95.66850,28.96861,00500
-95.67627,28.95388,00500
-95.68309,28.93144,00500
-95.68456,28.90898,00500
-95.67651,28.88646,00500
-95.66918,28.86780,00500
-95.66841,28.86395,00500
-95.66924,28.85922,00500
-95.67616,28.84151,00500
-95.67525,28.81905,00500
-95.67378,28.79656,00500
-95.66972,28.78757,00500
-95.66675,28.77406,00500
-95.66853,28.75159,00500
-95.66756,28.72912,00500
-95.66221,28.70662,00500
-95.65257,28.68410,00500
-95.65019,28.66161,00500
-95.64507,28.64750,00500
-95.64143,28.63910,00500
-95.64527,28.61741,00500
-95.64539,28.61665,00500
-95.64528,28.61621,00500
-95.63869,28.59414,00500
-95.64556,28.57650,00500
-95.64693,28.57172,00500
-95.64563,28.56633,00500
-95.63835,28.54921,00500
-95.64002,28.52675,00500
-95.63245,28.50424,00500
-95.62507,28.48173,00500
-95.62164,28.45924,00500
-95.62315,28.43678,00500
-95.62106,28.42765,00500
-95.61885,28.41430,00500
-95.62127,28.39184,00500
-95.61507,28.36934,00500
-95.60581,28.34682,00500
-95.59625,28.32775,00500
-95.59259,28.32428,00500
-95.58001,28.30174,00500
-95.57927,28.27927,00500
-95.58029,28.25682,00500
-95.58667,28.23439,00500
-95.59383,28.21197,00500
-95.57378,28.18939,00500
-95.57182,28.18642,00500
-95.55882,28.16683,00500
       </coordinates>
      </LinearRing>
     </outerBoundaryIs>
    </Polygon>
   </MultiGeometry>
  </Placemark>
  <Placemark>
   <name>Maximum Value Grid Cell</name>
   <Snippet maxLines="0"></Snippet>
   <description><![CDATA[<pre>
LAT:   28.8176 LON:  -95.4387
Value: 7.8E-14
      The square represents the location
      of maximum concentration and the
      size of the square represents the
      concentration grid cell size.
    </pre>]]>
   </description>
   <TimeSpan>
    <begin>2026-01-25T16:00:00Z</begin>
    <end>2026-01-25T17:00:00Z</end>
   </TimeSpan>
   <styleUrl>#maxv</styleUrl>
   <Polygon>
    <extrude>1</extrude>
    <altitudeMode>clampToGround</altitudeMode>
    <outerBoundaryIs>
     <LinearRing>
      <coordinates>
        -95.46453,28.79531,00100
        -95.41325,28.79495,00100
        -95.41283,28.83989,00100
        -95.46413,28.84025,00100
        -95.46453,28.79531,00100
      </coordinates>
     </LinearRing>
    </outerBoundaryIs>
   </Polygon>
  </Placemark>
 </Folder>
 <Folder>
  <name><![CDATA[<pre>Concentration 
(Valid:20260125 1800UTC)</pre>]]>
  </name>
  <visibility>0</visibility>
  <description><![CDATA[<pre>
Averaged from 00000 to 00100m
Valid:20260125 1800 UTC
   </pre>]]>
  </description>
  <ScreenOverlay>
   <name>Legend</name>
   <Snippet maxLines="0"></Snippet>
   <TimeSpan>
    <begin>2026-01-25T17:00:00Z</begin>
    <end>2026-01-25T18:00:00Z</end>
   </TimeSpan>
   <Icon>
    <href>GELABEL_18_22130.gif</href>
   </Icon>
   <overlayXY x="0" y="1" xunits="fraction" yunits="fraction"/>
   <screenXY x="0" y="1" xunits="fraction" yunits="fraction"/>
   <rotationXY x="0" y="0" xunits="fraction" yunits="fraction"/>
   <size x="0" y="0" xunits="pixels" yunits="pixels"/>
  </ScreenOverlay>
  <Placemark>
   <name>Contour Level: 3.2E-15 mass/m3</name>
   <Snippet maxLines="0"></Snippet>
   <TimeSpan>
    <begin>2026-01-25T17:00:00Z</begin>
    <end>2026-01-25T18:00:00Z</end>
   </TimeSpan>
   <styleUrl>#conc2</styleUrl>
   <MultiGeometry>
    <Polygon>
     <extrude>1</extrude>
     <altitudeMode>clampToGround</altitudeMode>
     <outerBoundaryIs>
      <LinearRing>
       <coordinates>
-95.80182,26.82114,00100
-95.78342,26.80217,00100
-95.75829,26.80181,00100
-95.73316,26.80126,00100
-95.70795,26.81310,00100
-95.68368,26.82059,00100
-95.70016,26.84311,00100
-95.68248,26.86471,00100
-95.68221,26.86545,00100
-95.68244,26.87089,00100
-95.68460,26.88790,00100
-95.68232,26.88964,00100
-95.66774,26.91024,00100
-95.65698,26.91688,00100
-95.63172,26.93030,00100
-95.60659,26.92569,00100
-95.58595,26.93222,00100
-95.58138,26.93294,00100
-95.57594,26.93216,00100
-95.55624,26.92767,00100
-95.54356,26.93196,00100
-95.53103,26.93428,00100
-95.50587,26.93335,00100
-95.48064,26.93979,00100
-95.45543,26.94537,00100
-95.43021,26.95113,00100
-95.42517,26.95360,00100
-95.40483,26.97317,00100
-95.39988,26.97585,00100
-95.38725,26.99820,00100
-95.37925,27.01548,00100
-95.36768,27.02048,00100
-95.35396,27.02624,00100
-95.33497,27.04267,00100
-95.32855,27.04737,00100
-95.30321,27.06178,00100
-95.29823,27.06481,00100
-95.27795,27.06782,00100
-95.26010,27.08693,00100
-95.25248,27.09235,00100
-95.22712,27.10658,00100
-95.22314,27.10906,00100
-95.20993,27.13138,00100
-95.20175,27.15375,00100
-95.20129,27.16078,00100
-95.19953,27.17617,00100
-95.19441,27.19857,00100
-95.19942,27.22106,00100
-95.18070,27.24334,00100
-95.17501,27.25158,00100
-95.16474,27.26564,00100
-95.14943,27.27967,00100
-95.13094,27.28776,00100
-95.12405,27.29035,00100
-95.09871,27.29702,00100
-95.07330,27.30822,00100
-95.07191,27.30963,00100
-95.05299,27.33189,00100
-95.04769,27.33554,00100
-95.03010,27.35410,00100
-95.02197,27.37016,00100
-95.02042,27.37645,00100
-95.02174,27.38742,00100
-95.02388,27.39894,00100
-95.02151,27.40481,00100
-95.01791,27.42133,00100
-95.01933,27.44379,00100
-95.01340,27.46618,00100
-95.00395,27.48853,00100
-94.99634,27.51090,00100
-94.99470,27.51836,00100
-94.98672,27.53325,00100
-94.98761,27.55571,00100
-94.99255,27.57821,00100
-94.98754,27.60062,00100
-94.99348,27.60889,00100
-94.99657,27.62316,00100
-94.99319,27.63102,00100
-94.97756,27.64541,00100
-94.97643,27.66785,00100
-94.96726,27.67289,00100
-94.94169,27.68876,00100
-94.93613,27.68987,00100
-94.91624,27.69506,00100
-94.89083,27.69845,00100
-94.87770,27.71167,00100
-94.87110,27.73405,00100
-94.86639,27.75645,00100
-94.86442,27.76947,00100
-94.86318,27.77887,00100
-94.86285,27.80132,00100
-94.85991,27.82375,00100
-94.85614,27.84617,00100
-94.85547,27.86861,00100
-94.84589,27.89096,00100
-94.84621,27.91343,00100
-94.83656,27.93426,00100
-94.83540,27.93576,00100
-94.83142,27.95817,00100
-94.82793,27.98059,00100
-94.82538,28.00302,00100
-94.82104,28.02543,00100
-94.81873,28.04786,00100
-94.80908,28.06780,00100
-94.80814,28.07020,00100
-94.79726,28.09253,00100
-94.78301,28.10680,00100
-94.77270,28.11469,00100
-94.76709,28.13709,00100
-94.76402,28.15952,00100
-94.76408,28.18198,00100
-94.76888,28.20450,00100
-94.76385,28.22691,00100
-94.75546,28.23792,00100
-94.74944,28.24920,00100
-94.73738,28.27151,00100
-94.72931,28.27794,00100
-94.70374,28.28162,00100
-94.69604,28.29345,00100
-94.67780,28.30756,00100
-94.67382,28.31563,00100
-94.66972,28.33805,00100
-94.65914,28.36037,00100
-94.65462,28.38278,00100
-94.65194,28.40521,00100
-94.65198,28.42768,00100
-94.65006,28.43720,00100
-94.64603,28.45007,00100
-94.64954,28.46812,00100
-94.65002,28.47260,00100
-94.64944,28.47409,00100
-94.63581,28.49488,00100
-94.62826,28.51725,00100
-94.62509,28.53967,00100
-94.62260,28.54777,00100
-94.61793,28.56205,00100
-94.61794,28.58452,00100
-94.61508,28.60695,00100
-94.61468,28.62942,00100
-94.61800,28.65194,00100
-94.62061,28.66242,00100
-94.62375,28.67448,00100
-94.63943,28.69716,00100
-94.64554,28.70192,00100
-94.65450,28.71983,00100
-94.67055,28.73810,00100
-94.67761,28.74261,00100
-94.69599,28.74963,00100
-94.71048,28.76550,00100
-94.70365,28.78789,00100
-94.69863,28.81030,00100
-94.69495,28.83272,00100
-94.69460,28.83332,00100
-94.66890,28.83583,00100
-94.64326,28.83463,00100
-94.61745,28.84354,00100
-94.61179,28.85411,00100
-94.60736,28.87652,00100
-94.59876,28.89888,00100
-94.59888,28.92136,00100
-94.59884,28.94383,00100
-94.61266,28.96650,00100
-94.61525,28.96978,00100
-94.63000,28.98920,00100
-94.64049,28.99586,00100
-94.65073,29.01195,00100
-94.64220,29.03431,00100
-94.63980,29.03573,00100
-94.61393,29.04538,00100
-94.60558,29.05631,00100
-94.59873,29.07869,00100
-94.59442,29.10111,00100
-94.59764,29.12363,00100
-94.58653,29.13983,00100
-94.57410,29.14579,00100
-94.56040,29.16208,00100
-94.53461,29.16500,00100
-94.53235,29.16769,00100
-94.50842,29.18902,00100
-94.50699,29.18981,00100
-94.48252,29.19675,00100
-94.45808,29.21158,00100
-94.45931,29.23408,00100
-94.48149,29.25118,00100
-94.48825,29.25698,00100
-94.50237,29.27966,00100
-94.50666,29.28323,00100
-94.53216,29.29819,00100
-94.53788,29.30264,00100
-94.54637,29.32524,00100
-94.54693,29.34772,00100
-94.55496,29.37031,00100
-94.53641,29.39254,00100
-94.53036,29.39611,00100
-94.51601,29.39225,00100
-94.50475,29.38545,00100
-94.47886,29.39053,00100
-94.47819,29.39171,00100
-94.45265,29.41151,00100
-94.44037,29.41364,00100
-94.44263,29.43616,00100
-94.45211,29.43958,00100
-94.47772,29.45047,00100
-94.50351,29.45175,00100
-94.52943,29.44627,00100
-94.54253,29.46006,00100
-94.54504,29.48258,00100
-94.55346,29.50517,00100
-94.55415,29.50631,00100
-94.55991,29.52774,00100
-94.56959,29.55035,00100
-94.57400,29.57290,00100
-94.57865,29.58063,00100
-94.59834,29.59571,00100
-94.60412,29.60238,00100
-94.60886,29.61833,00100
-94.60367,29.62750,00100
-94.58910,29.64055,00100
-94.58420,29.66296,00100
-94.57706,29.66874,00100
-94.57333,29.66281,00100
-94.56336,29.64020,00100
-94.55197,29.62587,00100
-94.54019,29.61740,00100
-94.52657,29.60112,00100
-94.52475,29.59470,00100
-94.50600,29.57195,00100
-94.50155,29.55660,00100
-94.49338,29.54929,00100
-94.50195,29.53511,00100
-94.50394,29.52696,00100
-94.50234,29.51407,00100
-94.49761,29.50439,00100
-94.47693,29.49228,00100
-94.45551,29.50378,00100
-94.45063,29.51657,00100
-94.43819,29.52601,00100
-94.44464,29.54859,00100
-94.44964,29.56796,00100
-94.44981,29.57115,00100
-94.44957,29.57141,00100
-94.43417,29.59340,00100
-94.44572,29.61605,00100
-94.44212,29.63848,00100
-94.44816,29.64483,00100
-94.47069,29.66138,00100
-94.47368,29.66313,00100
-94.49186,29.68416,00100
-94.49901,29.69170,00100
-94.50266,29.70680,00100
-94.50436,29.72931,00100
-94.50606,29.75181,00100
-94.51211,29.77438,00100
-94.52309,29.78860,00100
-94.54887,29.79541,00100
-94.56089,29.79754,00100
-94.57451,29.81070,00100
-94.57969,29.82028,00100
-94.58405,29.84282,00100
-94.58790,29.86536,00100
-94.57314,29.88667,00100
-94.57270,29.88764,00100
-94.55888,29.90993,00100
-94.55479,29.93236,00100
-94.54607,29.94831,00100
-94.53241,29.95453,00100
-94.51982,29.96437,00100
-94.49393,29.96096,00100
-94.48942,29.95393,00100
-94.46844,29.93744,00100
-94.46259,29.93106,00100
-94.45480,29.90846,00100
-94.45703,29.88601,00100
-94.45929,29.86356,00100
-94.46040,29.84109,00100
-94.45975,29.81860,00100
-94.45168,29.79600,00100
-94.44547,29.78347,00100
-94.41966,29.77856,00100
-94.40202,29.79527,00100
-94.39809,29.81769,00100
-94.39259,29.83735,00100
-94.39085,29.84007,00100
-94.39247,29.84340,00100
-94.39811,29.86266,00100
-94.39548,29.88511,00100
-94.39538,29.90759,00100
-94.39164,29.93001,00100
-94.39064,29.93536,00100
-94.38696,29.95243,00100
-94.39015,29.95948,00100
-94.39252,29.97500,00100
-94.38965,29.98505,00100
-94.38052,29.99730,00100
-94.38850,30.01991,00100
-94.38733,30.04237,00100
-94.38847,30.04357,00100
-94.39989,30.06504,00100
-94.41375,30.07890,00100
-94.42167,30.08785,00100
-94.43943,30.09442,00100
-94.45395,30.11081,00100
-94.45857,30.13336,00100
-94.46243,30.15590,00100
-94.46415,30.16036,00100
-94.47112,30.17851,00100
-94.48952,30.19403,00100
-94.49694,30.20136,00100
-94.50518,30.22396,00100
-94.50392,30.24643,00100
-94.50687,30.26895,00100
-94.49523,30.29128,00100
-94.48741,30.30478,00100
-94.47586,30.29100,00100
-94.46171,30.28716,00100
-94.43571,30.28519,00100
-94.40968,30.28440,00100
-94.39606,30.28984,00100
-94.38322,30.30564,00100
-94.37656,30.31203,00100
-94.36549,30.33435,00100
-94.35642,30.34229,00100
-94.33013,30.35386,00100
-94.31857,30.35612,00100
-94.30386,30.36427,00100
-94.27956,30.37799,00100
-94.27740,30.38259,00100
-94.27324,30.40038,00100
-94.26620,30.42275,00100
-94.27022,30.44530,00100
-94.26772,30.46775,00100
-94.27226,30.49031,00100
-94.26920,30.51274,00100
-94.26935,30.53523,00100
-94.26405,30.55764,00100
-94.26234,30.58009,00100
-94.25963,30.60254,00100
-94.25997,30.62503,00100
-94.26668,30.64762,00100
-94.27136,30.66658,00100
-94.27285,30.67020,00100
-94.29124,30.69298,00100
-94.29686,30.69710,00100
-94.30923,30.71574,00100
-94.32227,30.73280,00100
-94.34592,30.73879,00100
-94.34830,30.73932,00100
-94.35262,30.73890,00100
-94.37453,30.73596,00100
-94.40068,30.73636,00100
-94.41261,30.73979,00100
-94.42673,30.74143,00100
-94.43080,30.74006,00100
-94.45313,30.72935,00100
-94.46114,30.71801,00100
-94.45379,30.69584,00100
-94.45347,30.69542,00100
-94.44783,30.67285,00100
-94.45432,30.66865,00100
-94.46510,30.65062,00100
-94.47961,30.62834,00100
-94.48127,30.62617,00100
-94.50773,30.60884,00100
-94.50993,30.60627,00100
-94.52410,30.58399,00100
-94.52451,30.56151,00100
-94.52378,30.53901,00100
-94.51557,30.51641,00100
-94.52663,30.49408,00100
-94.52936,30.47163,00100
-94.53680,30.45070,00100
-94.56273,30.45896,00100
-94.58865,30.46796,00100
-94.59143,30.47248,00100
-94.59362,30.49499,00100
-94.60265,30.51760,00100
-94.61257,30.54022,00100
-94.61343,30.54132,00100
-94.63927,30.55658,00100
-94.64689,30.56315,00100
-94.65179,30.58570,00100
-94.66467,30.59776,00100
-94.69079,30.59809,00100
-94.70931,30.58643,00100
-94.71513,30.56401,00100
-94.71777,30.54651,00100
-94.71935,30.54158,00100
-94.71796,30.53567,00100
-94.71562,30.51905,00100
-94.71857,30.49888,00100
-94.71928,30.49661,00100
-94.71977,30.47413,00100
-94.71901,30.47261,00100
-94.70860,30.45151,00100
-94.69707,30.42888,00100
-94.69379,30.42083,00100
-94.67827,30.40616,00100
-94.66807,30.40058,00100
-94.64230,30.38336,00100
-94.64227,30.38321,00100
-94.64233,30.38163,00100
-94.64708,30.36079,00100
-94.66884,30.35610,00100
-94.69511,30.34326,00100
-94.69886,30.33896,00100
-94.70827,30.31660,00100
-94.69594,30.29411,00100
-94.69560,30.29395,00100
-94.67014,30.27970,00100
-94.66512,30.27108,00100
-94.65942,30.24852,00100
-94.67084,30.23931,00100
-94.69672,30.24793,00100
-94.69786,30.24901,00100
-94.71220,30.27168,00100
-94.72209,30.28742,00100
-94.74803,30.29355,00100
-94.74933,30.29462,00100
-94.75862,30.31722,00100
-94.76560,30.33978,00100
-94.77318,30.34898,00100
-94.79919,30.35162,00100
-94.81070,30.34032,00100
-94.81328,30.31787,00100
-94.80527,30.29529,00100
-94.80025,30.28479,00100
-94.77440,30.27303,00100
-94.77377,30.27243,00100
-94.77446,30.26929,00100
-94.77835,30.25000,00100
-94.77497,30.23765,00100
-94.77328,30.22746,00100
-94.77060,30.20494,00100
-94.76037,30.18233,00100
-94.75771,30.15981,00100
-94.75454,30.13729,00100
-94.75624,30.11483,00100
-94.75171,30.09229,00100
-94.75557,30.06985,00100
-94.75188,30.05728,00100
-94.74352,30.04723,00100
-94.72626,30.03541,00100
-94.71830,30.02443,00100
-94.71587,30.00191,00100
-94.71183,29.97939,00100
-94.70479,29.95681,00100
-94.70169,29.95253,00100
-94.69010,29.93414,00100
-94.68963,29.91165,00100
-94.70252,29.90297,00100
-94.72867,29.88981,00100
-94.74803,29.91238,00100
-94.75032,29.93489,00100
-94.74957,29.95737,00100
-94.75334,29.96772,00100
-94.75547,29.97992,00100
-94.76761,30.00255,00100
-94.77859,30.01130,00100
-94.80439,30.02188,00100
-94.80653,30.02550,00100
-94.83007,30.04077,00100
-94.85411,30.02605,00100
-94.85412,30.00357,00100
-94.83090,29.98686,00100
-94.82524,29.98075,00100
-94.82671,29.95829,00100
-94.83154,29.94533,00100
-94.85745,29.94770,00100
-94.88329,29.95532,00100
-94.90104,29.95913,00100
-94.90908,29.96579,00100
-94.92341,29.98186,00100
-94.92455,30.00435,00100
-94.92695,30.02686,00100
-94.93407,30.03268,00100
-94.95679,30.02718,00100
-94.96040,30.00719,00100
-94.96091,30.00474,00100
-94.96044,30.00430,00100
-94.94379,29.98208,00100
-94.94197,29.95958,00100
-94.93528,29.94859,00100
-94.92642,29.93692,00100
-94.92349,29.91441,00100
-94.93177,29.89202,00100
-94.92799,29.86950,00100
-94.93668,29.85114,00100
-94.94335,29.84718,00100
-94.95567,29.82483,00100
-94.94598,29.80224,00100
-94.93755,29.79009,00100
-94.92920,29.80206,00100
-94.92023,29.82445,00100
-94.92429,29.84697,00100
-94.91079,29.84912,00100
-94.88490,29.84714,00100
-94.88281,29.84651,00100
-94.85916,29.83504,00100
-94.84773,29.82363,00100
-94.83489,29.80101,00100
-94.83378,29.80021,00100
-94.80810,29.78557,00100
-94.78232,29.77798,00100
-94.78222,29.77790,00100
-94.78069,29.75540,00100
-94.77563,29.73286,00100
-94.77407,29.71036,00100
-94.77757,29.68792,00100
-94.77484,29.66540,00100
-94.78439,29.64774,00100
-94.80195,29.66573,00100
-94.80972,29.68233,00100
-94.81433,29.68835,00100
-94.83538,29.69602,00100
-94.86116,29.70299,00100
-94.88693,29.71035,00100
-94.91299,29.69788,00100
-94.92832,29.68965,00100
-94.93906,29.68533,00100
-94.96516,29.66922,00100
-94.96735,29.66758,00100
-94.99133,29.64746,00100
-95.01711,29.65405,00100
-95.02030,29.66813,00100
-95.04273,29.67291,00100
-95.04432,29.66837,00100
-95.04286,29.66261,00100
-95.01800,29.64563,00100
-95.01733,29.63811,00100
-95.01702,29.62313,00100
-95.01753,29.62248,00100
-95.04352,29.61320,00100
-95.06928,29.62060,00100
-95.09521,29.61481,00100
-95.09875,29.60147,00100
-95.11101,29.57910,00100
-95.10947,29.55660,00100
-95.09612,29.54319,00100
-95.07035,29.53809,00100
-95.04457,29.53376,00100
-95.04322,29.53348,00100
-95.02999,29.51087,00100
-95.04492,29.50676,00100
-95.07082,29.50128,00100
-95.09671,29.49690,00100
-95.11200,29.48919,00100
-95.11989,29.46678,00100
-95.11531,29.44427,00100
-95.10687,29.42171,00100
-95.11015,29.39926,00100
-95.12183,29.37689,00100
-95.12408,29.37256,00100
-95.13860,29.35457,00100
-95.14767,29.33217,00100
-95.15047,29.32327,00100
-95.15354,29.30975,00100
-95.16185,29.28735,00100
-95.16665,29.26492,00100
-95.16677,29.24244,00100
-95.16403,29.21994,00100
-95.16122,29.19744,00100
-95.15896,29.17494,00100
-95.16485,29.15252,00100
-95.17842,29.13946,00100
-95.19842,29.13034,00100
-95.20431,29.12592,00100
-95.21851,29.10804,00100
-95.23029,29.10317,00100
-95.25599,29.10539,00100
-95.26107,29.10840,00100
-95.27008,29.13095,00100
-95.28132,29.14233,00100
-95.30717,29.13132,00100
-95.30726,29.13126,00100
-95.30717,29.13105,00100
-95.30164,29.10874,00100
-95.28181,29.09617,00100
-95.27336,29.08603,00100
-95.27023,29.06353,00100
-95.26012,29.04097,00100
-95.25687,29.02566,00100
-95.23445,29.01828,00100
-95.25696,29.01715,00100
-95.27232,28.99612,00100
-95.27448,28.97367,00100
-95.28036,28.95124,00100
-95.28212,28.92878,00100
-95.28365,28.92418,00100
-95.30933,28.92381,00100
-95.31875,28.92907,00100
-95.33489,28.93511,00100
-95.36045,28.94742,00100
-95.36631,28.95192,00100
-95.37698,28.97447,00100
-95.38571,28.99123,00100
-95.39491,28.97460,00100
-95.39683,28.95214,00100
-95.40438,28.92972,00100
-95.41216,28.91155,00100
-95.41386,28.90732,00100
-95.43801,28.89154,00100
-95.45029,28.88510,00100
-95.45789,28.86268,00100
-95.45564,28.84019,00100
-95.45863,28.81775,00100
-95.46445,28.80461,00100
-95.47302,28.79537,00100
-95.49023,28.78788,00100
-95.51101,28.77315,00100
-95.51022,28.75067,00100
-95.49598,28.72811,00100
-95.51645,28.71876,00100
-95.53110,28.70586,00100
-95.54221,28.70155,00100
-95.56785,28.69916,00100
-95.59351,28.69337,00100
-95.61901,28.68391,00100
-95.61919,28.68376,00100
-95.64489,28.67257,00100
-95.65159,28.66162,00100
-95.65878,28.63919,00100
-95.66563,28.61676,00100
-95.67094,28.60785,00100
-95.68083,28.59437,00100
-95.68752,28.57194,00100
-95.69468,28.54950,00100
-95.69695,28.54286,00100
-95.70839,28.52710,00100
-95.70808,28.50463,00100
-95.70251,28.48214,00100
-95.69978,28.45966,00100
-95.69751,28.45568,00100
-95.69309,28.43715,00100
-95.68960,28.41467,00100
-95.69501,28.39223,00100
-95.69801,28.37840,00100
-95.70192,28.36980,00100
-95.70494,28.34735,00100
-95.71381,28.32493,00100
-95.70673,28.30243,00100
-95.69858,28.29084,00100
-95.69521,28.27991,00100
-95.69057,28.25742,00100
-95.68504,28.23493,00100
-95.67564,28.21242,00100
-95.68812,28.19002,00100
-95.68706,28.16755,00100
-95.69447,28.14513,00100
-95.69965,28.12409,00100
-95.70055,28.12269,00100
-95.69967,28.12010,00100
-95.69675,28.10021,00100
-95.69073,28.07773,00100
-95.68871,28.05525,00100
-95.68325,28.03276,00100
-95.67783,28.01028,00100
-95.69068,27.98789,00100
-95.69347,27.96544,00100
-95.70077,27.94907,00100
-95.70504,27.94304,00100
-95.72426,27.92068,00100
-95.72639,27.91584,00100
-95.74201,27.89830,00100
-95.74710,27.87587,00100
-95.75217,27.85526,00100
-95.75269,27.85344,00100
-95.75994,27.83101,00100
-95.76437,27.80858,00100
-95.77795,27.78791,00100
-95.77889,27.78618,00100
-95.78564,27.76376,00100
-95.79733,27.74135,00100
-95.80363,27.73255,00100
-95.80989,27.71895,00100
-95.81472,27.69652,00100
-95.82114,27.67409,00100
-95.82484,27.65165,00100
-95.82079,27.62918,00100
-95.82354,27.60675,00100
-95.82970,27.59411,00100
-95.83176,27.58432,00100
-95.83296,27.56188,00100
-95.83927,27.53945,00100
-95.84450,27.51702,00100
-95.84676,27.49459,00100
-95.85353,27.47216,00100
-95.85183,27.44970,00100
-95.85446,27.42727,00100
-95.85537,27.40482,00100
-95.85596,27.40155,00100
-95.85876,27.38239,00100
-95.86315,27.35996,00100
-95.87329,27.33755,00100
-95.87589,27.31511,00100
-95.88168,27.30421,00100
-95.89994,27.29275,00100
-95.90704,27.28099,00100
-95.93230,27.28193,00100
-95.94705,27.27046,00100
-95.95765,27.25599,00100
-95.96762,27.24808,00100
-95.98297,27.23540,00100
-95.98575,27.22569,00100
-95.98614,27.20324,00100
-95.98315,27.18535,00100
-95.98044,27.18078,00100
-95.97880,27.15834,00100
-95.98112,27.13590,00100
-95.97954,27.11345,00100
-95.98341,27.11015,00100
-95.99329,27.09105,00100
-96.00023,27.06863,00100
-96.00258,27.04620,00100
-96.00676,27.02377,00100
-96.00426,27.00133,00100
-95.99975,26.97888,00100
-95.99495,26.95642,00100
-95.98401,26.94047,00100
-95.97012,26.93392,00100
-95.95889,26.92678,00100
-95.93376,26.91724,00100
-95.90860,26.91675,00100
-95.89007,26.91123,00100
-95.88348,26.90818,00100
-95.85837,26.89759,00100
-95.84618,26.88863,00100
-95.83332,26.87649,00100
-95.81643,26.86607,00100
-95.80830,26.85116,00100
-95.80546,26.84360,00100
-95.80182,26.82114,00100
       </coordinates>
      </LinearRing>
     </outerBoundaryIs>
    </Polygon>
    <Polygon>
     <extrude>1</extrude>
     <altitudeMode>clampToGround</altitudeMode>
     <outerBoundaryIs>
      <LinearRing>
       <coordinates>
-94.54417,28.71834,00100
-94.54280,28.71607,00100
-94.54002,28.71828,00100
-94.51736,28.74044,00100
-94.51672,28.74070,00100
-94.49936,28.76266,00100
-94.50617,28.78523,00100
-94.51577,28.79247,00100
-94.54127,28.80025,00100
-94.56133,28.78600,00100
-94.56337,28.76356,00100
-94.55212,28.74092,00100
-94.54417,28.71834,00100
       </coordinates>
      </LinearRing>
     </outerBoundaryIs>
     <innerBoundaryIs>
      <LinearRing>
       <coordinates>
-94.72423,28.87804,00100
-94.74542,28.86322,00100
-94.77106,28.86497,00100
-94.79658,28.87404,00100
-94.79781,28.87894,00100
-94.79648,28.88035,00100
-94.77077,28.88303,00100
-94.74509,28.88375,00100
-94.72423,28.87804,00100
       </coordinates>
      </LinearRing>
     </innerBoundaryIs>
    </Polygon>
    <Polygon>
     <extrude>1</extrude>
     <altitudeMode>clampToGround</altitudeMode>
     <outerBoundaryIs>
      <LinearRing>
       <coordinates>
-95.24589,29.19818,00100
-95.22932,29.18879,00100
-95.22342,29.19798,00100
-95.21476,29.22039,00100
-95.22874,29.24121,00100
-95.25469,29.22330,00100
-95.25587,29.22074,00100
-95.25483,29.21112,00100
-95.24589,29.19818,00100
       </coordinates>
      </LinearRing>
     </outerBoundaryIs>
     <innerBoundaryIs>
      <LinearRing>
       <coordinates>
-94.72781,29.26019,00100
-94.73927,29.24271,00100
-94.75698,29.26055,00100
-94.74902,29.28293,00100
-94.73854,29.28729,00100
-94.73117,29.28271,00100
-94.72781,29.26019,00100
       </coordinates>
      </LinearRing>
     </innerBoundaryIs>
     <innerBoundaryIs>
      <LinearRing>
       <coordinates>
-94.62218,29.25883,00100
-94.63631,29.23807,00100
-94.64686,29.25915,00100
-94.64967,29.28167,00100
-94.65429,29.30421,00100
-94.66080,29.31238,00100
-94.66923,29.32688,00100
-94.68613,29.33883,00100
-94.69061,29.34963,00100
-94.69215,29.37213,00100
-94.68581,29.39453,00100
-94.68513,29.39861,00100
-94.68181,29.39448,00100
-94.65968,29.37734,00100
-94.63398,29.37228,00100
-94.63313,29.37137,00100
-94.63406,29.36775,00100
-94.64476,29.34904,00100
-94.63448,29.34338,00100
-94.62794,29.32634,00100
-94.63001,29.30389,00100
-94.62579,29.28135,00100
-94.62218,29.25883,00100
       </coordinates>
      </LinearRing>
     </innerBoundaryIs>
    </Polygon>
    <Polygon>
     <extrude>1</extrude>
     <altitudeMode>clampToGround</altitudeMode>
     <outerBoundaryIs>
      <LinearRing>
       <coordinates>
-95.33731,29.31130,00100
-95.33110,29.30711,00100
-95.32310,29.31120,00100
-95.33092,29.32490,00100
-95.33731,29.31130,00100
       </coordinates>
      </LinearRing>
     </outerBoundaryIs>
    </Polygon>
    <Polygon>
     <extrude>1</extrude>
     <altitudeMode>clampToGround</altitudeMode>
     <outerBoundaryIs>
      <LinearRing>
       <coordinates>
-94.40047,29.45801,00100
-94.40013,29.45759,00100
-94.37441,29.45227,00100
-94.34868,29.44826,00100
-94.32270,29.45625,00100
-94.32225,29.45681,00100
-94.31866,29.47924,00100
-94.32196,29.49222,00100
-94.32909,29.50188,00100
-94.32861,29.52435,00100
-94.33589,29.54695,00100
-94.33391,29.56940,00100
-94.34604,29.57824,00100
-94.37204,29.57069,00100
-94.38760,29.57022,00100
-94.39727,29.54789,00100
-94.39843,29.54358,00100
-94.40419,29.52551,00100
-94.39919,29.50531,00100
-94.39888,29.50294,00100
-94.39924,29.50243,00100
-94.40369,29.48054,00100
-94.40047,29.45801,00100
       </coordinates>
      </LinearRing>
     </outerBoundaryIs>
     <innerBoundaryIs>
      <LinearRing>
       <coordinates>
-94.72240,29.50739,00100
-94.73510,29.49835,00100
-94.75247,29.50776,00100
-94.76051,29.52413,00100
-94.76435,29.53039,00100
-94.76403,29.55286,00100
-94.75996,29.55858,00100
-94.74786,29.57515,00100
-94.73380,29.57825,00100
-94.73142,29.57495,00100
-94.73294,29.55248,00100
-94.72153,29.52986,00100
-94.72240,29.50739,00100
       </coordinates>
      </LinearRing>
     </innerBoundaryIs>
    </Polygon>
    <Polygon>
     <extrude>1</extrude>
     <altitudeMode>clampToGround</altitudeMode>
     <outerBoundaryIs>
      <LinearRing>
       <coordinates>
-95.35438,29.55870,00100
-95.35435,29.55868,00100
-95.32861,29.54950,00100
-95.31866,29.55842,00100
-95.32073,29.58092,00100
-95.32822,29.58736,00100
-95.35413,29.58183,00100
-95.35474,29.58118,00100
-95.35438,29.55870,00100
       </coordinates>
      </LinearRing>
     </outerBoundaryIs>
    </Polygon>
    <Polygon>
     <extrude>1</extrude>
     <altitudeMode>clampToGround</altitudeMode>
     <outerBoundaryIs>
      <LinearRing>
       <coordinates>
-95.38984,29.67136,00100
-95.37917,29.66376,00100
-95.37556,29.67126,00100
-95.37905,29.67629,00100
-95.38984,29.67136,00100
       </coordinates>
      </LinearRing>
     </outerBoundaryIs>
    </Polygon>
    <Polygon>
     <extrude>1</extrude>
     <altitudeMode>clampToGround</altitudeMode>
     <outerBoundaryIs>
      <LinearRing>
       <coordinates>
-95.04292,29.71332,00100
-95.04223,29.71045,00100
-95.03860,29.71328,00100
-95.04217,29.71548,00100
-95.04292,29.71332,00100
       </coordinates>
      </LinearRing>
     </outerBoundaryIs>
    </Polygon>
    <Polygon>
     <extrude>1</extrude>
     <altitudeMode>clampToGround</altitudeMode>
     <outerBoundaryIs>
      <LinearRing>
       <coordinates>
-95.04506,29.87071,00100
-95.04017,29.86618,00100
-95.01425,29.86515,00100
-94.98833,29.86481,00100
-94.97738,29.87002,00100
-94.98813,29.87981,00100
-95.00035,29.89274,00100
-95.00734,29.91529,00100
-95.01347,29.92280,00100
-95.03061,29.93801,00100
-95.03917,29.94126,00100
-95.06298,29.93834,00100
-95.06412,29.91586,00100
-95.05564,29.89330,00100
-95.04506,29.87071,00100
       </coordinates>
      </LinearRing>
     </outerBoundaryIs>
    </Polygon>
    <Polygon>
     <extrude>1</extrude>
     <altitudeMode>clampToGround</altitudeMode>
     <outerBoundaryIs>
      <LinearRing>
       <coordinates>
-95.10160,29.96119,00100
-95.09099,29.94645,00100
-95.06583,29.96085,00100
-95.08354,29.98350,00100
-95.09048,29.98671,00100
-95.09531,29.98362,00100
-95.10160,29.96119,00100
       </coordinates>
      </LinearRing>
     </outerBoundaryIs>
     <innerBoundaryIs>
      <LinearRing>
       <coordinates>
-94.54349,29.99965,00100
-94.54516,29.99775,00100
-94.55011,29.99974,00100
-94.57098,30.00546,00100
-94.59679,30.01453,00100
-94.60017,30.02291,00100
-94.59654,30.02822,00100
-94.57047,30.03353,00100
-94.54443,30.03726,00100
-94.53439,30.02201,00100
-94.54349,29.99965,00100
       </coordinates>
      </LinearRing>
     </innerBoundaryIs>
     <innerBoundaryIs>
      <LinearRing>
       <coordinates>
-94.53456,30.11195,00100
-94.54333,30.09754,00100
-94.56933,30.09657,00100
-94.59528,30.09865,00100
-94.61508,30.11304,00100
-94.62081,30.12441,00100
-94.63654,30.13580,00100
-94.64655,30.13952,00100
-94.65899,30.15858,00100
-94.66138,30.18110,00100
-94.66558,30.20363,00100
-94.66610,30.22613,00100
-94.64473,30.24426,00100
-94.61892,30.23195,00100
-94.61712,30.22549,00100
-94.61519,30.20298,00100
-94.60407,30.18034,00100
-94.59832,30.15778,00100
-94.59429,30.15384,00100
-94.56845,30.14512,00100
-94.54263,30.13494,00100
-94.54188,30.13453,00100
-94.53456,30.11195,00100
       </coordinates>
      </LinearRing>
     </innerBoundaryIs>
     <innerBoundaryIs>
      <LinearRing>
       <coordinates>
-94.57360,30.26987,00100
-94.59237,30.26117,00100
-94.60024,30.27023,00100
-94.59203,30.27972,00100
-94.57360,30.26987,00100
       </coordinates>
      </LinearRing>
     </innerBoundaryIs>
    </Polygon>
    <Polygon>
     <extrude>1</extrude>
     <altitudeMode>clampToGround</altitudeMode>
     <outerBoundaryIs>
      <LinearRing>
       <coordinates>
-94.99137,30.36479,00100
-94.98148,30.35866,00100
-94.97580,30.36463,00100
-94.98123,30.37613,00100
-94.99137,30.36479,00100
       </coordinates>
      </LinearRing>
     </outerBoundaryIs>
     <innerBoundaryIs>
      <LinearRing>
       <coordinates>
-94.47868,30.35850,00100
-94.48666,30.34396,00100
-94.49262,30.35869,00100
-94.49126,30.38116,00100
-94.48586,30.38632,00100
-94.47670,30.38095,00100
-94.47868,30.35850,00100
       </coordinates>
      </LinearRing>
     </innerBoundaryIs>
     <innerBoundaryIs>
      <LinearRing>
       <coordinates>
-94.41133,30.40249,00100
-94.43352,30.39691,00100
-94.45192,30.40308,00100
-94.45744,30.42565,00100
-94.45000,30.44802,00100
-94.44793,30.47048,00100
-94.43607,30.49279,00100
-94.43152,30.49875,00100
-94.41705,30.49252,00100
-94.40588,30.47588,00100
-94.40067,30.46979,00100
-94.39069,30.44715,00100
-94.39084,30.42467,00100
-94.40723,30.40793,00100
-94.41133,30.40249,00100
       </coordinates>
      </LinearRing>
     </innerBoundaryIs>
    </Polygon>
    <Polygon>
     <extrude>1</extrude>
     <altitudeMode>clampToGround</altitudeMode>
     <outerBoundaryIs>
      <LinearRing>
       <coordinates>
-94.84575,30.97029,00100
-94.84187,30.96428,00100
-94.83448,30.97016,00100
-94.84170,30.97512,00100
-94.84575,30.97029,00100
       </coordinates>
      </LinearRing>
     </outerBoundaryIs>
    </Polygon>
    <Polygon>
     <extrude>1</extrude>
     <altitudeMode>clampToGround</altitudeMode>
     <outerBoundaryIs>
      <LinearRing>
       <coordinates>
-94.55065,31.46124,00100
-94.54452,31.44402,00100
-94.52546,31.46090,00100
-94.54385,31.47993,00100
-94.55065,31.46124,00100
       </coordinates>
      </LinearRing>
     </outerBoundaryIs>
    </Polygon>
   </MultiGeometry>
  </Placemark>
  <Placemark>
   <name>Contour Level: 1.0E-14 mass/m3</name>
   <Snippet maxLines="0"></Snippet>
   <TimeSpan>
    <begin>2026-01-25T17:00:00Z</begin>
    <end>2026-01-25T18:00:00Z</end>
   </TimeSpan>
   <styleUrl>#conc3</styleUrl>
   <MultiGeometry>
    <Polygon>
     <extrude>1</extrude>
     <altitudeMode>clampToGround</altitudeMode>
     <outerBoundaryIs>
      <LinearRing>
       <coordinates>
-95.42523,27.33512,00300
-95.40149,27.33166,00300
-95.37623,27.33124,00300
-95.35098,27.32980,00300
-95.32600,27.33437,00300
-95.32566,27.33440,00300
-95.30035,27.33882,00300
-95.27497,27.34883,00300
-95.26664,27.35632,00300
-95.25716,27.37869,00300
-95.24913,27.40073,00300
-95.24896,27.40107,00300
-95.24911,27.40320,00300
-95.24976,27.42352,00300
-95.24886,27.42656,00300
-95.23941,27.44588,00300
-95.23900,27.46833,00300
-95.22296,27.48064,00300
-95.21438,27.49057,00300
-95.19736,27.50560,00300
-95.18326,27.51274,00300
-95.17183,27.52519,00300
-95.16390,27.53501,00300
-95.14762,27.55731,00300
-95.14606,27.56298,00300
-95.13674,27.57966,00300
-95.12366,27.60199,00300
-95.12019,27.60700,00300
-95.11032,27.62431,00300
-95.09439,27.64429,00300
-95.09329,27.64660,00300
-95.08530,27.66897,00300
-95.06861,27.67851,00300
-95.05244,27.69110,00300
-95.04300,27.69844,00300
-95.03314,27.71336,00300
-95.02652,27.73575,00300
-95.02154,27.75815,00300
-95.01965,27.78059,00300
-95.01917,27.80304,00300
-95.01601,27.82119,00300
-95.01545,27.82546,00300
-95.01484,27.84791,00300
-95.00911,27.87031,00300
-95.00402,27.89271,00300
-95.00128,27.91515,00300
-94.99158,27.93750,00300
-94.98925,27.95994,00300
-94.98869,27.96390,00300
-94.98281,27.98233,00300
-94.98671,28.00483,00300
-94.98808,28.00813,00300
-94.99030,28.02733,00300
-94.98775,28.03305,00300
-94.97224,28.04960,00300
-94.96625,28.07200,00300
-94.96171,28.07535,00300
-94.94805,28.09426,00300
-94.93585,28.10393,00300
-94.91756,28.11639,00300
-94.91003,28.12863,00300
-94.90512,28.13872,00300
-94.89057,28.16101,00300
-94.89402,28.18352,00300
-94.88874,28.20592,00300
-94.88319,28.22190,00300
-94.88241,28.22831,00300
-94.88303,28.23285,00300
-94.88927,28.25086,00300
-94.88264,28.25974,00300
-94.87880,28.27320,00300
-94.88223,28.28776,00300
-94.88640,28.29575,00300
-94.88203,28.30108,00300
-94.87595,28.31810,00300
-94.88052,28.34062,00300
-94.87282,28.36300,00300
-94.87517,28.38549,00300
-94.87366,28.40794,00300
-94.87322,28.43040,00300
-94.87254,28.45287,00300
-94.86932,28.47530,00300
-94.87024,28.49778,00300
-94.86618,28.52020,00300
-94.86684,28.54268,00300
-94.86424,28.56512,00300
-94.86066,28.58755,00300
-94.85190,28.60908,00300
-94.85100,28.60990,00300
-94.83794,28.63223,00300
-94.82882,28.65459,00300
-94.82550,28.66134,00300
-94.81978,28.67695,00300
-94.79932,28.69868,00300
-94.79890,28.69917,00300
-94.77338,28.71871,00300
-94.77190,28.72132,00300
-94.76444,28.74370,00300
-94.76093,28.76614,00300
-94.76016,28.78860,00300
-94.74637,28.80468,00300
-94.73986,28.81082,00300
-94.74614,28.81898,00300
-94.76868,28.81118,00300
-94.77193,28.80991,00300
-94.77728,28.81128,00300
-94.79749,28.81610,00300
-94.81071,28.83415,00300
-94.82271,28.84375,00300
-94.84826,28.85080,00300
-94.87140,28.83486,00300
-94.87447,28.81376,00300
-94.87520,28.81244,00300
-94.89069,28.79013,00300
-94.90073,28.77164,00300
-94.90665,28.76784,00300
-94.92658,28.75655,00300
-94.93588,28.76816,00300
-94.94067,28.79069,00300
-94.95155,28.80432,00300
-94.95845,28.81335,00300
-94.95238,28.83576,00300
-94.95110,28.83627,00300
-94.92531,28.84568,00300
-94.91820,28.85785,00300
-94.92483,28.87923,00300
-94.92723,28.88043,00300
-94.95043,28.88333,00300
-94.97452,28.90342,00300
-94.97375,28.92588,00300
-94.97537,28.93596,00300
-94.99635,28.94859,00300
-94.97507,28.95762,00300
-94.97232,28.97082,00300
-94.97481,28.97695,00300
-95.00053,28.97404,00300
-95.00156,28.97112,00300
-95.00174,28.94865,00300
-95.02686,28.92688,00300
-95.05254,28.92669,00300
-95.07804,28.94006,00300
-95.10377,28.93646,00300
-95.11131,28.92726,00300
-95.12106,28.90488,00300
-95.12994,28.89665,00300
-95.15556,28.90041,00300
-95.18121,28.90247,00300
-95.20692,28.89908,00300
-95.22867,28.88338,00300
-95.23275,28.86094,00300
-95.23302,28.86033,00300
-95.24405,28.83857,00300
-95.24857,28.81614,00300
-95.25928,28.80544,00300
-95.27172,28.79386,00300
-95.28512,28.78727,00300
-95.31082,28.78138,00300
-95.33638,28.78903,00300
-95.34481,28.77198,00300
-95.36228,28.76269,00300
-95.37557,28.74973,00300
-95.38825,28.72763,00300
-95.38980,28.72737,00300
-95.41391,28.72419,00300
-95.42703,28.72764,00300
-95.43948,28.72964,00300
-95.44158,28.72774,00300
-95.44521,28.70529,00300
-95.46107,28.68293,00300
-95.46557,28.67760,00300
-95.48558,28.66063,00300
-95.49141,28.65133,00300
-95.50039,28.63826,00300
-95.51729,28.61806,00300
-95.51926,28.61591,00300
-95.54305,28.59678,00300
-95.55239,28.59365,00300
-95.56872,28.58723,00300
-95.59437,28.57976,00300
-95.60355,28.57148,00300
-95.61681,28.54909,00300
-95.62025,28.53747,00300
-95.62346,28.52666,00300
-95.63338,28.50425,00300
-95.64494,28.48184,00300
-95.64626,28.47571,00300
-95.64785,28.45939,00300
-95.64645,28.44975,00300
-95.64362,28.43690,00300
-95.64659,28.42829,00300
-95.64922,28.41446,00300
-95.64677,28.40262,00300
-95.64299,28.39196,00300
-95.64691,28.38292,00300
-95.65051,28.36953,00300
-95.64711,28.35446,00300
-95.64390,28.34704,00300
-95.64722,28.33770,00300
-95.65009,28.32460,00300
-95.64740,28.31272,00300
-95.64231,28.30210,00300
-95.63889,28.27961,00300
-95.63389,28.25712,00300
-95.62900,28.23463,00300
-95.62593,28.21215,00300
-95.62785,28.18970,00300
-95.62632,28.16723,00300
-95.62851,28.14478,00300
-95.62678,28.12231,00300
-95.62427,28.09983,00300
-95.62343,28.09762,00300
-95.61220,28.07730,00300
-95.60727,28.05481,00300
-95.60300,28.03233,00300
-95.60328,28.00987,00300
-95.60450,27.98742,00300
-95.60846,27.96498,00300
-95.60686,27.94251,00300
-95.60892,27.92007,00300
-95.60841,27.89761,00300
-95.61043,27.87516,00300
-95.61010,27.85270,00300
-95.61025,27.83024,00300
-95.61065,27.80779,00300
-95.61232,27.78535,00300
-95.61343,27.76290,00300
-95.61738,27.74046,00300
-95.61681,27.71801,00300
-95.61764,27.69556,00300
-95.61413,27.67308,00300
-95.61504,27.65064,00300
-95.61469,27.62818,00300
-95.61465,27.60573,00300
-95.61367,27.58327,00300
-95.61238,27.56081,00300
-95.60997,27.53835,00300
-95.60815,27.51589,00300
-95.60239,27.50055,00300
-95.59845,27.49338,00300
-95.59630,27.47092,00300
-95.59239,27.44845,00300
-95.59951,27.42604,00300
-95.59300,27.40355,00300
-95.58260,27.38104,00300
-95.57805,27.37225,00300
-95.56610,27.35850,00300
-95.55293,27.35313,00300
-95.52771,27.34614,00300
-95.50246,27.34416,00300
-95.47720,27.34188,00300
-95.45197,27.33710,00300
-95.42672,27.33529,00300
-95.42523,27.33512,00300
       </coordinates>
      </LinearRing>
     </outerBoundaryIs>
     <innerBoundaryIs>
      <LinearRing>
       <coordinates>
-95.00760,28.88129,00300
-95.02774,28.86027,00300
-95.03123,28.88153,00300
-95.02731,28.89219,00300
-95.00760,28.88129,00300
       </coordinates>
      </LinearRing>
     </innerBoundaryIs>
     <innerBoundaryIs>
      <LinearRing>
       <coordinates>
-94.97118,28.88090,00300
-94.97626,28.87155,00300
-94.99019,28.88111,00300
-94.97601,28.88933,00300
-94.97118,28.88090,00300
       </coordinates>
      </LinearRing>
     </innerBoundaryIs>
    </Polygon>
    <Polygon>
     <extrude>1</extrude>
     <altitudeMode>clampToGround</altitudeMode>
     <outerBoundaryIs>
      <LinearRing>
       <coordinates>
-94.90345,28.94759,00300
-94.89825,28.94149,00300
-94.87256,28.94189,00300
-94.86818,28.94719,00300
-94.86245,28.96960,00300
-94.87193,28.98436,00300
-94.89759,28.98632,00300
-94.91079,28.97015,00300
-94.90345,28.94759,00300
       </coordinates>
      </LinearRing>
     </outerBoundaryIs>
    </Polygon>
    <Polygon>
     <extrude>1</extrude>
     <altitudeMode>clampToGround</altitudeMode>
     <outerBoundaryIs>
      <LinearRing>
       <coordinates>
-95.23345,28.97332,00300
-95.23181,28.96788,00300
-95.22948,28.97329,00300
-95.23174,28.97474,00300
-95.23345,28.97332,00300
       </coordinates>
      </LinearRing>
     </outerBoundaryIs>
    </Polygon>
    <Polygon>
     <extrude>1</extrude>
     <altitudeMode>clampToGround</altitudeMode>
     <outerBoundaryIs>
      <LinearRing>
       <coordinates>
-95.00909,29.06110,00300
-94.99957,29.04552,00300
-94.97387,29.04443,00300
-94.95423,29.06052,00300
-94.94786,29.06557,00300
-94.92196,29.07900,00300
-94.91927,29.08262,00300
-94.90445,29.10493,00300
-94.90330,29.12740,00300
-94.89942,29.14983,00300
-94.90952,29.17242,00300
-94.92045,29.18373,00300
-94.94604,29.19408,00300
-94.97187,29.18850,00300
-94.99326,29.19579,00300
-94.99751,29.19683,00300
-95.01789,29.21852,00300
-95.01479,29.24097,00300
-95.00112,29.26331,00300
-95.00385,29.28581,00300
-95.01875,29.30845,00300
-95.02169,29.31351,00300
-95.04732,29.32517,00300
-95.07227,29.30898,00300
-95.06804,29.28646,00300
-95.06426,29.26395,00300
-95.05364,29.24136,00300
-95.05200,29.21887,00300
-95.06099,29.19648,00300
-95.06786,29.17407,00300
-95.07238,29.15164,00300
-95.07420,29.12918,00300
-95.06695,29.10664,00300
-95.05035,29.09375,00300
-95.02471,29.08755,00300
-95.01662,29.08365,00300
-95.00909,29.06110,00300
       </coordinates>
      </LinearRing>
     </outerBoundaryIs>
    </Polygon>
    <Polygon>
     <extrude>1</extrude>
     <altitudeMode>clampToGround</altitudeMode>
     <outerBoundaryIs>
      <LinearRing>
       <coordinates>
-94.81657,29.05897,00300
-94.79399,29.03940,00300
-94.76825,29.04115,00300
-94.75259,29.05820,00300
-94.75048,29.08065,00300
-94.75562,29.10319,00300
-94.75848,29.12570,00300
-94.75334,29.14812,00300
-94.75501,29.17061,00300
-94.76146,29.19317,00300
-94.76569,29.20109,00300
-94.79124,29.21415,00300
-94.81702,29.21277,00300
-94.83029,29.19399,00300
-94.83922,29.17162,00300
-94.83591,29.14911,00300
-94.82613,29.12651,00300
-94.82266,29.10400,00300
-94.82124,29.08150,00300
-94.81914,29.07574,00300
-94.81657,29.05897,00300
       </coordinates>
      </LinearRing>
     </outerBoundaryIs>
     <innerBoundaryIs>
      <LinearRing>
       <coordinates>
-94.99230,29.10588,00300
-94.99879,29.10187,00300
-95.00104,29.10597,00300
-94.99853,29.12164,00300
-94.99230,29.10588,00300
       </coordinates>
      </LinearRing>
     </innerBoundaryIs>
    </Polygon>
    <Polygon>
     <extrude>1</extrude>
     <altitudeMode>clampToGround</altitudeMode>
     <outerBoundaryIs>
      <LinearRing>
       <coordinates>
-94.95530,29.30778,00300
-94.94455,29.29971,00300
-94.91869,29.30530,00300
-94.91600,29.30735,00300
-94.91366,29.32981,00300
-94.91827,29.33493,00300
-94.94398,29.33955,00300
-94.95438,29.33025,00300
-94.95530,29.30778,00300
       </coordinates>
      </LinearRing>
     </outerBoundaryIs>
    </Polygon>
    <Polygon>
     <extrude>1</extrude>
     <altitudeMode>clampToGround</altitudeMode>
     <outerBoundaryIs>
      <LinearRing>
       <coordinates>
-94.58414,29.32575,00300
-94.58327,29.32262,00300
-94.58262,29.32573,00300
-94.58320,29.32664,00300
-94.58414,29.32575,00300
       </coordinates>
      </LinearRing>
     </outerBoundaryIs>
    </Polygon>
    <Polygon>
     <extrude>1</extrude>
     <altitudeMode>clampToGround</altitudeMode>
     <outerBoundaryIs>
      <LinearRing>
       <coordinates>
-94.75076,29.35039,00300
-94.73759,29.34566,00300
-94.73209,29.35015,00300
-94.72256,29.37252,00300
-94.72590,29.39503,00300
-94.72897,29.41755,00300
-94.73625,29.42807,00300
-94.76159,29.44044,00300
-94.76186,29.44059,00300
-94.78761,29.44444,00300
-94.79330,29.44082,00300
-94.80956,29.41854,00300
-94.79562,29.39589,00300
-94.78845,29.39125,00300
-94.77027,29.37310,00300
-94.76311,29.36242,00300
-94.75076,29.35039,00300
       </coordinates>
      </LinearRing>
     </outerBoundaryIs>
    </Polygon>
    <Polygon>
     <extrude>1</extrude>
     <altitudeMode>clampToGround</altitudeMode>
     <outerBoundaryIs>
      <LinearRing>
       <coordinates>
-94.64798,29.66381,00300
-94.62901,29.65734,00300
-94.62458,29.66350,00300
-94.62857,29.68269,00300
-94.64798,29.66381,00300
       </coordinates>
      </LinearRing>
     </outerBoundaryIs>
    </Polygon>
    <Polygon>
     <extrude>1</extrude>
     <altitudeMode>clampToGround</altitudeMode>
     <outerBoundaryIs>
      <LinearRing>
       <coordinates>
-94.69738,29.82182,00300
-94.67818,29.80934,00300
-94.66926,29.82146,00300
-94.67777,29.83297,00300
-94.69738,29.82182,00300
       </coordinates>
      </LinearRing>
     </outerBoundaryIs>
    </Polygon>
    <Polygon>
     <extrude>1</extrude>
     <altitudeMode>clampToGround</altitudeMode>
     <outerBoundaryIs>
      <LinearRing>
       <coordinates>
-94.81007,29.86816,00300
-94.80691,29.86192,00300
-94.78123,29.84634,00300
-94.76585,29.86763,00300
-94.77430,29.89022,00300
-94.77914,29.91276,00300
-94.78012,29.91582,00300
-94.78415,29.91282,00300
-94.79836,29.89050,00300
-94.80661,29.88078,00300
-94.81007,29.86816,00300
       </coordinates>
      </LinearRing>
     </outerBoundaryIs>
    </Polygon>
    <Polygon>
     <extrude>1</extrude>
     <altitudeMode>clampToGround</altitudeMode>
     <outerBoundaryIs>
      <LinearRing>
       <coordinates>
-94.65052,29.91115,00300
-94.65051,29.91109,00300
-94.62477,29.89940,00300
-94.61733,29.91072,00300
-94.62426,29.92873,00300
-94.65051,29.91120,00300
-94.65052,29.91115,00300
       </coordinates>
      </LinearRing>
     </outerBoundaryIs>
    </Polygon>
    <Polygon>
     <extrude>1</extrude>
     <altitudeMode>clampToGround</altitudeMode>
     <outerBoundaryIs>
      <LinearRing>
       <coordinates>
-94.60171,30.36019,00300
-94.59080,30.34852,00300
-94.56470,30.35098,00300
-94.53857,30.35489,00300
-94.53477,30.35928,00300
-94.53597,30.38178,00300
-94.53804,30.38349,00300
-94.56401,30.38861,00300
-94.59000,30.39326,00300
-94.59951,30.38265,00300
-94.60171,30.36019,00300
       </coordinates>
      </LinearRing>
     </outerBoundaryIs>
    </Polygon>
    <Polygon>
     <extrude>1</extrude>
     <altitudeMode>clampToGround</altitudeMode>
     <outerBoundaryIs>
      <LinearRing>
       <coordinates>
-94.49804,30.56114,00300
-94.48283,30.54453,00300
-94.45661,30.55040,00300
-94.43044,30.55355,00300
-94.42164,30.56004,00300
-94.42137,30.58252,00300
-94.42964,30.59407,00300
-94.45578,30.59330,00300
-94.48195,30.59062,00300
-94.49248,30.58354,00300
-94.49804,30.56114,00300
       </coordinates>
      </LinearRing>
     </outerBoundaryIs>
    </Polygon>
   </MultiGeometry>
  </Placemark>
  <Placemark>
   <name>Contour Level: 3.2E-14 mass/m3</name>
   <Snippet maxLines="0"></Snippet>
   <TimeSpan>
    <begin>2026-01-25T17:00:00Z</begin>
    <end>2026-01-25T18:00:00Z</end>
   </TimeSpan>
   <styleUrl>#conc4</styleUrl>
   <MultiGeometry>
    <Polygon>
     <extrude>1</extrude>
     <altitudeMode>clampToGround</altitudeMode>
     <outerBoundaryIs>
      <LinearRing>
       <coordinates>
-95.34628,28.07552,00500
-95.34366,28.06635,00500
-95.31826,28.06112,00500
-95.31025,28.07523,00500
-95.29255,28.08512,00500
-95.27586,28.09741,00500
-95.26690,28.10282,00500
-95.24975,28.11965,00500
-95.24113,28.13030,00500
-95.23166,28.14196,00500
-95.22287,28.16434,00500
-95.21584,28.18675,00500
-95.21498,28.19084,00500
-95.21069,28.20917,00500
-95.20815,28.23161,00500
-95.20605,28.25406,00500
-95.20538,28.27651,00500
-95.20112,28.29894,00500
-95.20290,28.32142,00500
-95.20207,28.34388,00500
-95.20645,28.36638,00500
-95.20723,28.38885,00500
-95.20930,28.41134,00500
-95.21233,28.42439,00500
-95.21395,28.43385,00500
-95.22060,28.45638,00500
-95.23290,28.47895,00500
-95.23724,28.48206,00500
-95.26268,28.49295,00500
-95.28817,28.50044,00500
-95.29473,28.50194,00500
-95.31366,28.50755,00500
-95.33928,28.50269,00500
-95.34819,28.50236,00500
-95.36485,28.50203,00500
-95.39053,28.49011,00500
-95.40124,28.48029,00500
-95.40921,28.45788,00500
-95.41536,28.43546,00500
-95.41576,28.41299,00500
-95.41674,28.39053,00500
-95.41132,28.36803,00500
-95.40970,28.34555,00500
-95.40688,28.32306,00500
-95.40588,28.30059,00500
-95.40816,28.27814,00500
-95.40921,28.25569,00500
-95.41145,28.23324,00500
-95.41077,28.21077,00500
-95.40598,28.18828,00500
-95.40363,28.16579,00500
-95.39381,28.14680,00500
-95.38933,28.14323,00500
-95.38109,28.12070,00500
-95.36873,28.10596,00500
-95.35947,28.09808,00500
-95.34628,28.07552,00500
       </coordinates>
      </LinearRing>
     </outerBoundaryIs>
    </Polygon>
   </MultiGeometry>
  </Placemark>
  <Placemark>
   <name>Maximum Value Grid Cell</name>
   <Snippet maxLines="0"></Snippet>
   <description><![CDATA[<pre>
LAT:   28.3675 LON:  -95.3406
Value: 4.1E-14
      The square represents the location
      of maximum concentration and the
      size of the square represents the
      concentration grid cell size.
    </pre>]]>
   </description>
   <TimeSpan>
    <begin>2026-01-25T17:00:00Z</begin>
    <end>2026-01-25T18:00:00Z</end>
   </TimeSpan>
   <styleUrl>#maxv</styleUrl>
   <Polygon>
    <extrude>1</extrude>
    <altitudeMode>clampToGround</altitudeMode>
    <outerBoundaryIs>
     <LinearRing>
      <coordinates>
        -95.36639,28.34523,00100
        -95.31534,28.34483,00100
        -95.31488,28.38976,00100
        -95.36595,28.39016,00100
        -95.36639,28.34523,00100
      </coordinates>
     </LinearRing>
    </outerBoundaryIs>
   </Polygon>
  </Placemark>
 </Folder>
 <Folder>
  <name><![CDATA[<pre>Concentration 
(Valid:20260125 1900UTC)</pre>]]>
  </name>
  <visibility>0</visibility>
  <description><![CDATA[<pre>
Averaged from 00000 to 00100m
Valid:20260125 1900 UTC
   </pre>]]>
  </description>
  <ScreenOverlay>
   <name>Legend</name>
   <Snippet maxLines="0"></Snippet>
   <TimeSpan>
    <begin>2026-01-25T18:00:00Z</begin>
    <end>2026-01-25T19:00:00Z</end>
   </TimeSpan>
   <Icon>
    <href>GELABEL_19_22130.gif</href>
   </Icon>
   <overlayXY x="0" y="1" xunits="fraction" yunits="fraction"/>
   <screenXY x="0" y="1" xunits="fraction" yunits="fraction"/>
   <rotationXY x="0" y="0" xunits="fraction" yunits="fraction"/>
   <size x="0" y="0" xunits="pixels" yunits="pixels"/>
  </ScreenOverlay>
  <Placemark>
   <name>Contour Level: 3.2E-15 mass/m3</name>
   <Snippet maxLines="0"></Snippet>
   <TimeSpan>
    <begin>2026-01-25T18:00:00Z</begin>
    <end>2026-01-25T19:00:00Z</end>
   </TimeSpan>
   <styleUrl>#conc2</styleUrl>
   <MultiGeometry>
    <Polygon>
     <extrude>1</extrude>
     <altitudeMode>clampToGround</altitudeMode>
     <outerBoundaryIs>
      <LinearRing>
       <coordinates>
-95.76267,26.52938,00100
-95.75987,26.52720,00100
-95.73481,26.52642,00100
-95.70980,26.51740,00100
-95.68472,26.52097,00100
-95.65970,26.51379,00100
-95.63468,26.50731,00100
-95.60959,26.51189,00100
-95.58451,26.51409,00100
-95.55946,26.51353,00100
-95.53432,26.52182,00100
-95.50928,26.52024,00100
-95.49775,26.52789,00100
-95.48411,26.53260,00100
-95.45904,26.53269,00100
-95.43391,26.54057,00100
-95.40879,26.54540,00100
-95.38371,26.54710,00100
-95.35861,26.54917,00100
-95.33356,26.54743,00100
-95.32540,26.54905,00100
-95.30842,26.55411,00100
-95.28329,26.56034,00100
-95.26872,26.57101,00100
-95.26126,26.59337,00100
-95.25770,26.60814,00100
-95.25558,26.61576,00100
-95.24699,26.63811,00100
-95.23897,26.66047,00100
-95.23193,26.67031,00100
-95.20671,26.68063,00100
-95.20411,26.68259,00100
-95.18149,26.69090,00100
-95.15634,26.69469,00100
-95.13119,26.69858,00100
-95.11468,26.70419,00100
-95.10594,26.70922,00100
-95.08070,26.71962,00100
-95.07404,26.72622,00100
-95.05862,26.74850,00100
-95.05512,26.75636,00100
-95.04820,26.77083,00100
-95.04542,26.79323,00100
-95.03231,26.81553,00100
-95.03386,26.83799,00100
-95.02885,26.84403,00100
-95.02096,26.86028,00100
-95.01444,26.88265,00100
-95.00295,26.90128,00100
-94.99927,26.90493,00100
-94.98029,26.92717,00100
-94.97741,26.92943,00100
-94.95211,26.93879,00100
-94.92683,26.94705,00100
-94.91975,26.94893,00100
-94.90154,26.95552,00100
-94.87619,26.96710,00100
-94.87376,26.97085,00100
-94.87592,26.98591,00100
-94.87852,26.99335,00100
-94.87576,26.99676,00100
-94.86914,27.01567,00100
-94.86888,27.03811,00100
-94.86330,27.06049,00100
-94.85429,27.08282,00100
-94.84919,27.09033,00100
-94.83469,27.10504,00100
-94.82346,27.12480,00100
-94.82196,27.12733,00100
-94.81649,27.14971,00100
-94.81154,27.17209,00100
-94.81061,27.19452,00100
-94.81008,27.21696,00100
-94.80405,27.23934,00100
-94.79947,27.26173,00100
-94.79601,27.27028,00100
-94.78290,27.28397,00100
-94.77038,27.29407,00100
-94.75038,27.30601,00100
-94.74484,27.31145,00100
-94.71941,27.32215,00100
-94.71140,27.32797,00100
-94.69392,27.33572,00100
-94.67693,27.34997,00100
-94.66824,27.35995,00100
-94.66214,27.37222,00100
-94.66085,27.39466,00100
-94.65848,27.41708,00100
-94.65310,27.43945,00100
-94.65109,27.46188,00100
-94.64087,27.48366,00100
-94.64040,27.48419,00100
-94.61731,27.50633,00100
-94.61511,27.50962,00100
-94.59853,27.52852,00100
-94.58921,27.54292,00100
-94.58226,27.55075,00100
-94.58129,27.57319,00100
-94.57208,27.59552,00100
-94.58581,27.61816,00100
-94.56222,27.63702,00100
-94.55875,27.64024,00100
-94.54681,27.66253,00100
-94.53625,27.67090,00100
-94.51087,27.67249,00100
-94.49188,27.68420,00100
-94.48525,27.68653,00100
-94.45976,27.69358,00100
-94.44019,27.70590,00100
-94.43401,27.71375,00100
-94.42976,27.72820,00100
-94.42863,27.75064,00100
-94.42274,27.77300,00100
-94.42634,27.79552,00100
-94.42093,27.81790,00100
-94.42136,27.84036,00100
-94.41567,27.86274,00100
-94.41134,27.88513,00100
-94.40574,27.90751,00100
-94.40482,27.91093,00100
-94.39684,27.92983,00100
-94.38412,27.95210,00100
-94.37828,27.96796,00100
-94.37131,27.97437,00100
-94.37360,27.99686,00100
-94.36671,28.01922,00100
-94.35431,28.04149,00100
-94.35205,28.06392,00100
-94.35091,28.06513,00100
-94.32513,28.08101,00100
-94.31918,28.08587,00100
-94.29937,28.09538,00100
-94.28849,28.10784,00100
-94.27828,28.13014,00100
-94.27394,28.15254,00100
-94.27267,28.15497,00100
-94.26787,28.17491,00100
-94.26908,28.19739,00100
-94.26389,28.21977,00100
-94.26404,28.24224,00100
-94.26076,28.26465,00100
-94.25601,28.28704,00100
-94.25115,28.30943,00100
-94.24487,28.33180,00100
-94.24340,28.33431,00100
-94.22576,28.35395,00100
-94.21703,28.37407,00100
-94.21603,28.37626,00100
-94.21552,28.39872,00100
-94.21101,28.42111,00100
-94.20829,28.44354,00100
-94.20521,28.46596,00100
-94.19170,28.48821,00100
-94.18893,28.49190,00100
-94.17192,28.51035,00100
-94.16261,28.52651,00100
-94.15708,28.53256,00100
-94.14256,28.55479,00100
-94.14233,28.57726,00100
-94.14169,28.59972,00100
-94.13499,28.61798,00100
-94.13282,28.62204,00100
-94.13470,28.63105,00100
-94.13637,28.64457,00100
-94.13426,28.65051,00100
-94.12725,28.66689,00100
-94.11023,28.68907,00100
-94.10773,28.69174,00100
-94.09148,28.71122,00100
-94.08646,28.73360,00100
-94.08092,28.74334,00100
-94.07604,28.75590,00100
-94.07186,28.77830,00100
-94.06973,28.80074,00100
-94.06521,28.82313,00100
-94.06108,28.84553,00100
-94.05882,28.86797,00100
-94.05212,28.88038,00100
-94.04767,28.89025,00100
-94.03910,28.91257,00100
-94.03391,28.93495,00100
-94.02472,28.95400,00100
-94.02377,28.95725,00100
-94.02187,28.97970,00100
-94.02322,29.00219,00100
-94.01930,29.02460,00100
-94.02174,29.04713,00100
-94.01498,29.06948,00100
-94.01262,29.09192,00100
-94.00470,29.11426,00100
-93.99627,29.13659,00100
-93.99458,29.14114,00100
-93.97618,29.15870,00100
-93.96823,29.16652,00100
-93.94246,29.16754,00100
-93.92951,29.18031,00100
-93.91594,29.19907,00100
-93.91187,29.20246,00100
-93.89019,29.22453,00100
-93.88946,29.22830,00100
-93.88849,29.24698,00100
-93.88885,29.25237,00100
-93.89339,29.26955,00100
-93.88826,29.27629,00100
-93.88407,29.29186,00100
-93.88094,29.31429,00100
-93.86929,29.33654,00100
-93.86057,29.35242,00100
-93.85644,29.35878,00100
-93.84763,29.38109,00100
-93.84351,29.40350,00100
-93.83968,29.42591,00100
-93.84138,29.44842,00100
-93.83800,29.47084,00100
-93.83977,29.49336,00100
-93.83513,29.51575,00100
-93.83342,29.53820,00100
-93.82966,29.55250,00100
-93.80386,29.55058,00100
-93.77802,29.55003,00100
-93.75223,29.54827,00100
-93.72630,29.55151,00100
-93.71625,29.55836,00100
-93.70509,29.58062,00100
-93.69946,29.58839,00100
-93.69292,29.60286,00100
-93.68856,29.62526,00100
-93.69803,29.64108,00100
-93.70531,29.64808,00100
-93.72163,29.67090,00100
-93.72308,29.67186,00100
-93.74887,29.67516,00100
-93.76313,29.67173,00100
-93.77502,29.66500,00100
-93.80109,29.65732,00100
-93.81392,29.65024,00100
-93.82754,29.63514,00100
-93.85302,29.65032,00100
-93.85329,29.65100,00100
-93.86444,29.67370,00100
-93.87782,29.69267,00100
-93.88337,29.69655,00100
-93.89674,29.71929,00100
-93.90276,29.73095,00100
-93.90673,29.74196,00100
-93.92081,29.76471,00100
-93.92731,29.78514,00100
-93.92818,29.78733,00100
-93.92696,29.79916,00100
-93.92597,29.80977,00100
-93.92657,29.81524,00100
-93.92908,29.83232,00100
-93.92883,29.85480,00100
-93.92529,29.86709,00100
-93.92351,29.87719,00100
-93.91643,29.89954,00100
-93.91032,29.92191,00100
-93.90462,29.94429,00100
-93.90487,29.96678,00100
-93.89642,29.98458,00100
-93.89501,29.98908,00100
-93.88884,30.01145,00100
-93.89117,30.03398,00100
-93.89496,30.04274,00100
-93.90665,30.05676,00100
-93.92013,30.07528,00100
-93.92534,30.07960,00100
-93.94582,30.08726,00100
-93.97183,30.08628,00100
-93.99765,30.09323,00100
-94.01204,30.10366,00100
-94.02301,30.11994,00100
-94.04567,30.12674,00100
-94.04883,30.12752,00100
-94.05447,30.12689,00100
-94.07488,30.12515,00100
-94.10094,30.12259,00100
-94.12691,30.12339,00100
-94.15295,30.12143,00100
-94.17896,30.12114,00100
-94.20499,30.11954,00100
-94.23111,30.11374,00100
-94.25694,30.12114,00100
-94.27721,30.13061,00100
-94.28269,30.13287,00100
-94.28410,30.13072,00100
-94.28665,30.10827,00100
-94.29290,30.08589,00100
-94.29569,30.06345,00100
-94.29692,30.04098,00100
-94.30300,30.01859,00100
-94.31136,30.00460,00100
-94.32050,29.99638,00100
-94.33758,29.99235,00100
-94.35439,29.99690,00100
-94.36339,29.99964,00100
-94.38908,30.01327,00100
-94.39661,30.02003,00100
-94.41460,30.03607,00100
-94.42377,30.04291,00100
-94.44034,30.04777,00100
-94.46104,30.06594,00100
-94.46578,30.07572,00100
-94.47561,30.08864,00100
-94.48462,30.11125,00100
-94.48652,30.13375,00100
-94.49055,30.13979,00100
-94.49693,30.15639,00100
-94.49768,30.17888,00100
-94.50156,30.20143,00100
-94.50656,30.22398,00100
-94.51260,30.24655,00100
-94.51451,30.24835,00100
-94.54037,30.25743,00100
-94.56051,30.24721,00100
-94.56680,30.23597,00100
-94.57130,30.22488,00100
-94.59335,30.20664,00100
-94.61942,30.20382,00100
-94.62054,30.20305,00100
-94.63424,30.18074,00100
-94.63330,30.15825,00100
-94.62048,30.14368,00100
-94.61648,30.13554,00100
-94.60954,30.11296,00100
-94.61703,30.09058,00100
-94.61755,30.06810,00100
-94.62209,30.05225,00100
-94.64806,30.05222,00100
-94.65457,30.06858,00100
-94.66119,30.09116,00100
-94.67308,30.10818,00100
-94.68912,30.11400,00100
-94.69888,30.11974,00100
-94.72261,30.13690,00100
-94.72458,30.13748,00100
-94.75055,30.13891,00100
-94.75848,30.13734,00100
-94.77132,30.11501,00100
-94.77707,30.10645,00100
-94.78974,30.09275,00100
-94.80356,30.07488,00100
-94.80511,30.07045,00100
-94.80372,30.06464,00100
-94.79556,30.04785,00100
-94.78809,30.02528,00100
-94.77864,30.00842,00100
-94.77564,30.00265,00100
-94.75605,29.97993,00100
-94.75325,29.97332,00100
-94.73582,29.95720,00100
-94.72762,29.95376,00100
-94.72104,29.95701,00100
-94.70662,29.97932,00100
-94.70120,29.98148,00100
-94.67518,29.98556,00100
-94.64917,29.98821,00100
-94.62317,29.99064,00100
-94.60504,29.97801,00100
-94.60014,29.95546,00100
-94.60702,29.93306,00100
-94.60868,29.91060,00100
-94.61195,29.88816,00100
-94.61385,29.86570,00100
-94.62209,29.84333,00100
-94.62485,29.82088,00100
-94.61961,29.79833,00100
-94.60078,29.78991,00100
-94.57487,29.79005,00100
-94.55627,29.79748,00100
-94.54852,29.81463,00100
-94.54421,29.81980,00100
-94.53272,29.84212,00100
-94.53439,29.86462,00100
-94.52159,29.86957,00100
-94.49555,29.87539,00100
-94.46983,29.86474,00100
-94.46920,29.86370,00100
-94.47009,29.85097,00100
-94.47157,29.84125,00100
-94.47030,29.84001,00100
-94.46288,29.81864,00100
-94.45325,29.79603,00100
-94.44555,29.77962,00100
-94.43530,29.77328,00100
-94.42015,29.75385,00100
-94.41741,29.75053,00100
-94.40965,29.72793,00100
-94.41779,29.70557,00100
-94.42113,29.70359,00100
-94.44733,29.68768,00100
-94.44978,29.68356,00100
-94.45241,29.66111,00100
-94.44794,29.65576,00100
-94.42221,29.64870,00100
-94.40271,29.63790,00100
-94.39861,29.61535,00100
-94.39709,29.61131,00100
-94.37627,29.59253,00100
-94.37175,29.58533,00100
-94.35316,29.56970,00100
-94.34633,29.56406,00100
-94.32082,29.54761,00100
-94.31994,29.54670,00100
-94.30653,29.52401,00100
-94.30109,29.50144,00100
-94.30058,29.47896,00100
-94.30102,29.45648,00100
-94.30515,29.43407,00100
-94.32341,29.42145,00100
-94.34923,29.42123,00100
-94.37482,29.43172,00100
-94.37868,29.43520,00100
-94.40038,29.44523,00100
-94.42608,29.45090,00100
-94.45207,29.44167,00100
-94.45568,29.43635,00100
-94.46147,29.41395,00100
-94.46054,29.39145,00100
-94.46233,29.36900,00100
-94.47657,29.34673,00100
-94.47971,29.34519,00100
-94.48106,29.34679,00100
-94.49649,29.36949,00100
-94.49575,29.39196,00100
-94.50445,29.40175,00100
-94.51006,29.41464,00100
-94.51429,29.43719,00100
-94.52143,29.45976,00100
-94.52689,29.48232,00100
-94.52872,29.48490,00100
-94.53375,29.50490,00100
-94.54146,29.52749,00100
-94.55346,29.54456,00100
-94.55630,29.55017,00100
-94.56896,29.57283,00100
-94.55258,29.59237,00100
-94.52671,29.59367,00100
-94.50798,29.57198,00100
-94.50165,29.55118,00100
-94.49258,29.54928,00100
-94.47590,29.54621,00100
-94.47356,29.54901,00100
-94.46684,29.57139,00100
-94.47521,29.58225,00100
-94.50096,29.58766,00100
-94.52026,29.59464,00100
-94.51102,29.61699,00100
-94.51058,29.63946,00100
-94.51131,29.66196,00100
-94.51357,29.68447,00100
-94.51956,29.70704,00100
-94.52410,29.72958,00100
-94.52419,29.72973,00100
-94.54984,29.74256,00100
-94.57567,29.74640,00100
-94.60161,29.74370,00100
-94.61685,29.73084,00100
-94.61989,29.70840,00100
-94.61682,29.68588,00100
-94.61466,29.66337,00100
-94.62914,29.64977,00100
-94.65479,29.66300,00100
-94.65618,29.66392,00100
-94.67699,29.68667,00100
-94.68023,29.68833,00100
-94.68602,29.68678,00100
-94.70625,29.67990,00100
-94.71914,29.66472,00100
-94.73258,29.65192,00100
-94.75832,29.65976,00100
-94.76399,29.66527,00100
-94.78381,29.68375,00100
-94.79709,29.66567,00100
-94.80186,29.64325,00100
-94.80740,29.62083,00100
-94.80389,29.59831,00100
-94.79720,29.57574,00100
-94.78896,29.55317,00100
-94.78593,29.55086,00100
-94.76017,29.54552,00100
-94.73449,29.53586,00100
-94.72630,29.52992,00100
-94.71608,29.50731,00100
-94.70940,29.49055,00100
-94.70438,29.48469,00100
-94.69456,29.46208,00100
-94.70647,29.43976,00100
-94.71033,29.43478,00100
-94.71825,29.41742,00100
-94.73660,29.40682,00100
-94.76229,29.41367,00100
-94.78822,29.40595,00100
-94.81398,29.40878,00100
-94.83990,29.40050,00100
-94.86561,29.40745,00100
-94.87462,29.41929,00100
-94.88855,29.44193,00100
-94.89086,29.44472,00100
-94.91341,29.46468,00100
-94.91625,29.47404,00100
-94.94209,29.47310,00100
-94.94549,29.46502,00100
-94.94228,29.45899,00100
-94.91650,29.45643,00100
-94.90088,29.44206,00100
-94.90800,29.41966,00100
-94.89146,29.40367,00100
-94.87983,29.39687,00100
-94.87541,29.37434,00100
-94.88142,29.35192,00100
-94.89239,29.34110,00100
-94.90375,29.32970,00100
-94.90441,29.30723,00100
-94.89306,29.29556,00100
-94.86742,29.28691,00100
-94.85174,29.28415,00100
-94.84195,29.26683,00100
-94.84166,29.26156,00100
-94.84203,29.26110,00100
-94.86782,29.25953,00100
-94.89369,29.25266,00100
-94.91463,29.23990,00100
-94.91985,29.22486,00100
-94.92483,29.21754,00100
-94.92010,29.20739,00100
-94.91737,29.19498,00100
-94.90392,29.17235,00100
-94.90915,29.14994,00100
-94.91647,29.12754,00100
-94.91472,29.10505,00100
-94.90030,29.08241,00100
-94.90073,29.05994,00100
-94.92242,29.04690,00100
-94.94811,29.04780,00100
-94.96114,29.06060,00100
-94.96308,29.08309,00100
-94.95913,29.10553,00100
-94.96227,29.12804,00100
-94.97260,29.13654,00100
-94.99832,29.13680,00100
-95.01050,29.12854,00100
-95.01562,29.10612,00100
-95.01188,29.08360,00100
-95.01059,29.06112,00100
-95.00896,29.03862,00100
-95.00706,29.01613,00100
-95.00008,29.00716,00100
-94.97455,28.99526,00100
-94.97038,28.99327,00100
-94.94906,28.98089,00100
-94.92345,28.97538,00100
-94.90916,28.97013,00100
-94.92372,28.95619,00100
-94.92791,28.94786,00100
-94.93331,28.92544,00100
-94.93750,28.90302,00100
-94.92469,28.88845,00100
-94.91699,28.88032,00100
-94.92505,28.86337,00100
-94.95070,28.86439,00100
-94.96331,28.88082,00100
-94.97604,28.88766,00100
-94.99046,28.88111,00100
-95.00205,28.86215,00100
-95.00279,28.85876,00100
-95.00217,28.85378,00100
-94.99767,28.83623,00100
-94.99760,28.81377,00100
-94.97975,28.79111,00100
-94.97739,28.78934,00100
-94.96804,28.76851,00100
-94.97797,28.74756,00100
-94.98238,28.74619,00100
-95.00378,28.73425,00100
-95.02925,28.74592,00100
-95.03621,28.74674,00100
-95.05482,28.75125,00100
-95.06526,28.76951,00100
-95.07516,28.79208,00100
-95.07977,28.80499,00100
-95.09212,28.79224,00100
-95.10568,28.78341,00100
-95.11117,28.76996,00100
-95.10611,28.74888,00100
-95.10475,28.74742,00100
-95.08059,28.74022,00100
-95.06989,28.72461,00100
-95.07398,28.70218,00100
-95.08123,28.68976,00100
-95.09663,28.67993,00100
-95.09747,28.65746,00100
-95.09435,28.63497,00100
-95.09990,28.61255,00100
-95.10792,28.60343,00100
-95.12257,28.59029,00100
-95.13377,28.58206,00100
-95.15940,28.57905,00100
-95.18503,28.57557,00100
-95.21064,28.57281,00100
-95.22412,28.56875,00100
-95.23228,28.54635,00100
-95.23656,28.54309,00100
-95.25260,28.52406,00100
-95.26245,28.51400,00100
-95.27271,28.50176,00100
-95.28831,28.48630,00100
-95.30193,28.47953,00100
-95.31413,28.46239,00100
-95.32056,28.45721,00100
-95.33415,28.43485,00100
-95.34006,28.42544,00100
-95.35948,28.41258,00100
-95.36575,28.41093,00100
-95.39104,28.39035,00100
-95.39149,28.39018,00100
-95.41283,28.36804,00100
-95.41726,28.36492,00100
-95.43447,28.34573,00100
-95.44303,28.33819,00100
-95.46104,28.32345,00100
-95.46880,28.30994,00100
-95.47621,28.30108,00100
-95.47977,28.27864,00100
-95.48235,28.25620,00100
-95.47993,28.23372,00100
-95.48123,28.21126,00100
-95.49330,28.18888,00100
-95.49538,28.18514,00100
-95.50869,28.16652,00100
-95.52113,28.15252,00100
-95.53394,28.14422,00100
-95.54675,28.13560,00100
-95.56622,28.12196,00100
-95.57236,28.11567,00100
-95.59338,28.09966,00100
-95.59798,28.09637,00100
-95.61307,28.07731,00100
-95.61738,28.05487,00100
-95.61723,28.03241,00100
-95.61694,28.00995,00100
-95.62103,27.98751,00100
-95.61861,27.96504,00100
-95.62234,27.94260,00100
-95.61750,27.92012,00100
-95.60570,27.89759,00100
-95.59951,27.89035,00100
-95.57420,27.87754,00100
-95.54881,27.87522,00100
-95.54787,27.87479,00100
-95.53517,27.85225,00100
-95.52460,27.82973,00100
-95.52382,27.82420,00100
-95.52256,27.80726,00100
-95.52412,27.78769,00100
-95.52444,27.78481,00100
-95.52435,27.76236,00100
-95.54983,27.74670,00100
-95.56474,27.74015,00100
-95.57542,27.71794,00100
-95.57552,27.71777,00100
-95.57542,27.71760,00100
-95.56340,27.69524,00100
-95.55029,27.68793,00100
-95.52505,27.67359,00100
-95.52434,27.67254,00100
-95.52470,27.65009,00100
-95.51741,27.62759,00100
-95.51991,27.60516,00100
-95.52390,27.58273,00100
-95.52588,27.57155,00100
-95.53404,27.56034,00100
-95.55134,27.55468,00100
-95.57672,27.54694,00100
-95.58911,27.53823,00100
-95.60220,27.52639,00100
-95.60872,27.51589,00100
-95.61395,27.49347,00100
-95.61816,27.47104,00100
-95.62451,27.44863,00100
-95.62302,27.42618,00100
-95.62835,27.40894,00100
-95.62932,27.40376,00100
-95.63405,27.38134,00100
-95.63874,27.35892,00100
-95.64716,27.33652,00100
-95.65424,27.32080,00100
-95.65615,27.31412,00100
-95.65440,27.29554,00100
-95.65385,27.29166,00100
-95.65445,27.28955,00100
-95.65826,27.26925,00100
-95.65554,27.24678,00100
-95.65824,27.22436,00100
-95.65739,27.20190,00100
-95.65976,27.17947,00100
-95.66079,27.15704,00100
-95.66200,27.13460,00100
-95.66281,27.11217,00100
-95.66205,27.08972,00100
-95.66186,27.06728,00100
-95.65930,27.04483,00100
-95.65989,27.02239,00100
-95.65918,26.99995,00100
-95.66178,26.97752,00100
-95.66348,26.95509,00100
-95.66675,26.93268,00100
-95.66714,26.91024,00100
-95.66614,26.88780,00100
-95.66401,26.86535,00100
-95.66229,26.84291,00100
-95.66174,26.82047,00100
-95.66371,26.79805,00100
-95.66713,26.77563,00100
-95.67394,26.75324,00100
-95.68330,26.73950,00100
-95.69481,26.73091,00100
-95.70853,26.72079,00100
-95.73203,26.70867,00100
-95.73372,26.70812,00100
-95.75883,26.70830,00100
-95.78400,26.69655,00100
-95.79660,26.68653,00100
-95.80928,26.66471,00100
-95.80955,26.66415,00100
-95.81397,26.64174,00100
-95.81625,26.61932,00100
-95.81480,26.59689,00100
-95.81049,26.57444,00100
-95.80976,26.57294,00100
-95.79863,26.55196,00100
-95.78487,26.53991,00100
-95.76267,26.52938,00100
       </coordinates>
      </LinearRing>
     </outerBoundaryIs>
    </Polygon>
    <Polygon>
     <extrude>1</extrude>
     <altitudeMode>clampToGround</altitudeMode>
     <outerBoundaryIs>
      <LinearRing>
       <coordinates>
-95.13299,28.70275,00100
-95.13231,28.70229,00100
-95.13138,28.70273,00100
-95.12219,28.72511,00100
-95.13194,28.73319,00100
-95.14125,28.72529,00100
-95.13299,28.70275,00100
       </coordinates>
      </LinearRing>
     </outerBoundaryIs>
     <innerBoundaryIs>
      <LinearRing>
       <coordinates>
-94.43655,28.71679,00100
-94.44032,28.71497,00100
-94.44163,28.71687,00100
-94.44023,28.71984,00100
-94.43655,28.71679,00100
       </coordinates>
      </LinearRing>
     </innerBoundaryIs>
     <innerBoundaryIs>
      <LinearRing>
       <coordinates>
-94.72285,28.76566,00100
-94.74713,28.75730,00100
-94.75655,28.76608,00100
-94.74664,28.78798,00100
-94.72285,28.76566,00100
       </coordinates>
      </LinearRing>
     </innerBoundaryIs>
    </Polygon>
    <Polygon>
     <extrude>1</extrude>
     <altitudeMode>clampToGround</altitudeMode>
     <outerBoundaryIs>
      <LinearRing>
       <coordinates>
-95.33781,29.10902,00100
-95.33315,29.10626,00100
-95.32997,29.10896,00100
-95.33184,29.13145,00100
-95.33289,29.13239,00100
-95.33450,29.13147,00100
-95.33781,29.10902,00100
       </coordinates>
      </LinearRing>
     </outerBoundaryIs>
     <innerBoundaryIs>
      <LinearRing>
       <coordinates>
-94.58555,29.12347,00100
-94.58688,29.12046,00100
-94.58830,29.12350,00100
-94.58678,29.12568,00100
-94.58555,29.12347,00100
       </coordinates>
      </LinearRing>
     </innerBoundaryIs>
     <innerBoundaryIs>
      <LinearRing>
       <coordinates>
-94.42876,29.12124,00100
-94.43259,29.11548,00100
-94.43856,29.12138,00100
-94.43243,29.12406,00100
-94.42876,29.12124,00100
       </coordinates>
      </LinearRing>
     </innerBoundaryIs>
     <innerBoundaryIs>
      <LinearRing>
       <coordinates>
-94.83617,29.17158,00100
-94.84364,29.15584,00100
-94.85786,29.17183,00100
-94.84319,29.18517,00100
-94.83617,29.17158,00100
       </coordinates>
      </LinearRing>
     </innerBoundaryIs>
    </Polygon>
    <Polygon>
     <extrude>1</extrude>
     <altitudeMode>clampToGround</altitudeMode>
     <outerBoundaryIs>
      <LinearRing>
       <coordinates>
-95.19646,29.22023,00100
-95.17757,29.21112,00100
-95.17181,29.22001,00100
-95.17737,29.22856,00100
-95.19646,29.22023,00100
       </coordinates>
      </LinearRing>
     </outerBoundaryIs>
     <innerBoundaryIs>
      <LinearRing>
       <coordinates>
-94.53229,29.21264,00100
-94.53374,29.21192,00100
-94.53421,29.21267,00100
-94.53370,29.21448,00100
-94.53229,29.21264,00100
       </coordinates>
      </LinearRing>
     </innerBoundaryIs>
     <innerBoundaryIs>
      <LinearRing>
       <coordinates>
-94.65591,29.25927,00100
-94.66180,29.25324,00100
-94.68765,29.24841,00100
-94.69640,29.25979,00100
-94.69205,29.28222,00100
-94.68695,29.29030,00100
-94.66129,29.28371,00100
-94.65874,29.28178,00100
-94.65591,29.25927,00100
       </coordinates>
      </LinearRing>
     </innerBoundaryIs>
     <innerBoundaryIs>
      <LinearRing>
       <coordinates>
-94.56682,29.25808,00100
-94.58455,29.25128,00100
-94.60825,29.25864,00100
-94.61010,29.26346,00100
-94.62060,29.28128,00100
-94.60952,29.29616,00100
-94.59743,29.30345,00100
-94.58324,29.32468,00100
-94.57256,29.30312,00100
-94.56142,29.28048,00100
-94.56682,29.25808,00100
       </coordinates>
      </LinearRing>
     </innerBoundaryIs>
    </Polygon>
    <Polygon>
     <extrude>1</extrude>
     <altitudeMode>clampToGround</altitudeMode>
     <outerBoundaryIs>
      <LinearRing>
       <coordinates>
-94.99610,29.30821,00100
-94.99599,29.30801,00100
-94.99433,29.30819,00100
-94.99597,29.30929,00100
-94.99610,29.30821,00100
       </coordinates>
      </LinearRing>
     </outerBoundaryIs>
    </Polygon>
    <Polygon>
     <extrude>1</extrude>
     <altitudeMode>clampToGround</altitudeMode>
     <outerBoundaryIs>
      <LinearRing>
       <coordinates>
-95.15385,29.42214,00100
-95.14939,29.41174,00100
-95.12364,29.40788,00100
-95.11320,29.42177,00100
-95.12332,29.43334,00100
-95.14915,29.43174,00100
-95.15385,29.42214,00100
       </coordinates>
      </LinearRing>
     </outerBoundaryIs>
     <innerBoundaryIs>
      <LinearRing>
       <coordinates>
-94.62357,29.41620,00100
-94.63340,29.40566,00100
-94.65541,29.41662,00100
-94.63300,29.42826,00100
-94.62357,29.41620,00100
       </coordinates>
      </LinearRing>
     </innerBoundaryIs>
    </Polygon>
    <Polygon>
     <extrude>1</extrude>
     <altitudeMode>clampToGround</altitudeMode>
     <outerBoundaryIs>
      <LinearRing>
       <coordinates>
-94.90620,29.50956,00100
-94.89015,29.49249,00100
-94.87746,29.50924,00100
-94.88335,29.53178,00100
-94.88951,29.53615,00100
-94.89632,29.53193,00100
-94.90620,29.50956,00100
       </coordinates>
      </LinearRing>
     </outerBoundaryIs>
     <innerBoundaryIs>
      <LinearRing>
       <coordinates>
-94.63122,29.50622,00100
-94.63166,29.50560,00100
-94.63711,29.50630,00100
-94.65608,29.52903,00100
-94.65144,29.55145,00100
-94.64818,29.57389,00100
-94.63020,29.58939,00100
-94.60866,29.57336,00100
-94.61845,29.55101,00100
-94.62452,29.52861,00100
-94.63122,29.50622,00100
       </coordinates>
      </LinearRing>
     </innerBoundaryIs>
     <innerBoundaryIs>
      <LinearRing>
       <coordinates>
-94.57034,29.59533,00100
-94.57842,29.59338,00100
-94.58788,29.59557,00100
-94.60406,29.60504,00100
-94.60557,29.61828,00100
-94.60371,29.62524,00100
-94.57775,29.63038,00100
-94.56885,29.61779,00100
-94.57034,29.59533,00100
       </coordinates>
      </LinearRing>
     </innerBoundaryIs>
    </Polygon>
    <Polygon>
     <extrude>1</extrude>
     <altitudeMode>clampToGround</altitudeMode>
     <outerBoundaryIs>
      <LinearRing>
       <coordinates>
-94.84220,29.71116,00100
-94.83524,29.70502,00100
-94.82269,29.71094,00100
-94.83179,29.73352,00100
-94.83479,29.73491,00100
-94.83662,29.73358,00100
-94.84220,29.71116,00100
       </coordinates>
      </LinearRing>
     </outerBoundaryIs>
    </Polygon>
    <Polygon>
     <extrude>1</extrude>
     <altitudeMode>clampToGround</altitudeMode>
     <outerBoundaryIs>
      <LinearRing>
       <coordinates>
-94.67957,29.84408,00100
-94.67761,29.84236,00100
-94.67635,29.84404,00100
-94.66665,29.86639,00100
-94.67037,29.88893,00100
-94.66946,29.91139,00100
-94.67466,29.93394,00100
-94.67603,29.93566,00100
-94.69129,29.93416,00100
-94.70206,29.92994,00100
-94.70513,29.91185,00100
-94.70490,29.88936,00100
-94.70808,29.86692,00100
-94.70331,29.85584,00100
-94.67957,29.84408,00100
       </coordinates>
      </LinearRing>
     </outerBoundaryIs>
    </Polygon>
    <Polygon>
     <extrude>1</extrude>
     <altitudeMode>clampToGround</altitudeMode>
     <outerBoundaryIs>
      <LinearRing>
       <coordinates>
-94.35097,30.15425,00100
-94.33439,30.14749,00100
-94.31028,30.15362,00100
-94.30819,30.15676,00100
-94.29483,30.17586,00100
-94.29534,30.19835,00100
-94.29626,30.22086,00100
-94.29272,30.24328,00100
-94.29363,30.26578,00100
-94.29298,30.28826,00100
-94.29746,30.31082,00100
-94.30395,30.33340,00100
-94.30446,30.33554,00100
-94.30960,30.35597,00100
-94.31583,30.37856,00100
-94.32928,30.39467,00100
-94.35546,30.38962,00100
-94.38162,30.38494,00100
-94.38573,30.37962,00100
-94.39306,30.35725,00100
-94.40843,30.34751,00100
-94.43458,30.34301,00100
-94.45107,30.33561,00100
-94.46096,30.31327,00100
-94.45610,30.29072,00100
-94.44140,30.26801,00100
-94.43612,30.26392,00100
-94.41125,30.24509,00100
-94.41049,30.24368,00100
-94.39719,30.22240,00100
-94.39267,30.19984,00100
-94.38569,30.18274,00100
-94.38062,30.17718,00100
-94.36010,30.16179,00100
-94.35097,30.15425,00100
       </coordinates>
      </LinearRing>
     </outerBoundaryIs>
    </Polygon>
    <Polygon>
     <extrude>1</extrude>
     <altitudeMode>clampToGround</altitudeMode>
     <outerBoundaryIs>
      <LinearRing>
       <coordinates>
-94.80862,30.18291,00100
-94.80199,30.17414,00100
-94.79451,30.18274,00100
-94.77560,30.19861,00100
-94.77425,30.20498,00100
-94.77421,30.22747,00100
-94.77512,30.22845,00100
-94.80114,30.22835,00100
-94.80214,30.22780,00100
-94.81043,30.20541,00100
-94.80862,30.18291,00100
       </coordinates>
      </LinearRing>
     </outerBoundaryIs>
    </Polygon>
    <Polygon>
     <extrude>1</extrude>
     <altitudeMode>clampToGround</altitudeMode>
     <outerBoundaryIs>
      <LinearRing>
       <coordinates>
-94.64417,30.36075,00100
-94.64275,30.35809,00100
-94.61667,30.35896,00100
-94.59067,30.35598,00100
-94.58302,30.35994,00100
-94.58217,30.38241,00100
-94.59010,30.38704,00100
-94.61590,30.40255,00100
-94.62853,30.40551,00100
-94.64117,30.42817,00100
-94.64152,30.42828,00100
-94.64165,30.42817,00100
-94.64237,30.40569,00100
-94.64222,30.38817,00100
-94.64124,30.38319,00100
-94.64233,30.38166,00100
-94.64417,30.36075,00100
       </coordinates>
      </LinearRing>
     </outerBoundaryIs>
    </Polygon>
    <Polygon>
     <extrude>1</extrude>
     <altitudeMode>clampToGround</altitudeMode>
     <outerBoundaryIs>
      <LinearRing>
       <coordinates>
-94.44392,30.42546,00100
-94.43336,30.40472,00100
-94.42107,30.42512,00100
-94.43287,30.43015,00100
-94.44392,30.42546,00100
       </coordinates>
      </LinearRing>
     </outerBoundaryIs>
    </Polygon>
    <Polygon>
     <extrude>1</extrude>
     <altitudeMode>clampToGround</altitudeMode>
     <outerBoundaryIs>
      <LinearRing>
       <coordinates>
-94.79655,30.52003,00100
-94.79652,30.51999,00100
-94.79635,30.52003,00100
-94.79652,30.52024,00100
-94.79655,30.52003,00100
       </coordinates>
      </LinearRing>
     </outerBoundaryIs>
    </Polygon>
    <Polygon>
     <extrude>1</extrude>
     <altitudeMode>clampToGround</altitudeMode>
     <outerBoundaryIs>
      <LinearRing>
       <coordinates>
-94.80177,30.56506,00100
-94.79606,30.54892,00100
-94.76970,30.56450,00100
-94.76965,30.56468,00100
-94.76969,30.56477,00100
-94.79562,30.57611,00100
-94.80177,30.56506,00100
       </coordinates>
      </LinearRing>
     </outerBoundaryIs>
    </Polygon>
    <Polygon>
     <extrude>1</extrude>
     <altitudeMode>clampToGround</altitudeMode>
     <outerBoundaryIs>
      <LinearRing>
       <coordinates>
-94.18607,30.55638,00100
-94.16936,30.55170,00100
-94.14344,30.54349,00100
-94.11724,30.54760,00100
-94.09261,30.55480,00100
-94.09092,30.55650,00100
-94.08100,30.57709,00100
-94.06985,30.59938,00100
-94.06650,30.62181,00100
-94.07491,30.64445,00100
-94.08842,30.66407,00100
-94.09148,30.66722,00100
-94.11423,30.67895,00100
-94.14024,30.68447,00100
-94.16660,30.67541,00100
-94.18741,30.66883,00100
-94.19320,30.65488,00100
-94.19538,30.64648,00100
-94.20967,30.62422,00100
-94.20881,30.60172,00100
-94.20139,30.57911,00100
-94.19524,30.56259,00100
-94.18607,30.55638,00100
       </coordinates>
      </LinearRing>
     </outerBoundaryIs>
    </Polygon>
    <Polygon>
     <extrude>1</extrude>
     <altitudeMode>clampToGround</altitudeMode>
     <outerBoundaryIs>
      <LinearRing>
       <coordinates>
-94.45663,30.60552,00100
-94.45557,30.60408,00100
-94.42969,30.59174,00100
-94.40332,30.60405,00100
-94.40280,30.60473,00100
-94.39976,30.62718,00100
-94.40266,30.63709,00100
-94.40548,30.64975,00100
-94.42027,30.67245,00100
-94.42799,30.67822,00100
-94.44145,30.67276,00100
-94.45255,30.65043,00100
-94.45470,30.64850,00100
-94.46169,30.62808,00100
-94.45663,30.60552,00100
       </coordinates>
      </LinearRing>
     </outerBoundaryIs>
    </Polygon>
    <Polygon>
     <extrude>1</extrude>
     <altitudeMode>clampToGround</altitudeMode>
     <outerBoundaryIs>
      <LinearRing>
       <coordinates>
-94.84853,30.67802,00100
-94.84646,30.66708,00100
-94.82022,30.67297,00100
-94.81797,30.67767,00100
-94.79375,30.69388,00100
-94.78083,30.69972,00100
-94.76725,30.71544,00100
-94.76492,30.72201,00100
-94.76708,30.72589,00100
-94.79305,30.73824,00100
-94.80715,30.72251,00100
-94.80502,30.70000,00100
-94.82009,30.68132,00100
-94.84625,30.68035,00100
-94.84853,30.67802,00100
       </coordinates>
      </LinearRing>
     </outerBoundaryIs>
    </Polygon>
    <Polygon>
     <extrude>1</extrude>
     <altitudeMode>clampToGround</altitudeMode>
     <outerBoundaryIs>
      <LinearRing>
       <coordinates>
-94.54744,30.76419,00100
-94.53118,30.75239,00100
-94.50513,30.76360,00100
-94.50476,30.76590,00100
-94.50166,30.78604,00100
-94.50432,30.78897,00100
-94.51019,30.80865,00100
-94.51418,30.83119,00100
-94.52938,30.84844,00100
-94.55553,30.85071,00100
-94.56870,30.83193,00100
-94.56839,30.80944,00100
-94.55964,30.78684,00100
-94.55682,30.78090,00100
-94.54744,30.76419,00100
       </coordinates>
      </LinearRing>
     </outerBoundaryIs>
    </Polygon>
    <Polygon>
     <extrude>1</extrude>
     <altitudeMode>clampToGround</altitudeMode>
     <outerBoundaryIs>
      <LinearRing>
       <coordinates>
-94.55646,30.96668,00100
-94.55347,30.96270,00100
-94.52739,30.95484,00100
-94.51739,30.96614,00100
-94.51799,30.98863,00100
-94.51614,31.01109,00100
-94.52161,31.03365,00100
-94.52580,31.03934,00100
-94.54688,31.03400,00100
-94.55220,31.03117,00100
-94.55817,31.01167,00100
-94.55694,30.98917,00100
-94.55646,30.96668,00100
       </coordinates>
      </LinearRing>
     </outerBoundaryIs>
    </Polygon>
    <Polygon>
     <extrude>1</extrude>
     <altitudeMode>clampToGround</altitudeMode>
     <outerBoundaryIs>
      <LinearRing>
       <coordinates>
-94.45344,31.01021,00100
-94.44784,31.00064,00100
-94.42155,31.00305,00100
-94.41724,31.00969,00100
-94.42113,31.02466,00100
-94.44167,31.03252,00100
-94.44720,31.03308,00100
-94.44776,31.03261,00100
-94.45344,31.01021,00100
       </coordinates>
      </LinearRing>
     </outerBoundaryIs>
    </Polygon>
    <Polygon>
     <extrude>1</extrude>
     <altitudeMode>clampToGround</altitudeMode>
     <outerBoundaryIs>
      <LinearRing>
       <coordinates>
-94.78945,31.37433,00100
-94.78297,31.36542,00100
-94.77802,31.37420,00100
-94.78273,31.38006,00100
-94.78945,31.37433,00100
       </coordinates>
      </LinearRing>
     </outerBoundaryIs>
    </Polygon>
   </MultiGeometry>
  </Placemark>
  <Placemark>
   <name>Contour Level: 1.0E-14 mass/m3</name>
   <Snippet maxLines="0"></Snippet>
   <TimeSpan>
    <begin>2026-01-25T18:00:00Z</begin>
    <end>2026-01-25T19:00:00Z</end>
   </TimeSpan>
   <styleUrl>#conc3</styleUrl>
   <MultiGeometry>
    <Polygon>
     <extrude>1</extrude>
     <altitudeMode>clampToGround</altitudeMode>
     <outerBoundaryIs>
      <LinearRing>
       <coordinates>
-95.22456,27.10907,00300
-95.20194,27.10330,00300
-95.17680,27.09763,00300
-95.15162,27.09501,00300
-95.12640,27.09609,00300
-95.10109,27.10442,00300
-95.08857,27.10780,00300
-95.07577,27.11337,00300
-95.06129,27.12997,00300
-95.05018,27.14208,00300
-95.04305,27.15223,00300
-95.02972,27.17453,00300
-95.02863,27.19697,00300
-95.02415,27.20424,00300
-95.01861,27.21931,00300
-95.01805,27.24175,00300
-95.01101,27.26412,00300
-95.00188,27.28647,00300
-94.99770,27.29493,00300
-94.98417,27.30873,00300
-94.97211,27.31884,00300
-94.95821,27.33090,00300
-94.94660,27.33631,00300
-94.92123,27.34381,00300
-94.89584,27.35196,00300
-94.89505,27.35264,00300
-94.87897,27.37490,00300
-94.87756,27.39734,00300
-94.86970,27.41119,00300
-94.86714,27.41967,00300
-94.86926,27.44066,00300
-94.86958,27.44214,00300
-94.86923,27.44300,00300
-94.86400,27.46453,00300
-94.85382,27.48686,00300
-94.84303,27.50326,00300
-94.83717,27.50912,00300
-94.82182,27.53139,00300
-94.81715,27.54064,00300
-94.80988,27.55370,00300
-94.80322,27.57607,00300
-94.79712,27.59845,00300
-94.79909,27.62092,00300
-94.79032,27.63802,00300
-94.78459,27.64320,00300
-94.78387,27.66565,00300
-94.76436,27.67700,00300
-94.74891,27.68767,00300
-94.73875,27.69274,00300
-94.71318,27.70549,00300
-94.68776,27.70909,00300
-94.68759,27.70935,00300
-94.68382,27.73175,00300
-94.67833,27.75414,00300
-94.67619,27.77657,00300
-94.67974,27.79907,00300
-94.67219,27.82143,00300
-94.67252,27.84390,00300
-94.66653,27.86628,00300
-94.65953,27.88864,00300
-94.65936,27.88937,00300
-94.65520,27.91105,00300
-94.64769,27.93341,00300
-94.63783,27.95573,00300
-94.63349,27.97814,00300
-94.63287,28.00059,00300
-94.63197,28.00443,00300
-94.62605,28.02296,00300
-94.63132,28.04246,00300
-94.63190,28.04550,00300
-94.63121,28.04875,00300
-94.62499,28.06787,00300
-94.62867,28.09038,00300
-94.62124,28.11275,00300
-94.62258,28.13523,00300
-94.62260,28.15769,00300
-94.62302,28.18017,00300
-94.62632,28.20267,00300
-94.62382,28.22511,00300
-94.62799,28.23596,00300
-94.63147,28.24767,00300
-94.63203,28.27015,00300
-94.63888,28.29270,00300
-94.64964,28.31531,00300
-94.65199,28.32386,00300
-94.65426,28.33784,00300
-94.66590,28.36046,00300
-94.67076,28.38299,00300
-94.67117,28.40547,00300
-94.67121,28.42793,00300
-94.67558,28.43991,00300
-94.68565,28.45059,00300
-94.70066,28.46786,00300
-94.70656,28.47333,00300
-94.72601,28.48086,00300
-94.75161,28.47884,00300
-94.77719,28.47742,00300
-94.79034,28.47437,00300
-94.80289,28.46807,00300
-94.82858,28.45974,00300
-94.85424,28.45323,00300
-94.85723,28.45269,00300
-94.87991,28.44505,00300
-94.90552,28.44146,00300
-94.93108,28.44044,00300
-94.95561,28.43132,00300
-94.95677,28.43091,00300
-94.96799,28.43145,00300
-94.98231,28.43197,00300
-94.98260,28.43161,00300
-94.99535,28.40928,00300
-95.00829,28.40004,00300
-95.02822,28.38715,00300
-95.03406,28.38228,00300
-95.05965,28.37792,00300
-95.07582,28.36516,00300
-95.08539,28.36168,00300
-95.10260,28.36542,00300
-95.11083,28.36914,00300
-95.11526,28.36554,00300
-95.13651,28.35734,00300
-95.16197,28.36250,00300
-95.18761,28.35290,00300
-95.21320,28.34835,00300
-95.21899,28.34403,00300
-95.23885,28.33627,00300
-95.25564,28.32187,00300
-95.26467,28.30931,00300
-95.27562,28.29958,00300
-95.29046,28.28360,00300
-95.30506,28.27735,00300
-95.31613,28.26797,00300
-95.34096,28.25518,00300
-95.34177,28.25442,00300
-95.36199,28.23287,00300
-95.36756,28.22563,00300
-95.37621,28.21052,00300
-95.37722,28.18806,00300
-95.39360,28.16844,00300
-95.39449,28.16573,00300
-95.39414,28.14326,00300
-95.40446,28.12088,00300
-95.41393,28.09848,00300
-95.41909,28.07606,00300
-95.41996,28.07274,00300
-95.42805,28.05366,00300
-95.43048,28.03122,00300
-95.43122,28.00876,00300
-95.43118,27.98631,00300
-95.42687,27.96381,00300
-95.42905,27.94137,00300
-95.42135,27.92254,00300
-95.42043,27.91885,00300
-95.42143,27.91339,00300
-95.42638,27.89643,00300
-95.42171,27.88280,00300
-95.41993,27.87393,00300
-95.42191,27.86116,00300
-95.42429,27.85151,00300
-95.42211,27.83958,00300
-95.42094,27.82902,00300
-95.42088,27.80657,00300
-95.41953,27.78410,00300
-95.41552,27.76162,00300
-95.41189,27.73913,00300
-95.40737,27.71665,00300
-95.39808,27.69512,00300
-95.39697,27.69411,00300
-95.39272,27.67163,00300
-95.37706,27.64906,00300
-95.37329,27.63560,00300
-95.36712,27.62653,00300
-95.36462,27.60406,00300
-95.36330,27.58160,00300
-95.36688,27.55918,00300
-95.37418,27.54403,00300
-95.37529,27.53679,00300
-95.37441,27.52005,00300
-95.37389,27.51433,00300
-95.37231,27.49187,00300
-95.36222,27.46934,00300
-95.36278,27.44689,00300
-95.36519,27.42446,00300
-95.36317,27.40200,00300
-95.35817,27.37951,00300
-95.35067,27.36064,00300
-95.34882,27.35699,00300
-95.32820,27.33438,00300
-95.32569,27.33134,00300
-95.31542,27.31183,00300
-95.30082,27.29289,00300
-95.29839,27.28925,00300
-95.27773,27.26663,00300
-95.28041,27.24421,00300
-95.27613,27.23949,00300
-95.26879,27.22167,00300
-95.26920,27.19922,00300
-95.26505,27.17675,00300
-95.26028,27.15427,00300
-95.25202,27.13503,00300
-95.24953,27.13173,00300
-95.22707,27.11040,00300
-95.22456,27.10907,00300
       </coordinates>
      </LinearRing>
     </outerBoundaryIs>
    </Polygon>
    <Polygon>
     <extrude>1</extrude>
     <altitudeMode>clampToGround</altitudeMode>
     <outerBoundaryIs>
      <LinearRing>
       <coordinates>
-94.56474,28.60626,00300
-94.54502,28.59373,00300
-94.51931,28.60045,00300
-94.51392,28.60555,00300
-94.50849,28.62795,00300
-94.51554,28.65052,00300
-94.51813,28.66467,00300
-94.52064,28.67307,00300
-94.54338,28.68417,00300
-94.56268,28.67365,00300
-94.56954,28.65372,00300
-94.57084,28.65129,00300
-94.57329,28.62886,00300
-94.57008,28.62382,00300
-94.56474,28.60626,00300
       </coordinates>
      </LinearRing>
     </outerBoundaryIs>
    </Polygon>
    <Polygon>
     <extrude>1</extrude>
     <altitudeMode>clampToGround</altitudeMode>
     <outerBoundaryIs>
      <LinearRing>
       <coordinates>
-94.59914,28.69662,00300
-94.59449,28.69115,00300
-94.57226,28.69626,00300
-94.56876,28.69774,00300
-94.56521,28.71863,00300
-94.56829,28.72372,00300
-94.59381,28.72977,00300
-94.60536,28.71918,00300
-94.59914,28.69662,00300
       </coordinates>
      </LinearRing>
     </outerBoundaryIs>
    </Polygon>
    <Polygon>
     <extrude>1</extrude>
     <altitudeMode>clampToGround</altitudeMode>
     <outerBoundaryIs>
      <LinearRing>
       <coordinates>
-94.49483,28.71764,00300
-94.49162,28.71223,00300
-94.48954,28.71757,00300
-94.49146,28.72131,00300
-94.49483,28.71764,00300
       </coordinates>
      </LinearRing>
     </outerBoundaryIs>
    </Polygon>
    <Polygon>
     <extrude>1</extrude>
     <altitudeMode>clampToGround</altitudeMode>
     <outerBoundaryIs>
      <LinearRing>
       <coordinates>
-94.64828,28.80965,00300
-94.64374,28.80721,00300
-94.62957,28.80940,00300
-94.61793,28.81640,00300
-94.59209,28.82670,00300
-94.58572,28.83128,00300
-94.56631,28.83429,00300
-94.54056,28.83938,00300
-94.51481,28.84457,00300
-94.49996,28.85256,00300
-94.49278,28.87493,00300
-94.49408,28.89743,00300
-94.51346,28.91722,00300
-94.51622,28.92021,00300
-94.53877,28.93720,00300
-94.55682,28.92078,00300
-94.56494,28.91006,00300
-94.57676,28.89858,00300
-94.59118,28.87832,00300
-94.61670,28.88702,00300
-94.64238,28.88586,00300
-94.64397,28.87701,00300
-94.64294,28.85452,00300
-94.64885,28.83213,00300
-94.64828,28.80965,00300
       </coordinates>
      </LinearRing>
     </outerBoundaryIs>
    </Polygon>
    <Polygon>
     <extrude>1</extrude>
     <altitudeMode>clampToGround</altitudeMode>
     <outerBoundaryIs>
      <LinearRing>
       <coordinates>
-94.44005,28.87416,00300
-94.43731,28.87174,00300
-94.43593,28.87410,00300
-94.43724,28.87518,00300
-94.44005,28.87416,00300
       </coordinates>
      </LinearRing>
     </outerBoundaryIs>
    </Polygon>
    <Polygon>
     <extrude>1</extrude>
     <altitudeMode>clampToGround</altitudeMode>
     <outerBoundaryIs>
      <LinearRing>
       <coordinates>
-94.64594,28.92199,00300
-94.64204,28.90602,00300
-94.62373,28.92169,00300
-94.64157,28.93299,00300
-94.64594,28.92199,00300
       </coordinates>
      </LinearRing>
     </outerBoundaryIs>
    </Polygon>
    <Polygon>
     <extrude>1</extrude>
     <altitudeMode>clampToGround</altitudeMode>
     <outerBoundaryIs>
      <LinearRing>
       <coordinates>
-94.74658,28.96822,00300
-94.74379,28.96429,00300
-94.73730,28.96811,00300
-94.74364,28.97380,00300
-94.74658,28.96822,00300
       </coordinates>
      </LinearRing>
     </outerBoundaryIs>
    </Polygon>
    <Polygon>
     <extrude>1</extrude>
     <altitudeMode>clampToGround</altitudeMode>
     <outerBoundaryIs>
      <LinearRing>
       <coordinates>
-94.64183,28.96688,00300
-94.64105,28.96315,00300
-94.61536,28.96356,00300
-94.58969,28.96238,00300
-94.58640,28.96614,00300
-94.58950,28.97322,00300
-94.61529,28.96745,00300
-94.64096,28.96847,00300
-94.64183,28.96688,00300
       </coordinates>
      </LinearRing>
     </outerBoundaryIs>
    </Polygon>
    <Polygon>
     <extrude>1</extrude>
     <altitudeMode>clampToGround</altitudeMode>
     <outerBoundaryIs>
      <LinearRing>
       <coordinates>
-94.79870,29.17114,00300
-94.79221,29.15304,00300
-94.77129,29.17081,00300
-94.79078,29.19353,00300
-94.76560,29.20682,00300
-94.75712,29.21559,00300
-94.76538,29.22104,00300
-94.79105,29.22608,00300
-94.79778,29.21609,00300
-94.79166,29.19353,00300
-94.79870,29.17114,00300
       </coordinates>
      </LinearRing>
     </outerBoundaryIs>
    </Polygon>
    <Polygon>
     <extrude>1</extrude>
     <altitudeMode>clampToGround</altitudeMode>
     <outerBoundaryIs>
      <LinearRing>
       <coordinates>
-94.75972,29.30554,00300
-94.73855,29.28694,00300
-94.72102,29.30506,00300
-94.71799,29.32750,00300
-94.73759,29.34616,00300
-94.76167,29.32804,00300
-94.75972,29.30554,00300
       </coordinates>
      </LinearRing>
     </outerBoundaryIs>
    </Polygon>
    <Polygon>
     <extrude>1</extrude>
     <altitudeMode>clampToGround</altitudeMode>
     <outerBoundaryIs>
      <LinearRing>
       <coordinates>
-94.60023,29.46085,00300
-94.58100,29.44944,00300
-94.57143,29.46045,00300
-94.57394,29.48298,00300
-94.58017,29.49594,00300
-94.59603,29.48327,00300
-94.60023,29.46085,00300
       </coordinates>
      </LinearRing>
     </outerBoundaryIs>
    </Polygon>
   </MultiGeometry>
  </Placemark>
  <Placemark>
   <name>Maximum Value Grid Cell</name>
   <Snippet maxLines="0"></Snippet>
   <description><![CDATA[<pre>
LAT:   27.8262 LON:  -95.0921
Value: 2.6E-14
      The square represents the location
      of maximum concentration and the
      size of the square represents the
      concentration grid cell size.
    </pre>]]>
   </description>
   <TimeSpan>
    <begin>2026-01-25T18:00:00Z</begin>
    <end>2026-01-25T19:00:00Z</end>
   </TimeSpan>
   <styleUrl>#maxv</styleUrl>
   <Polygon>
    <extrude>1</extrude>
    <altitudeMode>clampToGround</altitudeMode>
    <outerBoundaryIs>
     <LinearRing>
      <coordinates>
        -95.11779,27.80402,00100
        -95.06702,27.80353,00100
        -95.06644,27.84843,00100
        -95.11724,27.84893,00100
        -95.11779,27.80402,00100
      </coordinates>
     </LinearRing>
    </outerBoundaryIs>
   </Polygon>
  </Placemark>
 </Folder>
 <Folder>
  <name><![CDATA[<pre>Concentration 
(Valid:20260125 2000UTC)</pre>]]>
  </name>
  <visibility>0</visibility>
  <description><![CDATA[<pre>
Averaged from 00000 to 00100m
Valid:20260125 2000 UTC
   </pre>]]>
  </description>
  <ScreenOverlay>
   <name>Legend</name>
   <Snippet maxLines="0"></Snippet>
   <TimeSpan>
    <begin>2026-01-25T19:00:00Z</begin>
    <end>2026-01-25T20:00:00Z</end>
   </TimeSpan>
   <Icon>
    <href>GELABEL_20_22130.gif</href>
   </Icon>
   <overlayXY x="0" y="1" xunits="fraction" yunits="fraction"/>
   <screenXY x="0" y="1" xunits="fraction" yunits="fraction"/>
   <rotationXY x="0" y="0" xunits="fraction" yunits="fraction"/>
   <size x="0" y="0" xunits="pixels" yunits="pixels"/>
  </ScreenOverlay>
  <Placemark>
   <name>Contour Level: 3.2E-15 mass/m3</name>
   <Snippet maxLines="0"></Snippet>
   <TimeSpan>
    <begin>2026-01-25T19:00:00Z</begin>
    <end>2026-01-25T20:00:00Z</end>
   </TimeSpan>
   <styleUrl>#conc2</styleUrl>
   <MultiGeometry>
    <Polygon>
     <extrude>1</extrude>
     <altitudeMode>clampToGround</altitudeMode>
     <outerBoundaryIs>
      <LinearRing>
       <coordinates>
-95.16428,26.32341,00100
-95.16071,26.32139,00100
-95.15547,26.32333,00100
-95.13561,26.32781,00100
-95.11678,26.32296,00100
-95.11069,26.32052,00100
-95.10622,26.32285,00100
-95.08555,26.33031,00100
-95.06059,26.32633,00100
-95.03544,26.33624,00100
-95.01038,26.33918,00100
-94.99593,26.34415,00100
-94.98527,26.34642,00100
-94.96021,26.34895,00100
-94.93518,26.34943,00100
-94.91004,26.35781,00100
-94.88500,26.35883,00100
-94.87717,26.36524,00100
-94.87181,26.38760,00100
-94.86292,26.40993,00100
-94.85905,26.42228,00100
-94.85580,26.43226,00100
-94.84856,26.45461,00100
-94.83955,26.47692,00100
-94.83303,26.48746,00100
-94.82032,26.49912,00100
-94.80768,26.50694,00100
-94.79099,26.52119,00100
-94.78229,26.52815,00100
-94.75716,26.53256,00100
-94.73859,26.54296,00100
-94.73189,26.54507,00100
-94.70663,26.55653,00100
-94.68145,26.56275,00100
-94.67992,26.56464,00100
-94.68115,26.58106,00100
-94.68259,26.58710,00100
-94.68102,26.58888,00100
-94.67315,26.60940,00100
-94.67276,26.63183,00100
-94.67220,26.65425,00100
-94.66747,26.67662,00100
-94.65615,26.69891,00100
-94.65395,26.70749,00100
-94.64857,26.72124,00100
-94.64108,26.74357,00100
-94.63543,26.76593,00100
-94.63356,26.78834,00100
-94.62714,26.80723,00100
-94.62589,26.81067,00100
-94.62482,26.83310,00100
-94.61707,26.85542,00100
-94.61041,26.87777,00100
-94.60052,26.89338,00100
-94.59393,26.89998,00100
-94.57489,26.92029,00100
-94.57310,26.92213,00100
-94.55074,26.94425,00100
-94.54926,26.94639,00100
-94.52377,26.96413,00100
-94.51915,26.96624,00100
-94.49815,26.98836,00100
-94.49813,26.98838,00100
-94.49435,27.01076,00100
-94.48036,27.03300,00100
-94.47200,27.04001,00100
-94.46173,27.05517,00100
-94.44614,27.07511,00100
-94.44477,27.07736,00100
-94.42054,27.09564,00100
-94.41825,27.09940,00100
-94.40688,27.12167,00100
-94.40165,27.14404,00100
-94.40302,27.16650,00100
-94.39858,27.18888,00100
-94.40190,27.21138,00100
-94.39777,27.23376,00100
-94.39226,27.25386,00100
-94.39082,27.25611,00100
-94.38424,27.27845,00100
-94.36627,27.29123,00100
-94.34614,27.30030,00100
-94.34076,27.30393,00100
-94.31532,27.31302,00100
-94.30179,27.32205,00100
-94.28973,27.32887,00100
-94.27407,27.34405,00100
-94.26376,27.36201,00100
-94.26152,27.36629,00100
-94.25316,27.38861,00100
-94.25135,27.41103,00100
-94.24682,27.43340,00100
-94.24190,27.45578,00100
-94.24163,27.47823,00100
-94.23585,27.48742,00100
-94.21519,27.50024,00100
-94.21018,27.50416,00100
-94.18792,27.52223,00100
-94.18411,27.53906,00100
-94.18113,27.54457,00100
-94.16387,27.56673,00100
-94.15784,27.58255,00100
-94.15408,27.58902,00100
-94.14587,27.61133,00100
-94.13631,27.63363,00100
-94.13118,27.64258,00100
-94.11762,27.65575,00100
-94.10543,27.66040,00100
-94.08385,27.67762,00100
-94.07964,27.67957,00100
-94.05389,27.69691,00100
-94.05177,27.69950,00100
-94.02795,27.72120,00100
-94.02779,27.72153,00100
-94.02793,27.72229,00100
-94.03487,27.74412,00100
-94.02714,27.75664,00100
-94.02393,27.76637,00100
-94.02660,27.77959,00100
-94.02998,27.78895,00100
-94.02616,27.79877,00100
-94.02332,27.81129,00100
-94.02424,27.83377,00100
-94.01994,27.85615,00100
-94.01625,27.87854,00100
-94.01045,27.90090,00100
-94.00607,27.92328,00100
-93.99744,27.94058,00100
-93.99203,27.94548,00100
-93.98895,27.96789,00100
-93.97718,27.99014,00100
-93.98164,28.01268,00100
-93.97128,28.03495,00100
-93.96967,28.03843,00100
-93.95477,28.05711,00100
-93.94336,28.07419,00100
-93.91786,28.07571,00100
-93.91328,28.07879,00100
-93.89217,28.08532,00100
-93.87531,28.10053,00100
-93.86605,28.11152,00100
-93.85976,28.12270,00100
-93.85159,28.14501,00100
-93.84969,28.16744,00100
-93.83954,28.18970,00100
-93.84158,28.21221,00100
-93.83765,28.22797,00100
-93.83566,28.23457,00100
-93.83420,28.25701,00100
-93.83664,28.26791,00100
-93.83858,28.27956,00100
-93.83586,28.29858,00100
-93.83482,28.30196,00100
-93.82237,28.32418,00100
-93.81076,28.34642,00100
-93.80892,28.35413,00100
-93.80518,28.36878,00100
-93.80120,28.39118,00100
-93.80391,28.41370,00100
-93.79927,28.43608,00100
-93.79240,28.45842,00100
-93.78402,28.48073,00100
-93.78003,28.48439,00100
-93.75414,28.49692,00100
-93.73637,28.50224,00100
-93.72833,28.50557,00100
-93.70242,28.51809,00100
-93.69146,28.52379,00100
-93.68024,28.54603,00100
-93.67599,28.54972,00100
-93.66688,28.56823,00100
-93.66295,28.59062,00100
-93.65806,28.61300,00100
-93.65285,28.63536,00100
-93.64845,28.65774,00100
-93.64737,28.66161,00100
-93.63563,28.67995,00100
-93.62099,28.68950,00100
-93.59968,28.70166,00100
-93.59490,28.70606,00100
-93.56898,28.71681,00100
-93.55754,28.72323,00100
-93.54295,28.73102,00100
-93.51704,28.74036,00100
-93.51076,28.74469,00100
-93.49087,28.75918,00100
-93.48650,28.76663,00100
-93.47676,28.78889,00100
-93.46960,28.81121,00100
-93.46960,28.83369,00100
-93.47425,28.85627,00100
-93.47745,28.87882,00100
-93.48635,28.90150,00100
-93.48672,28.90245,00100
-93.50461,28.92438,00100
-93.50313,28.94683,00100
-93.48483,28.96769,00100
-93.48413,28.96889,00100
-93.48473,28.97136,00100
-93.49554,28.99162,00100
-93.48363,29.00944,00100
-93.48204,29.01380,00100
-93.48312,29.02696,00100
-93.48527,29.03636,00100
-93.48277,29.03901,00100
-93.47299,29.05856,00100
-93.45868,29.08073,00100
-93.45577,29.08278,00100
-93.43710,29.10273,00100
-93.42926,29.10949,00100
-93.42007,29.12482,00100
-93.40720,29.14701,00100
-93.40212,29.15648,00100
-93.39024,29.16911,00100
-93.37540,29.18876,00100
-93.36445,29.19100,00100
-93.34927,29.20121,00100
-93.34041,29.21292,00100
-93.33200,29.23522,00100
-93.32487,29.25753,00100
-93.32906,29.28012,00100
-93.33949,29.30284,00100
-93.33644,29.32525,00100
-93.31941,29.33477,00100
-93.30965,29.34711,00100
-93.29581,29.36927,00100
-93.29237,29.37512,00100
-93.28741,29.39156,00100
-93.28284,29.41394,00100
-93.28451,29.43646,00100
-93.28994,29.45303,00100
-93.29565,29.45921,00100
-93.31490,29.48109,00100
-93.31595,29.48217,00100
-93.34031,29.49474,00100
-93.36609,29.49659,00100
-93.39185,29.49911,00100
-93.40430,29.50669,00100
-93.41702,29.52161,00100
-93.42806,29.52971,00100
-93.44213,29.54607,00100
-93.45284,29.55276,00100
-93.46719,29.57294,00100
-93.46952,29.57561,00100
-93.47555,29.59823,00100
-93.48177,29.62086,00100
-93.49138,29.63014,00100
-93.51733,29.62733,00100
-93.54307,29.63186,00100
-93.56146,29.62259,00100
-93.56941,29.61513,00100
-93.57692,29.60043,00100
-93.57749,29.57796,00100
-93.58530,29.55564,00100
-93.59738,29.53987,00100
-93.60111,29.53349,00100
-93.62398,29.51287,00100
-93.62701,29.51155,00100
-93.64996,29.50769,00100
-93.67604,29.49848,00100
-93.70198,29.49470,00100
-93.72784,29.49337,00100
-93.74389,29.49147,00100
-93.75378,29.48942,00100
-93.77965,29.48789,00100
-93.80566,29.48075,00100
-93.83148,29.48125,00100
-93.85215,29.47111,00100
-93.85767,29.46693,00100
-93.88361,29.46214,00100
-93.90952,29.45854,00100
-93.92564,29.47250,00100
-93.93491,29.47630,00100
-93.94157,29.47280,00100
-93.95898,29.45064,00100
-93.96143,29.44760,00100
-93.98295,29.42860,00100
-93.97858,29.40604,00100
-93.96855,29.38337,00100
-93.96343,29.36503,00100
-93.96185,29.36076,00100
-93.94446,29.33796,00100
-93.93945,29.31539,00100
-93.93888,29.31408,00100
-93.92570,29.29265,00100
-93.92561,29.27016,00100
-93.91714,29.24752,00100
-93.91496,29.23896,00100
-93.91046,29.22492,00100
-93.90079,29.20225,00100
-93.89055,29.18438,00100
-93.89008,29.17957,00100
-93.88623,29.15702,00100
-93.87478,29.13432,00100
-93.86660,29.11287,00100
-93.86628,29.11168,00100
-93.86589,29.08919,00100
-93.86156,29.06662,00100
-93.85987,29.04412,00100
-93.85813,29.02160,00100
-93.86289,28.99921,00100
-93.86819,28.97684,00100
-93.87010,28.97333,00100
-93.88873,28.95475,00100
-93.89636,28.95042,00100
-93.92226,28.94164,00100
-93.94805,28.93766,00100
-93.97381,28.93455,00100
-93.97665,28.93392,00100
-93.99970,28.92581,00100
-94.01370,28.91211,00100
-94.02605,28.89712,00100
-94.03314,28.88999,00100
-94.04464,28.86771,00100
-94.04778,28.84529,00100
-94.05327,28.83075,00100
-94.05529,28.82295,00100
-94.06185,28.80060,00100
-94.07896,28.77842,00100
-94.08015,28.77683,00100
-94.10609,28.76429,00100
-94.11566,28.75659,00100
-94.13202,28.75107,00100
-94.15680,28.75729,00100
-94.15751,28.75769,00100
-94.18312,28.75880,00100
-94.20451,28.78057,00100
-94.20821,28.78410,00100
-94.22085,28.80332,00100
-94.22474,28.82585,00100
-94.23251,28.84697,00100
-94.23357,28.84847,00100
-94.23240,28.85219,00100
-94.22818,28.87086,00100
-94.23183,28.87915,00100
-94.24716,28.89365,00100
-94.25681,28.91171,00100
-94.28239,28.91619,00100
-94.28269,28.91669,00100
-94.29176,28.93932,00100
-94.29922,28.96191,00100
-94.29957,28.98439,00100
-94.29732,29.00683,00100
-94.30131,29.02938,00100
-94.30549,29.04092,00100
-94.30753,29.05195,00100
-94.31200,29.07450,00100
-94.31372,29.09701,00100
-94.31512,29.11951,00100
-94.32052,29.14207,00100
-94.32191,29.16457,00100
-94.32831,29.18263,00100
-94.33289,29.18722,00100
-94.35355,29.20728,00100
-94.37936,29.20475,00100
-94.39605,29.21066,00100
-94.40492,29.21457,00100
-94.43033,29.23253,00100
-94.44295,29.21136,00100
-94.43963,29.18883,00100
-94.45731,29.16837,00100
-94.45818,29.16663,00100
-94.47086,29.14434,00100
-94.47142,29.12187,00100
-94.47131,29.09938,00100
-94.46092,29.07675,00100
-94.45911,29.07401,00100
-94.43925,29.05396,00100
-94.43384,29.05131,00100
-94.40812,29.05171,00100
-94.38516,29.03067,00100
-94.38422,29.00818,00100
-94.39186,28.98582,00100
-94.40961,28.97589,00100
-94.43526,28.97750,00100
-94.44523,28.96414,00100
-94.45644,28.94183,00100
-94.46181,28.93308,00100
-94.48767,28.92318,00100
-94.49303,28.91988,00100
-94.48785,28.91400,00100
-94.47917,28.89721,00100
-94.47501,28.87467,00100
-94.46628,28.85207,00100
-94.46341,28.84864,00100
-94.43799,28.83663,00100
-94.41335,28.82881,00100
-94.41254,28.82606,00100
-94.39487,28.80607,00100
-94.41311,28.79683,00100
-94.43880,28.79400,00100
-94.46452,28.79055,00100
-94.49020,28.78818,00100
-94.49530,28.78507,00100
-94.50230,28.76270,00100
-94.49096,28.74784,00100
-94.47613,28.73984,00100
-94.46571,28.72736,00100
-94.45760,28.71710,00100
-94.46175,28.69469,00100
-94.46658,28.68176,00100
-94.47852,28.67246,00100
-94.49262,28.65891,00100
-94.50509,28.65037,00100
-94.51857,28.64051,00100
-94.53608,28.62834,00100
-94.54456,28.61960,00100
-94.55417,28.60612,00100
-94.57056,28.59690,00100
-94.59626,28.59099,00100
-94.61266,28.58445,00100
-94.62143,28.56210,00100
-94.62238,28.56036,00100
-94.62962,28.53973,00100
-94.64103,28.51742,00100
-94.64698,28.49503,00100
-94.64912,28.49255,00100
-94.65762,28.47270,00100
-94.65619,28.45021,00100
-94.65759,28.42776,00100
-94.65891,28.40531,00100
-94.66484,28.38291,00100
-94.67091,28.36053,00100
-94.67701,28.35440,00100
-94.70271,28.34358,00100
-94.72139,28.33871,00100
-94.72836,28.33629,00100
-94.75399,28.32965,00100
-94.77962,28.32306,00100
-94.80521,28.31859,00100
-94.80757,28.31730,00100
-94.82158,28.29500,00100
-94.82825,28.27261,00100
-94.83153,28.26625,00100
-94.83579,28.25024,00100
-94.83775,28.22779,00100
-94.84225,28.20538,00100
-94.85043,28.18302,00100
-94.85851,28.16702,00100
-94.86114,28.16068,00100
-94.87915,28.13842,00100
-94.88470,28.11886,00100
-94.91014,28.12101,00100
-94.91875,28.11640,00100
-94.93578,28.10886,00100
-94.96121,28.11126,00100
-94.98687,28.09748,00100
-94.99277,28.09474,00100
-95.01254,28.08240,00100
-95.03164,28.07269,00100
-95.03728,28.05028,00100
-95.03844,28.04839,00100
-95.05445,28.02799,00100
-95.06438,28.00986,00100
-95.06680,28.00565,00100
-95.08923,27.98342,00100
-95.09016,27.98248,00100
-95.11573,27.97206,00100
-95.12933,27.96134,00100
-95.14133,27.95728,00100
-95.16357,27.96166,00100
-95.16669,27.96321,00100
-95.16950,27.96172,00100
-95.19221,27.95552,00100
-95.21768,27.95158,00100
-95.23780,27.93986,00100
-95.24326,27.93718,00100
-95.25948,27.91759,00100
-95.26546,27.89518,00100
-95.26646,27.87273,00100
-95.26952,27.85892,00100
-95.27293,27.85033,00100
-95.26980,27.83374,00100
-95.26926,27.82784,00100
-95.26991,27.82369,00100
-95.27532,27.80544,00100
-95.28291,27.78304,00100
-95.28851,27.76064,00100
-95.29612,27.74455,00100
-95.30228,27.73829,00100
-95.31977,27.71598,00100
-95.32182,27.71291,00100
-95.34126,27.69369,00100
-95.34743,27.68757,00100
-95.36364,27.67141,00100
-95.37312,27.65342,00100
-95.37441,27.64904,00100
-95.37704,27.62661,00100
-95.37701,27.60416,00100
-95.37444,27.58168,00100
-95.37386,27.57690,00100
-95.36989,27.55920,00100
-95.36187,27.53669,00100
-95.35464,27.51418,00100
-95.34921,27.50882,00100
-95.32973,27.49154,00100
-95.32410,27.48775,00100
-95.31101,27.46893,00100
-95.30258,27.44641,00100
-95.29930,27.43937,00100
-95.29537,27.42391,00100
-95.29737,27.40147,00100
-95.29980,27.39153,00100
-95.30572,27.37910,00100
-95.30945,27.35668,00100
-95.31667,27.33429,00100
-95.31586,27.31183,00100
-95.30289,27.28929,00100
-95.30093,27.28217,00100
-95.29732,27.26680,00100
-95.29401,27.24432,00100
-95.27631,27.22239,00100
-95.27610,27.22173,00100
-95.27633,27.22093,00100
-95.29288,27.19942,00100
-95.29807,27.17702,00100
-95.30213,27.16601,00100
-95.30698,27.15466,00100
-95.32768,27.13408,00100
-95.33095,27.13240,00100
-95.35313,27.11036,00100
-95.35333,27.11014,00100
-95.37148,27.08783,00100
-95.37868,27.07444,00100
-95.38049,27.06546,00100
-95.38442,27.04305,00100
-95.38688,27.02063,00100
-95.38797,26.99821,00100
-95.39046,26.97578,00100
-95.39375,26.95337,00100
-95.40063,26.93098,00100
-95.40539,26.91340,00100
-95.40627,26.90859,00100
-95.40840,26.88617,00100
-95.41225,26.86376,00100
-95.41393,26.84134,00100
-95.41507,26.81891,00100
-95.41541,26.79648,00100
-95.41422,26.77404,00100
-95.41293,26.75159,00100
-95.41153,26.72915,00100
-95.40974,26.70671,00100
-95.40749,26.68600,00100
-95.40723,26.68426,00100
-95.40658,26.66182,00100
-95.40394,26.63937,00100
-95.40453,26.61695,00100
-95.40157,26.59450,00100
-95.40129,26.57207,00100
-95.39431,26.54959,00100
-95.38384,26.53225,00100
-95.37580,26.52702,00100
-95.35904,26.50543,00100
-95.35809,26.50446,00100
-95.33420,26.48310,00100
-95.33267,26.48183,00100
-95.31882,26.45929,00100
-95.30953,26.44516,00100
-95.30645,26.43677,00100
-95.28481,26.41431,00100
-95.28474,26.41417,00100
-95.28481,26.41381,00100
-95.29395,26.39182,00100
-95.28514,26.38257,00100
-95.27913,26.36927,00100
-95.26042,26.35362,00100
-95.25050,26.34661,00100
-95.23555,26.33953,00100
-95.21062,26.33124,00100
-95.18561,26.33114,00100
-95.16428,26.32341,00100
       </coordinates>
      </LinearRing>
     </outerBoundaryIs>
    </Polygon>
    <Polygon>
     <extrude>1</extrude>
     <altitudeMode>clampToGround</altitudeMode>
     <outerBoundaryIs>
      <LinearRing>
       <coordinates>
-94.75690,28.60878,00100
-94.74957,28.60570,00100
-94.72404,28.60183,00100
-94.69847,28.60029,00100
-94.67288,28.59979,00100
-94.64930,28.60741,00100
-94.64977,28.62989,00100
-94.67213,28.64420,00100
-94.69762,28.65140,00100
-94.70151,28.65303,00100
-94.72293,28.66961,00100
-94.73499,28.67592,00100
-94.74813,28.69507,00100
-94.75016,28.69858,00100
-94.75188,28.72107,00100
-94.74768,28.72338,00100
-94.72534,28.74322,00100
-94.72170,28.74453,00100
-94.71445,28.76555,00100
-94.71101,28.78798,00100
-94.69509,28.80363,00100
-94.68199,28.81009,00100
-94.67814,28.83250,00100
-94.69200,28.85516,00100
-94.69415,28.86021,00100
-94.69532,28.85520,00100
-94.72015,28.83924,00100
-94.74585,28.83681,00100
-94.75220,28.83344,00100
-94.75742,28.81104,00100
-94.75693,28.78856,00100
-94.75850,28.76611,00100
-94.75785,28.74362,00100
-94.77323,28.72798,00100
-94.78701,28.72150,00100
-94.77770,28.69892,00100
-94.77379,28.69248,00100
-94.75256,28.67614,00100
-94.75366,28.65368,00100
-94.76723,28.63138,00100
-94.75690,28.60878,00100
       </coordinates>
      </LinearRing>
     </outerBoundaryIs>
    </Polygon>
    <Polygon>
     <extrude>1</extrude>
     <altitudeMode>clampToGround</altitudeMode>
     <outerBoundaryIs>
      <LinearRing>
       <coordinates>
-94.59940,28.71910,00100
-94.59428,28.70317,00100
-94.56912,28.71869,00100
-94.59380,28.73001,00100
-94.59940,28.71910,00100
       </coordinates>
      </LinearRing>
     </outerBoundaryIs>
     <innerBoundaryIs>
      <LinearRing>
       <coordinates>
-94.31673,28.80486,00100
-94.33636,28.78729,00100
-94.36179,28.79786,00100
-94.36665,28.80564,00100
-94.36134,28.82078,00100
-94.36005,28.82800,00100
-94.33521,28.84413,00100
-94.31490,28.82730,00100
-94.31673,28.80486,00100
       </coordinates>
      </LinearRing>
     </innerBoundaryIs>
    </Polygon>
    <Polygon>
     <extrude>1</extrude>
     <altitudeMode>clampToGround</altitudeMode>
     <outerBoundaryIs>
      <LinearRing>
       <coordinates>
-94.44771,29.45871,00100
-94.42616,29.44679,00100
-94.41936,29.45829,00100
-94.42155,29.48081,00100
-94.42542,29.48498,00100
-94.44421,29.48114,00100
-94.44771,29.45871,00100
       </coordinates>
      </LinearRing>
     </outerBoundaryIs>
    </Polygon>
    <Polygon>
     <extrude>1</extrude>
     <altitudeMode>clampToGround</altitudeMode>
     <outerBoundaryIs>
      <LinearRing>
       <coordinates>
-94.60378,29.82060,00100
-94.60038,29.81300,00100
-94.57447,29.81271,00100
-94.57165,29.82017,00100
-94.57426,29.82386,00100
-94.60013,29.82712,00100
-94.60378,29.82060,00100
       </coordinates>
      </LinearRing>
     </outerBoundaryIs>
    </Polygon>
    <Polygon>
     <extrude>1</extrude>
     <altitudeMode>clampToGround</altitudeMode>
     <outerBoundaryIs>
      <LinearRing>
       <coordinates>
-94.66727,29.86640,00100
-94.65160,29.84803,00100
-94.62575,29.84372,00100
-94.61240,29.86568,00100
-94.62074,29.88828,00100
-94.62488,29.89342,00100
-94.65077,29.89563,00100
-94.65982,29.88879,00100
-94.66727,29.86640,00100
       </coordinates>
      </LinearRing>
     </outerBoundaryIs>
    </Polygon>
    <Polygon>
     <extrude>1</extrude>
     <altitudeMode>clampToGround</altitudeMode>
     <outerBoundaryIs>
      <LinearRing>
       <coordinates>
-94.45963,29.86356,00100
-94.44430,29.84432,00100
-94.41841,29.84247,00100
-94.39548,29.86262,00100
-94.39611,29.88511,00100
-94.41725,29.90138,00100
-94.44314,29.90392,00100
-94.44829,29.90837,00100
-94.45074,29.93089,00100
-94.46046,29.95351,00100
-94.46774,29.97351,00100
-94.46954,29.97613,00100
-94.49346,29.98602,00100
-94.50306,29.97661,00100
-94.50721,29.95418,00100
-94.51340,29.93178,00100
-94.51225,29.90928,00100
-94.49518,29.89506,00100
-94.46936,29.88898,00100
-94.46633,29.88614,00100
-94.45963,29.86356,00100
       </coordinates>
      </LinearRing>
     </outerBoundaryIs>
    </Polygon>
    <Polygon>
     <extrude>1</extrude>
     <altitudeMode>clampToGround</altitudeMode>
     <outerBoundaryIs>
      <LinearRing>
       <coordinates>
-93.35403,29.95530,00100
-93.35213,29.95438,00100
-93.32631,29.95026,00100
-93.31562,29.95441,00100
-93.29969,29.97144,00100
-93.29380,29.97638,00100
-93.27834,29.99851,00100
-93.27267,30.00524,00100
-93.26718,30.02073,00100
-93.27179,30.03309,00100
-93.28168,30.04357,00100
-93.29680,30.06417,00100
-93.29854,30.06646,00100
-93.32224,30.08194,00100
-93.34824,30.08156,00100
-93.36768,30.06806,00100
-93.37496,30.05725,00100
-93.38184,30.04588,00100
-93.39886,30.02378,00100
-93.38911,30.00107,00100
-93.37721,29.98329,00100
-93.37266,29.97821,00100
-93.35403,29.95530,00100
       </coordinates>
      </LinearRing>
     </outerBoundaryIs>
    </Polygon>
    <Polygon>
     <extrude>1</extrude>
     <altitudeMode>clampToGround</altitudeMode>
     <outerBoundaryIs>
      <LinearRing>
       <coordinates>
-94.72646,30.02453,00100
-94.72645,30.02452,00100
-94.70058,30.01833,00100
-94.69092,30.02409,00100
-94.70018,30.04246,00100
-94.70222,30.04671,00100
-94.71153,30.06931,00100
-94.72550,30.08165,00100
-94.75166,30.07075,00100
-94.75214,30.06981,00100
-94.75171,30.06773,00100
-94.73758,30.04715,00100
-94.72646,30.02453,00100
       </coordinates>
      </LinearRing>
     </outerBoundaryIs>
    </Polygon>
    <Polygon>
     <extrude>1</extrude>
     <altitudeMode>clampToGround</altitudeMode>
     <outerBoundaryIs>
      <LinearRing>
       <coordinates>
-94.44379,30.11066,00100
-94.43920,30.10616,00100
-94.43052,30.11046,00100
-94.43874,30.12975,00100
-94.44379,30.11066,00100
       </coordinates>
      </LinearRing>
     </outerBoundaryIs>
    </Polygon>
    <Polygon>
     <extrude>1</extrude>
     <altitudeMode>clampToGround</altitudeMode>
     <outerBoundaryIs>
      <LinearRing>
       <coordinates>
-94.43777,30.35790,00100
-94.43433,30.35575,00100
-94.43050,30.35780,00100
-94.43040,30.38028,00100
-94.43381,30.38226,00100
-94.43737,30.38039,00100
-94.43777,30.35790,00100
       </coordinates>
      </LinearRing>
     </outerBoundaryIs>
    </Polygon>
   </MultiGeometry>
  </Placemark>
  <Placemark>
   <name>Contour Level: 1.0E-14 mass/m3</name>
   <Snippet maxLines="0"></Snippet>
   <TimeSpan>
    <begin>2026-01-25T19:00:00Z</begin>
    <end>2026-01-25T20:00:00Z</end>
   </TimeSpan>
   <styleUrl>#conc3</styleUrl>
   <MultiGeometry>
    <Polygon>
     <extrude>1</extrude>
     <altitudeMode>clampToGround</altitudeMode>
     <outerBoundaryIs>
      <LinearRing>
       <coordinates>
-94.95388,26.88200,00300
-94.95292,26.88040,00300
-94.92863,26.88172,00300
-94.92774,26.88175,00300
-94.90587,26.90391,00300
-94.90224,26.90566,00300
-94.87708,26.92602,00300
-94.87679,26.92614,00300
-94.85132,26.94671,00300
-94.84895,26.94812,00300
-94.82590,26.96296,00300
-94.81405,26.97014,00300
-94.80398,26.99247,00300
-94.80032,27.01486,00300
-94.79992,27.01572,00300
-94.78047,27.03706,00300
-94.77426,27.04541,00300
-94.76173,27.05927,00300
-94.74873,27.06688,00300
-94.72335,27.07773,00300
-94.71937,27.08117,00300
-94.69798,27.08838,00300
-94.67892,27.10309,00300
-94.67242,27.10894,00300
-94.66383,27.12534,00300
-94.65536,27.14767,00300
-94.65186,27.17006,00300
-94.64593,27.18505,00300
-94.64094,27.19236,00300
-94.64248,27.21483,00300
-94.63048,27.23711,00300
-94.62251,27.25946,00300
-94.61932,27.26533,00300
-94.61237,27.28176,00300
-94.59342,27.30202,00300
-94.59058,27.30391,00300
-94.56783,27.32087,00300
-94.56206,27.32597,00300
-94.54227,27.33708,00300
-94.51682,27.34724,00300
-94.51540,27.34775,00300
-94.49135,27.35762,00300
-94.47523,27.36962,00300
-94.47019,27.39199,00300
-94.46516,27.40624,00300
-94.46281,27.41433,00300
-94.45863,27.43672,00300
-94.45379,27.45910,00300
-94.44408,27.48141,00300
-94.43836,27.48580,00300
-94.42577,27.50359,00300
-94.41723,27.52591,00300
-94.41319,27.54830,00300
-94.41169,27.55633,00300
-94.40865,27.57069,00300
-94.40792,27.59313,00300
-94.40728,27.61558,00300
-94.40345,27.63797,00300
-94.39838,27.66035,00300
-94.39203,27.68271,00300
-94.38371,27.69205,00300
-94.35816,27.70110,00300
-94.33722,27.70432,00300
-94.33272,27.70536,00300
-94.30707,27.71916,00300
-94.29758,27.72614,00300
-94.28114,27.74653,00300
-94.28040,27.74833,00300
-94.26810,27.77058,00300
-94.26581,27.79301,00300
-94.26193,27.81540,00300
-94.26277,27.83788,00300
-94.26606,27.86039,00300
-94.27074,27.88293,00300
-94.27802,27.89716,00300
-94.28867,27.90568,00300
-94.30298,27.91934,00300
-94.31902,27.92862,00300
-94.32813,27.93247,00300
-94.35352,27.93405,00300
-94.37880,27.94180,00300
-94.40018,27.95234,00300
-94.40397,27.95506,00300
-94.42310,27.97515,00300
-94.42883,27.98426,00300
-94.44151,27.99789,00300
-94.45367,28.01628,00300
-94.45568,28.02056,00300
-94.46276,28.04313,00300
-94.47569,28.06578,00300
-94.47816,28.06708,00300
-94.50352,28.07206,00300
-94.52887,28.07810,00300
-94.55439,28.07482,00300
-94.57472,28.06719,00300
-94.58008,28.06174,00300
-94.59454,28.04500,00300
-94.60612,28.02814,00300
-94.60880,28.02273,00300
-94.61528,28.00035,00300
-94.62350,27.97801,00300
-94.63263,27.96637,00300
-94.64208,27.95579,00300
-94.65836,27.94869,00300
-94.68394,27.93889,00300
-94.69807,27.93406,00300
-94.70955,27.92788,00300
-94.73500,27.92589,00300
-94.76050,27.92097,00300
-94.78602,27.91434,00300
-94.81145,27.91354,00300
-94.81284,27.91303,00300
-94.83717,27.89342,00300
-94.84032,27.89090,00300
-94.86282,27.87767,00300
-94.87595,27.86885,00300
-94.88866,27.84753,00300
-94.91405,27.84805,00300
-94.92122,27.84691,00300
-94.93954,27.84135,00300
-94.96450,27.82492,00300
-94.96518,27.82432,00300
-94.97829,27.80261,00300
-94.99113,27.78295,00300
-94.99181,27.78030,00300
-94.99503,27.75788,00300
-95.00424,27.73552,00300
-95.01555,27.71318,00300
-95.01747,27.71108,00300
-95.03662,27.69094,00300
-95.04318,27.68382,00300
-95.06534,27.66878,00300
-95.06886,27.65862,00300
-95.07491,27.64642,00300
-95.08012,27.62402,00300
-95.08513,27.60162,00300
-95.08797,27.57919,00300
-95.08909,27.55675,00300
-95.09106,27.53432,00300
-95.09545,27.51191,00300
-95.09602,27.48946,00300
-95.09633,27.48849,00300
-95.10451,27.46709,00300
-95.09686,27.44579,00300
-95.09657,27.44457,00300
-95.09698,27.43616,00300
-95.09814,27.42214,00300
-95.09726,27.41380,00300
-95.09652,27.39967,00300
-95.09748,27.39578,00300
-95.10414,27.37729,00300
-95.10217,27.35483,00300
-95.10116,27.33237,00300
-95.10023,27.30991,00300
-95.09860,27.30562,00300
-95.09214,27.28739,00300
-95.08658,27.26489,00300
-95.08584,27.24244,00300
-95.07437,27.22423,00300
-95.07316,27.21987,00300
-95.07450,27.21393,00300
-95.08301,27.19752,00300
-95.07594,27.17500,00300
-95.08073,27.15261,00300
-95.07550,27.13422,00300
-95.07477,27.13010,00300
-95.07057,27.10762,00300
-95.06013,27.08507,00300
-95.05521,27.06258,00300
-95.05138,27.04821,00300
-95.04922,27.04008,00300
-95.05073,27.01765,00300
-95.04435,26.99516,00300
-95.03709,26.97264,00300
-95.02779,26.95010,00300
-95.02747,26.94983,00300
-95.00545,26.92744,00300
-95.00267,26.92249,00300
-94.98131,26.90474,00300
-94.97781,26.89978,00300
-94.95388,26.88200,00300
       </coordinates>
      </LinearRing>
     </outerBoundaryIs>
    </Polygon>
   </MultiGeometry>
  </Placemark>
  <Placemark>
   <name>Maximum Value Grid Cell</name>
   <Snippet maxLines="0"></Snippet>
   <description><![CDATA[<pre>
LAT:   27.4182 LON:  -94.7431
Value: 1.9E-14
      The square represents the location
      of maximum concentration and the
      size of the square represents the
      concentration grid cell size.
    </pre>]]>
   </description>
   <TimeSpan>
    <begin>2026-01-25T19:00:00Z</begin>
    <end>2026-01-25T20:00:00Z</end>
   </TimeSpan>
   <styleUrl>#maxv</styleUrl>
   <Polygon>
    <extrude>1</extrude>
    <altitudeMode>clampToGround</altitudeMode>
    <outerBoundaryIs>
     <LinearRing>
      <coordinates>
        -94.76878,27.39604,00100
        -94.71822,27.39540,00100
        -94.71749,27.44029,00100
        -94.76807,27.44093,00100
        -94.76878,27.39604,00100
      </coordinates>
     </LinearRing>
    </outerBoundaryIs>
   </Polygon>
  </Placemark>
 </Folder>
 <Folder>
  <name><![CDATA[<pre>Concentration 
(Valid:20260125 2100UTC)</pre>]]>
  </name>
  <visibility>0</visibility>
  <description><![CDATA[<pre>
Averaged from 00000 to 00100m
Valid:20260125 2100 UTC
   </pre>]]>
  </description>
  <ScreenOverlay>
   <name>Legend</name>
   <Snippet maxLines="0"></Snippet>
   <TimeSpan>
    <begin>2026-01-25T20:00:00Z</begin>
    <end>2026-01-25T21:00:00Z</end>
   </TimeSpan>
   <Icon>
    <href>GELABEL_21_22130.gif</href>
   </Icon>
   <overlayXY x="0" y="1" xunits="fraction" yunits="fraction"/>
   <screenXY x="0" y="1" xunits="fraction" yunits="fraction"/>
   <rotationXY x="0" y="0" xunits="fraction" yunits="fraction"/>
   <size x="0" y="0" xunits="pixels" yunits="pixels"/>
  </ScreenOverlay>
  <Placemark>
   <name>Contour Level: 3.2E-15 mass/m3</name>
   <Snippet maxLines="0"></Snippet>
   <TimeSpan>
    <begin>2026-01-25T20:00:00Z</begin>
    <end>2026-01-25T21:00:00Z</end>
   </TimeSpan>
   <styleUrl>#conc2</styleUrl>
   <MultiGeometry>
    <Polygon>
     <extrude>1</extrude>
     <altitudeMode>clampToGround</altitudeMode>
     <outerBoundaryIs>
      <LinearRing>
       <coordinates>
-94.95564,25.98503,00100
-94.94042,25.97132,00100
-94.92609,25.98470,00100
-94.91519,25.99240,00100
-94.89011,26.00278,00100
-94.88786,26.00668,00100
-94.88453,26.02905,00100
-94.88300,26.05145,00100
-94.86963,26.07371,00100
-94.86411,26.07565,00100
-94.83890,26.09340,00100
-94.83449,26.09571,00100
-94.81358,26.11669,00100
-94.80904,26.11782,00100
-94.78850,26.12451,00100
-94.76331,26.13932,00100
-94.76218,26.13965,00100
-94.73820,26.14803,00100
-94.71603,26.16148,00100
-94.71295,26.16480,00100
-94.68773,26.17986,00100
-94.68698,26.18352,00100
-94.67919,26.20584,00100
-94.67549,26.22821,00100
-94.66978,26.25055,00100
-94.66122,26.27207,00100
-94.66093,26.27285,00100
-94.65324,26.29518,00100
-94.64143,26.31744,00100
-94.63535,26.32365,00100
-94.61013,26.33524,00100
-94.60358,26.33935,00100
-94.58487,26.34901,00100
-94.55968,26.35865,00100
-94.53465,26.35845,00100
-94.52895,26.36071,00100
-94.50925,26.37895,00100
-94.50298,26.38276,00100
-94.48424,26.40491,00100
-94.48373,26.40555,00100
-94.47594,26.42721,00100
-94.46544,26.44948,00100
-94.45771,26.45835,00100
-94.44830,26.47165,00100
-94.44024,26.49397,00100
-94.43185,26.50119,00100
-94.42228,26.51612,00100
-94.40611,26.53688,00100
-94.40465,26.53828,00100
-94.38059,26.55962,00100
-94.37882,26.56031,00100
-94.35830,26.58242,00100
-94.35496,26.58786,00100
-94.34255,26.60460,00100
-94.32918,26.62279,00100
-94.32664,26.62678,00100
-94.31046,26.64895,00100
-94.30349,26.65240,00100
-94.28645,26.67099,00100
-94.27778,26.68231,00100
-94.27467,26.69324,00100
-94.26212,26.71547,00100
-94.25519,26.73779,00100
-94.25323,26.76019,00100
-94.25076,26.77411,00100
-94.24813,26.78254,00100
-94.24442,26.80491,00100
-94.24441,26.82736,00100
-94.23877,26.84970,00100
-94.23969,26.87215,00100
-94.23192,26.89446,00100
-94.22694,26.91682,00100
-94.22253,26.92151,00100
-94.20904,26.93896,00100
-94.19666,26.95442,00100
-94.18816,26.96104,00100
-94.17736,26.98330,00100
-94.18008,27.00579,00100
-94.17142,27.02808,00100
-94.16987,27.02925,00100
-94.14815,27.05013,00100
-94.14397,27.06162,00100
-94.11877,27.06144,00100
-94.09830,27.07169,00100
-94.09331,27.07292,00100
-94.06811,27.07252,00100
-94.04254,27.08841,00100
-94.03785,27.09306,00100
-94.02032,27.11518,00100
-94.01643,27.12691,00100
-94.01331,27.13750,00100
-94.00866,27.15986,00100
-94.00662,27.18227,00100
-94.00593,27.20470,00100
-94.00489,27.22713,00100
-93.99637,27.24943,00100
-93.99622,27.27187,00100
-93.98751,27.28476,00100
-93.97418,27.29391,00100
-93.96153,27.31506,00100
-93.95461,27.31600,00100
-93.93619,27.31817,00100
-93.91067,27.32866,00100
-93.89780,27.33736,00100
-93.88503,27.34334,00100
-93.86722,27.35922,00100
-93.85883,27.38074,00100
-93.85849,27.38150,00100
-93.85448,27.40388,00100
-93.85133,27.42627,00100
-93.84864,27.44867,00100
-93.84296,27.47101,00100
-93.83419,27.49329,00100
-93.83061,27.49789,00100
-93.81374,27.51534,00100
-93.80441,27.53274,00100
-93.80028,27.53753,00100
-93.79362,27.55985,00100
-93.78917,27.58222,00100
-93.79018,27.60470,00100
-93.78833,27.62712,00100
-93.77659,27.64934,00100
-93.77607,27.65011,00100
-93.75827,27.67143,00100
-93.75002,27.67690,00100
-93.72445,27.68516,00100
-93.69894,27.69044,00100
-93.69659,27.69262,00100
-93.67311,27.70790,00100
-93.66859,27.71449,00100
-93.66298,27.73684,00100
-93.65578,27.75914,00100
-93.65202,27.78153,00100
-93.64657,27.80387,00100
-93.64736,27.82636,00100
-93.64430,27.83513,00100
-93.63686,27.84859,00100
-93.64130,27.87115,00100
-93.62349,27.89324,00100
-93.61690,27.90839,00100
-93.61123,27.91544,00100
-93.59088,27.93005,00100
-93.57064,27.93703,00100
-93.56521,27.93872,00100
-93.53960,27.94529,00100
-93.51386,27.95600,00100
-93.49471,27.95782,00100
-93.48831,27.96006,00100
-93.48045,27.97997,00100
-93.47112,28.00222,00100
-93.46697,28.02460,00100
-93.46671,28.04706,00100
-93.45992,28.06252,00100
-93.45772,28.06932,00100
-93.45081,28.09163,00100
-93.43311,28.10822,00100
-93.42918,28.11361,00100
-93.42976,28.13609,00100
-93.42110,28.15837,00100
-93.41936,28.18079,00100
-93.41789,28.20323,00100
-93.41587,28.22565,00100
-93.41450,28.24809,00100
-93.41208,28.27051,00100
-93.40845,28.29289,00100
-93.40747,28.31535,00100
-93.40096,28.33392,00100
-93.39812,28.33760,00100
-93.38475,28.35977,00100
-93.37602,28.38204,00100
-93.37376,28.40446,00100
-93.37325,28.40689,00100
-93.36526,28.42674,00100
-93.35059,28.44887,00100
-93.34607,28.46081,00100
-93.33584,28.47100,00100
-93.32011,28.47388,00100
-93.29457,28.49250,00100
-93.29395,28.49284,00100
-93.28088,28.51465,00100
-93.27026,28.53687,00100
-93.26682,28.54338,00100
-93.26062,28.55911,00100
-93.25552,28.58147,00100
-93.24928,28.60380,00100
-93.24881,28.62626,00100
-93.23995,28.64853,00100
-93.24352,28.67109,00100
-93.23695,28.67994,00100
-93.22224,28.69305,00100
-93.21034,28.71090,00100
-93.18460,28.71442,00100
-93.18421,28.71460,00100
-93.15854,28.72769,00100
-93.13428,28.73585,00100
-93.13263,28.73624,00100
-93.10686,28.74025,00100
-93.08083,28.75195,00100
-93.07525,28.75684,00100
-93.06732,28.77912,00100
-93.05937,28.80139,00100
-93.05785,28.82383,00100
-93.05597,28.84626,00100
-93.05949,28.86884,00100
-93.06059,28.89135,00100
-93.06368,28.91391,00100
-93.06038,28.93631,00100
-93.05334,28.95861,00100
-93.04990,28.98100,00100
-93.04726,29.00342,00100
-93.04952,29.02596,00100
-93.04558,29.04021,00100
-93.04330,29.04828,00100
-93.04498,29.05804,00100
-93.04792,29.07089,00100
-93.04406,29.08549,00100
-93.04208,29.09322,00100
-93.04353,29.10136,00100
-93.04786,29.11585,00100
-93.04264,29.12784,00100
-93.03879,29.13811,00100
-93.03513,29.16049,00100
-93.03009,29.18285,00100
-93.02809,29.20529,00100
-93.02972,29.22781,00100
-93.03329,29.25039,00100
-93.03815,29.26165,00100
-93.04823,29.27326,00100
-93.06319,29.28380,00100
-93.08856,29.29581,00100
-93.09458,29.29692,00100
-93.11423,29.29960,00100
-93.14001,29.29948,00100
-93.16581,29.29893,00100
-93.16673,29.29871,00100
-93.19182,29.29206,00100
-93.21701,29.27745,00100
-93.21811,29.27594,00100
-93.24078,29.25554,00100
-93.24471,29.24977,00100
-93.25800,29.23347,00100
-93.26420,29.21113,00100
-93.27212,29.18884,00100
-93.27234,29.16636,00100
-93.27314,29.16463,00100
-93.29230,29.14435,00100
-93.29982,29.13457,00100
-93.31127,29.12231,00100
-93.32616,29.11507,00100
-93.35210,29.10814,00100
-93.36684,29.10113,00100
-93.37813,29.09844,00100
-93.40427,29.08437,00100
-93.41145,29.07967,00100
-93.42530,29.05750,00100
-93.43103,29.04950,00100
-93.45264,29.03563,00100
-93.45727,29.03169,00100
-93.48150,29.01379,00100
-93.48354,29.01248,00100
-93.50935,29.00875,00100
-93.53547,28.99434,00100
-93.53764,28.99254,00100
-93.54923,28.97032,00100
-93.56194,28.96698,00100
-93.58805,28.95207,00100
-93.59106,28.94874,00100
-93.61431,28.93156,00100
-93.61978,28.92687,00100
-93.63173,28.90464,00100
-93.64131,28.88340,00100
-93.64164,28.88237,00100
-93.64503,28.85996,00100
-93.64353,28.83745,00100
-93.64942,28.81510,00100
-93.64578,28.79255,00100
-93.65266,28.77022,00100
-93.65115,28.74771,00100
-93.65637,28.72534,00100
-93.65781,28.70289,00100
-93.66174,28.68050,00100
-93.66216,28.65803,00100
-93.66123,28.63554,00100
-93.66140,28.61307,00100
-93.66686,28.59070,00100
-93.66927,28.56828,00100
-93.67583,28.55595,00100
-93.68887,28.54621,00100
-93.70199,28.53455,00100
-93.72777,28.52691,00100
-93.73533,28.52469,00100
-93.75352,28.52019,00100
-93.77926,28.51419,00100
-93.80500,28.50747,00100
-93.81128,28.50374,00100
-93.83086,28.49611,00100
-93.85395,28.48210,00100
-93.85689,28.47823,00100
-93.87041,28.45995,00100
-93.87646,28.43759,00100
-93.87572,28.41510,00100
-93.88431,28.40350,00100
-93.90105,28.39312,00100
-93.91045,28.37082,00100
-93.91065,28.37076,00100
-93.93634,28.36466,00100
-93.96184,28.36616,00100
-93.98734,28.36777,00100
-94.01315,28.35613,00100
-94.02107,28.35041,00100
-94.03905,28.34017,00100
-94.06347,28.32870,00100
-94.06487,28.32723,00100
-94.09080,28.30987,00100
-94.09338,28.30676,00100
-94.11263,28.28463,00100
-94.11713,28.27334,00100
-94.12379,28.26235,00100
-94.13554,28.24009,00100
-94.14361,28.22999,00100
-94.15633,28.21798,00100
-94.16961,28.20692,00100
-94.18134,28.19593,00100
-94.19550,28.18892,00100
-94.21009,28.17396,00100
-94.22150,28.16459,00100
-94.23134,28.15184,00100
-94.24759,28.13584,00100
-94.25074,28.12970,00100
-94.26006,28.10738,00100
-94.27399,28.09121,00100
-94.28318,28.08529,00100
-94.30000,28.06513,00100
-94.30310,28.06315,00100
-94.30508,28.04071,00100
-94.31769,28.01845,00100
-94.32660,28.00831,00100
-94.33946,27.99633,00100
-94.35262,27.97980,00100
-94.35990,27.97419,00100
-94.37821,27.97166,00100
-94.40279,27.95238,00100
-94.40403,27.95174,00100
-94.42694,27.93029,00100
-94.43002,27.92239,00100
-94.44171,27.90805,00100
-94.45607,27.88900,00100
-94.45857,27.88584,00100
-94.47013,27.86354,00100
-94.47923,27.84122,00100
-94.47714,27.81873,00100
-94.48296,27.80983,00100
-94.50220,27.79663,00100
-94.50880,27.78553,00100
-94.51801,27.77440,00100
-94.53455,27.76522,00100
-94.56001,27.76087,00100
-94.57962,27.75281,00100
-94.58556,27.75111,00100
-94.61127,27.73124,00100
-94.61169,27.73079,00100
-94.63274,27.70862,00100
-94.63708,27.70563,00100
-94.66171,27.68655,00100
-94.66280,27.68483,00100
-94.67564,27.66428,00100
-94.67643,27.64184,00100
-94.67700,27.61939,00100
-94.68465,27.59704,00100
-94.68977,27.58755,00100
-94.70409,27.57483,00100
-94.71544,27.56665,00100
-94.73705,27.55280,00100
-94.74101,27.55132,00100
-94.76023,27.55309,00100
-94.76630,27.55418,00100
-94.76859,27.55319,00100
-94.79173,27.54657,00100
-94.81726,27.53336,00100
-94.82034,27.53137,00100
-94.84285,27.51558,00100
-94.84670,27.50923,00100
-94.86851,27.49191,00100
-94.87532,27.48711,00100
-94.89419,27.46628,00100
-94.89758,27.46491,00100
-94.90533,27.44255,00100
-94.91552,27.42022,00100
-94.92020,27.41599,00100
-94.94105,27.39805,00100
-94.94582,27.39242,00100
-94.96398,27.37585,00100
-94.97136,27.37377,00100
-94.99319,27.35372,00100
-94.99694,27.35166,00100
-95.01140,27.33146,00100
-95.01681,27.30907,00100
-95.02306,27.28742,00100
-95.02338,27.28670,00100
-95.02309,27.28424,00100
-95.02214,27.26424,00100
-95.02342,27.25970,00100
-95.03127,27.24188,00100
-95.02511,27.21938,00100
-95.03503,27.19703,00100
-95.03333,27.17457,00100
-95.04026,27.15220,00100
-95.04568,27.12981,00100
-95.05054,27.11404,00100
-95.05270,27.10744,00100
-95.06318,27.08510,00100
-95.06737,27.06271,00100
-95.07036,27.04029,00100
-95.06779,27.01783,00100
-95.07359,26.99545,00100
-95.07150,26.97299,00100
-95.07777,26.95397,00100
-95.08019,26.95063,00100
-95.08704,26.92827,00100
-95.08862,26.90585,00100
-95.07980,26.88332,00100
-95.07869,26.88070,00100
-95.07507,26.86084,00100
-95.07489,26.83840,00100
-95.06992,26.81591,00100
-95.07922,26.79358,00100
-95.07694,26.77112,00100
-95.08015,26.76447,00100
-95.09583,26.74887,00100
-95.10563,26.73498,00100
-95.11543,26.72663,00100
-95.13105,26.70998,00100
-95.13865,26.70442,00100
-95.15633,26.69583,00100
-95.18157,26.68368,00100
-95.18294,26.68240,00100
-95.19083,26.66004,00100
-95.19849,26.63768,00100
-95.20509,26.61531,00100
-95.20413,26.59287,00100
-95.20786,26.57048,00100
-95.20795,26.57017,00100
-95.21489,26.54811,00100
-95.22271,26.52575,00100
-95.23150,26.50341,00100
-95.23388,26.49264,00100
-95.23524,26.48101,00100
-95.23614,26.45860,00100
-95.23905,26.43620,00100
-95.23562,26.41374,00100
-95.23924,26.39135,00100
-95.23515,26.37604,00100
-95.23129,26.36886,00100
-95.22899,26.34642,00100
-95.21186,26.32384,00100
-95.21072,26.32226,00100
-95.19333,26.30126,00100
-95.18603,26.29477,00100
-95.16110,26.28730,00100
-95.13614,26.28385,00100
-95.12575,26.27820,00100
-95.11141,26.26102,00100
-95.10420,26.25557,00100
-95.08663,26.24293,00100
-95.08119,26.23293,00100
-95.07829,26.21048,00100
-95.07870,26.18806,00100
-95.08022,26.16566,00100
-95.07597,26.14320,00100
-95.07545,26.12078,00100
-95.06332,26.11016,00100
-95.04638,26.09807,00100
-95.03857,26.09361,00100
-95.01831,26.07537,00100
-95.01394,26.06791,00100
-94.99917,26.05275,00100
-94.99860,26.03033,00100
-94.99449,26.00787,00100
-94.98986,26.00228,00100
-94.96510,25.99019,00100
-94.95564,25.98503,00100
       </coordinates>
      </LinearRing>
     </outerBoundaryIs>
    </Polygon>
   </MultiGeometry>
  </Placemark>
  <Placemark>
   <name>Contour Level: 1.0E-14 mass/m3</name>
   <Snippet maxLines="0"></Snippet>
   <TimeSpan>
    <begin>2026-01-25T20:00:00Z</begin>
    <end>2026-01-25T21:00:00Z</end>
   </TimeSpan>
   <styleUrl>#conc3</styleUrl>
   <MultiGeometry>
    <Polygon>
     <extrude>1</extrude>
     <altitudeMode>clampToGround</altitudeMode>
     <outerBoundaryIs>
      <LinearRing>
       <coordinates>
-94.74646,26.56549,00300
-94.73165,26.55995,00300
-94.72139,26.56518,00300
-94.70622,26.58154,00300
-94.69829,26.58730,00300
-94.68085,26.59911,00300
-94.67396,26.60942,00300
-94.67242,26.63183,00300
-94.67439,26.65428,00300
-94.66762,26.67662,00300
-94.65426,26.68944,00300
-94.63989,26.69869,00300
-94.62889,26.70451,00300
-94.60358,26.71626,00300
-94.58891,26.72043,00300
-94.57831,26.72533,00300
-94.55309,26.73087,00300
-94.52780,26.74036,00300
-94.52394,26.74194,00300
-94.50247,26.75187,00300
-94.47717,26.76135,00300
-94.47517,26.76366,00300
-94.47144,26.78605,00300
-94.46190,26.80834,00300
-94.45972,26.83075,00300
-94.45847,26.85316,00300
-94.45840,26.87560,00300
-94.45190,26.89794,00300
-94.45016,26.92036,00300
-94.44903,26.92192,00300
-94.43580,26.94257,00300
-94.42316,26.95871,00300
-94.42024,26.96478,00300
-94.42199,26.98725,00300
-94.41837,27.00963,00300
-94.41737,27.03206,00300
-94.41304,27.05444,00300
-94.40814,27.07681,00300
-94.39537,27.09364,00300
-94.38577,27.09891,00300
-94.36986,27.10900,00300
-94.34454,27.12071,00300
-94.34441,27.12078,00300
-94.31920,27.12067,00300
-94.29364,27.13747,00300
-94.28942,27.14227,00300
-94.27160,27.16442,00300
-94.26762,27.17603,00300
-94.26486,27.18676,00300
-94.25845,27.20911,00300
-94.25714,27.23153,00300
-94.25839,27.25400,00300
-94.26073,27.27648,00300
-94.26509,27.29824,00300
-94.26531,27.29901,00300
-94.26651,27.32148,00300
-94.26732,27.34394,00300
-94.26428,27.36634,00300
-94.26376,27.38878,00300
-94.26291,27.40330,00300
-94.26246,27.41121,00300
-94.26270,27.41347,00300
-94.26487,27.43370,00300
-94.26962,27.45623,00300
-94.27708,27.47881,00300
-94.28651,27.48544,00300
-94.31179,27.48703,00300
-94.33701,27.49171,00300
-94.36240,27.48735,00300
-94.38773,27.48623,00300
-94.40089,27.48076,00300
-94.41334,27.47100,00300
-94.43884,27.46033,00300
-94.46414,27.46076,00300
-94.47337,27.45939,00300
-94.48956,27.45421,00300
-94.50871,27.45990,00300
-94.51475,27.46074,00300
-94.52493,27.46014,00300
-94.54015,27.45499,00300
-94.55857,27.43816,00300
-94.56583,27.43385,00300
-94.59138,27.41924,00300
-94.59332,27.41620,00300
-94.59176,27.39721,00300
-94.59095,27.39371,00300
-94.59184,27.39293,00300
-94.60365,27.37144,00300
-94.61765,27.36191,00300
-94.63439,27.34941,00300
-94.64321,27.34526,00300
-94.66681,27.32739,00300
-94.66882,27.32501,00300
-94.69428,27.31351,00300
-94.71964,27.30763,00300
-94.72585,27.30570,00300
-94.74501,27.30117,00300
-94.77040,27.29283,00300
-94.78912,27.28405,00300
-94.79587,27.27903,00300
-94.80456,27.26179,00300
-94.81176,27.23943,00300
-94.81484,27.21702,00300
-94.81756,27.19461,00300
-94.81491,27.17213,00300
-94.81675,27.14971,00300
-94.81560,27.12725,00300
-94.82094,27.10487,00300
-94.82387,27.09763,00300
-94.82908,27.08253,00300
-94.83254,27.06013,00300
-94.83334,27.03770,00300
-94.83200,27.01524,00300
-94.83430,26.99283,00300
-94.83296,26.97037,00300
-94.83326,26.94794,00300
-94.82761,26.92543,00300
-94.83096,26.90303,00300
-94.82962,26.88058,00300
-94.83041,26.85815,00300
-94.83219,26.83574,00300
-94.82809,26.81700,00300
-94.82746,26.81325,00300
-94.82822,26.80896,00300
-94.83192,26.79086,00300
-94.82864,26.78126,00300
-94.82369,26.76833,00300
-94.82594,26.74592,00300
-94.81649,26.72338,00300
-94.80621,26.70082,00300
-94.80479,26.69686,00300
-94.79642,26.67827,00300
-94.79335,26.65580,00300
-94.79829,26.63343,00300
-94.79737,26.61098,00300
-94.78220,26.58837,00300
-94.78138,26.58709,00300
-94.75648,26.57528,00300
-94.74646,26.56549,00300
       </coordinates>
      </LinearRing>
     </outerBoundaryIs>
    </Polygon>
   </MultiGeometry>
  </Placemark>
  <Placemark>
   <name>Maximum Value Grid Cell</name>
   <Snippet maxLines="0"></Snippet>
   <description><![CDATA[<pre>
LAT:   27.1686 LON:  -94.5453
Value: 1.4E-14
      The square represents the location
      of maximum concentration and the
      size of the square represents the
      concentration grid cell size.
    </pre>]]>
   </description>
   <TimeSpan>
    <begin>2026-01-25T20:00:00Z</begin>
    <end>2026-01-25T21:00:00Z</end>
   </TimeSpan>
   <styleUrl>#maxv</styleUrl>
   <Polygon>
    <extrude>1</extrude>
    <altitudeMode>clampToGround</altitudeMode>
    <outerBoundaryIs>
     <LinearRing>
      <coordinates>
        -94.57091,27.14651,00100
        -94.52048,27.14580,00100
        -94.51966,27.19068,00100
        -94.57011,27.19139,00100
        -94.57091,27.14651,00100
      </coordinates>
     </LinearRing>
    </outerBoundaryIs>
   </Polygon>
  </Placemark>
 </Folder>
 <Folder>
  <name><![CDATA[<pre>Concentration 
(Valid:20260125 2200UTC)</pre>]]>
  </name>
  <Snippet maxLines="3"><![CDATA[<pre>
Averaged from 00000 to 00100m
Valid:20260125 2200 UTC
NO PLUME RESULT</pre>]]>
  </Snippet>
  <description><![CDATA[<pre>
Averaged from 00000 to 00100m
Valid:20260125 2200 UTC

NO PLUME RESULT

It may be that 1) emission has not started yet; 2) the 
plume is out of range in latitude, in longitude, or in 
height from the user-defined concentration grid; or 3) 
no calculated values are above the output threshods.   
   </pre>]]>
  </description>
  <ScreenOverlay>
   <name>Legend</name>
   <Snippet maxLines="0"></Snippet>
   <TimeSpan>
    <begin>2026-01-25T21:00:00Z</begin>
    <end>2026-01-25T22:00:00Z</end>
   </TimeSpan>
   <Icon>
    <href>GELABEL_22_22130.gif</href>
   </Icon>
   <overlayXY x="0" y="1" xunits="fraction" yunits="fraction"/>
   <screenXY x="0" y="1" xunits="fraction" yunits="fraction"/>
   <rotationXY x="0" y="0" xunits="fraction" yunits="fraction"/>
   <size x="0" y="0" xunits="pixels" yunits="pixels"/>
  </ScreenOverlay>
 </Folder>
 <Folder>
  <name><![CDATA[<pre>Concentration 
(Valid:20260125 2300UTC)</pre>]]>
  </name>
  <Snippet maxLines="3"><![CDATA[<pre>
Averaged from 00000 to 00100m
Valid:20260125 2300 UTC
NO PLUME RESULT</pre>]]>
  </Snippet>
  <description><![CDATA[<pre>
Averaged from 00000 to 00100m
Valid:20260125 2300 UTC

NO PLUME RESULT

It may be that 1) emission has not started yet; 2) the 
plume is out of range in latitude, in longitude, or in 
height from the user-defined concentration grid; or 3) 
no calculated values are above the output threshods.   
   </pre>]]>
  </description>
  <ScreenOverlay>
   <name>Legend</name>
   <Snippet maxLines="0"></Snippet>
   <TimeSpan>
    <begin>2026-01-25T22:00:00Z</begin>
    <end>2026-01-25T23:00:00Z</end>
   </TimeSpan>
   <Icon>
    <href>GELABEL_23_22130.gif</href>
   </Icon>
   <overlayXY x="0" y="1" xunits="fraction" yunits="fraction"/>
   <screenXY x="0" y="1" xunits="fraction" yunits="fraction"/>
   <rotationXY x="0" y="0" xunits="fraction" yunits="fraction"/>
   <size x="0" y="0" xunits="pixels" yunits="pixels"/>
  </ScreenOverlay>
 </Folder>
 <Folder>
  <name><![CDATA[<pre>Concentration 
(Valid:20260126 0000UTC)</pre>]]>
  </name>
  <Snippet maxLines="3"><![CDATA[<pre>
Averaged from 00000 to 00100m
Valid:20260126 0000 UTC
NO PLUME RESULT</pre>]]>
  </Snippet>
  <description><![CDATA[<pre>
Averaged from 00000 to 00100m
Valid:20260126 0000 UTC

NO PLUME RESULT

It may be that 1) emission has not started yet; 2) the 
plume is out of range in latitude, in longitude, or in 
height from the user-defined concentration grid; or 3) 
no calculated values are above the output threshods.   
   </pre>]]>
  </description>
  <ScreenOverlay>
   <name>Legend</name>
   <Snippet maxLines="0"></Snippet>
   <TimeSpan>
    <begin>2026-01-25T23:00:00Z</begin>
    <end>2026-01-26T00:00:00Z</end>
   </TimeSpan>
   <Icon>
    <href>GELABEL_24_22130.gif</href>
   </Icon>
   <overlayXY x="0" y="1" xunits="fraction" yunits="fraction"/>
   <screenXY x="0" y="1" xunits="fraction" yunits="fraction"/>
   <rotationXY x="0" y="0" xunits="fraction" yunits="fraction"/>
   <size x="0" y="0" xunits="pixels" yunits="pixels"/>
  </ScreenOverlay>
 </Folder>
</Document>
</kml>
